P_fertilizer consumption by crop type,,,,,,,,,,,,,,,,,,
scenario,region,input,sector,1990,2005,2010,2015,2020,2025,2030,2035,2040,2045,2050,2065,2080,2095,Units
"DietaryTransition,date=2020-22-12T23:29:50+19:00",Africa_Eastern,P_fertilizer,Corn,0.007485737,0.012349111,0.01757442,0.023155105,0.029726865,0.034637412,0.039864069,0.04472766,0.049784743,0.054829435,0.059361945,0,0,0,Mt
"DietaryTransition,date=2020-22-12T23:29:50+19:00",Africa_Eastern,P_fertilizer,FiberCrop,2.44E-04,4.68E-04,6.78E-04,7.12E-04,7.07E-04,7.88E-04,8.61E-04,9.37E-04,0.001009232,0.001080261,0.001151266,0,0,0,Mt
"DietaryTransition,date=2020-22-12T23:29:50+19:00",Africa_Eastern,P_fertilizer,Fruits,2.41E-04,3.43E-04,4.24E-04,4.26E-04,4.19E-04,4.43E-04,4.64E-04,4.86E-04,5.01E-04,5.06E-04,5.05E-04,0,0,0,Mt
"DietaryTransition,date=2020-22-12T23:29:50+19:00",Africa_Eastern,P_fertilizer,Legumes,0.002559034,0.003452152,0.003811083,0.00597657,0.007365,0.008124058,0.008933647,0.0098212,0.010616265,0.011276671,0.011762362,0,0,0,Mt
"DietaryTransition,date=2020-22-12T23:29:50+19:00",Africa_Eastern,P_fertilizer,MiscCrop,1.48E-04,2.93E-04,4.11E-04,4.97E-04,3.50E-04,3.79E-04,4.00E-04,3.98E-04,3.96E-04,3.94E-04,3.94E-04,0,0,0,Mt
"DietaryTransition,date=2020-22-12T23:29:50+19:00",Africa_Eastern,P_fertilizer,NutsSeeds,2.80E-04,3.30E-04,6.12E-04,7.48E-04,0.001151476,0.001361484,0.001665382,0.002031714,0.002476088,0.003000458,0.003597433,0,0,0,Mt
"DietaryTransition,date=2020-22-12T23:29:50+19:00",Africa_Eastern,P_fertilizer,OilCrop,1.23E-04,4.25E-04,8.04E-04,8.11E-04,0.001078786,0.001246249,0.001456237,0.001747232,0.002106374,0.002537524,0.003016212,0,0,0,Mt
"DietaryTransition,date=2020-22-12T23:29:50+19:00",Africa_Eastern,P_fertilizer,OtherGrain,0.002243879,0.008552175,0.015550361,0.019381963,0.021754185,0.024240317,0.02713033,0.030592663,0.034578057,0.039184742,0.044402604,0,0,0,Mt
"DietaryTransition,date=2020-22-12T23:29:50+19:00",Africa_Eastern,P_fertilizer,PalmFruit,1.46E-04,2.76E-04,3.78E-04,3.82E-04,3.86E-04,4.39E-04,4.82E-04,4.90E-04,4.90E-04,4.85E-04,4.70E-04,0,0,0,Mt
"DietaryTransition,date=2020-22-12T23:29:50+19:00",Africa_Eastern,P_fertilizer,Rice,0.001311413,0.001396182,0.001921743,0.001724366,0.002089787,0.00241797,0.002825391,0.003322632,0.00392898,0.004682432,0.00554791,0,0,0,Mt
"DietaryTransition,date=2020-22-12T23:29:50+19:00",Africa_Eastern,P_fertilizer,RootTuber,8.94E-04,0.001783834,0.002499385,0.002546138,0.002810201,0.003116892,0.003491699,0.003902612,0.004388113,0.004948707,0.00561217,0,0,0,Mt
"DietaryTransition,date=2020-22-12T23:29:50+19:00",Africa_Eastern,P_fertilizer,Soybean,5.02E-05,2.26E-04,3.24E-04,2.04E-04,2.32E-04,2.64E-04,3.00E-04,3.59E-04,4.23E-04,4.92E-04,5.62E-04,0,0,0,Mt
"DietaryTransition,date=2020-22-12T23:29:50+19:00",Africa_Eastern,P_fertilizer,SugarCrop,4.00E-04,5.28E-04,7.05E-04,7.72E-04,8.16E-04,8.88E-04,9.55E-04,0.001013046,0.001069493,0.001124115,0.001170136,0,0,0,Mt
"DietaryTransition,date=2020-22-12T23:29:50+19:00",Africa_Eastern,P_fertilizer,Vegetables,1.39E-04,4.33E-04,5.76E-04,6.31E-04,0.001091359,0.001363829,0.001780972,0.002288693,0.002909792,0.00365526,0.004494716,0,0,0,Mt
"DietaryTransition,date=2020-22-12T23:29:50+19:00",Africa_Eastern,P_fertilizer,Wheat,0.002810125,0.009586767,0.017318636,0.023301536,0.02298697,0.024195755,0.025305494,0.027360183,0.029561369,0.031889177,0.034253437,0,0,0,Mt
"DietaryTransition,date=2020-22-12T23:29:50+19:00",Africa_Northern,P_fertilizer,Corn,0.014673843,0.015527058,0.022602084,0.023461614,0.023843606,0.02580451,0.027671223,0.0291337,0.03058929,0.032217327,0.033587828,0,0,0,Mt
"DietaryTransition,date=2020-22-12T23:29:50+19:00",Africa_Northern,P_fertilizer,FiberCrop,0.007541689,0.006201573,0.004759408,0.005013384,0.005219269,0.005496196,0.005714459,0.006042241,0.006271051,0.006463449,0.006639422,0,0,0,Mt
"DietaryTransition,date=2020-22-12T23:29:50+19:00",Africa_Northern,P_fertilizer,Fruits,0.001271483,0.001620433,0.002195265,0.002544419,0.002639255,0.002746313,0.002816734,0.002830875,0.002825395,0.002806006,0.00277302,0,0,0,Mt
"DietaryTransition,date=2020-22-12T23:29:50+19:00",Africa_Northern,P_fertilizer,Legumes,4.07E-04,6.75E-04,0.001266022,0.00171061,0.003485669,0.004110028,0.004890533,0.005501549,0.006059122,0.006569746,0.007036698,0,0,0,Mt
"DietaryTransition,date=2020-22-12T23:29:50+19:00",Africa_Northern,P_fertilizer,MiscCrop,6.15E-06,2.43E-05,2.73E-05,3.20E-05,1.29E-05,1.15E-05,9.73E-06,8.68E-06,7.78E-06,7.00E-06,6.33E-06,0,0,0,Mt
"DietaryTransition,date=2020-22-12T23:29:50+19:00",Africa_Northern,P_fertilizer,NutsSeeds,0.001418449,0.002584433,0.003248146,0.003085749,0.007452896,0.008952148,0.010929657,0.013067508,0.015286512,0.017567689,0.019867618,0,0,0,Mt
"DietaryTransition,date=2020-22-12T23:29:50+19:00",Africa_Northern,P_fertilizer,OilCrop,0.008853861,0.01347781,0.015735974,0.018119391,0.026194732,0.029575329,0.033117574,0.03651724,0.039694758,0.042616302,0.044444511,0,0,0,Mt
"DietaryTransition,date=2020-22-12T23:29:50+19:00",Africa_Northern,P_fertilizer,OtherGrain,0.016421225,0.015472703,0.017241934,0.018952997,0.017441991,0.018439544,0.019206139,0.019233281,0.019148741,0.019063035,0.018969857,0,0,0,Mt
"DietaryTransition,date=2020-22-12T23:29:50+19:00",Africa_Northern,P_fertilizer,Rice,0.005130843,0.009979833,0.011227661,0.010439011,0.014137304,0.016427486,0.019261553,0.022135331,0.025089963,0.02821012,0.031317072,0,0,0,Mt
"DietaryTransition,date=2020-22-12T23:29:50+19:00",Africa_Northern,P_fertilizer,RootTuber,0.001982556,0.002896237,0.004206307,0.004932802,0.006900642,0.008016461,0.009410725,0.010794319,0.012203926,0.013629372,0.015016059,0,0,0,Mt
"DietaryTransition,date=2020-22-12T23:29:50+19:00",Africa_Northern,P_fertilizer,Soybean,9.15E-04,2.97E-04,3.37E-04,4.40E-04,4.01E-04,3.99E-04,3.90E-04,3.88E-04,3.84E-04,3.83E-04,3.83E-04,0,0,0,Mt
"DietaryTransition,date=2020-22-12T23:29:50+19:00",Africa_Northern,P_fertilizer,SugarCrop,0.002819349,0.003929748,0.00523609,0.006158552,0.005963791,0.006132935,0.006222797,0.006275596,0.006360969,0.006478686,0.006562906,0,0,0,Mt
"DietaryTransition,date=2020-22-12T23:29:50+19:00",Africa_Northern,P_fertilizer,Vegetables,0.001587417,0.002787678,0.003279609,0.003050892,0.003405704,0.003461716,0.003484483,0.003496836,0.003475477,0.003412796,0.003330391,0,0,0,Mt
"DietaryTransition,date=2020-22-12T23:29:50+19:00",Africa_Northern,P_fertilizer,Wheat,0.030127816,0.041942617,0.05308227,0.070046641,0.072109805,0.078535427,0.085598077,0.092793828,0.099717562,0.10666316,0.113466949,0,0,0,Mt
"DietaryTransition,date=2020-22-12T23:29:50+19:00",Africa_Southern,P_fertilizer,Corn,0.009773325,0.005990493,0.007351986,0.008802483,0.011346794,0.014309108,0.017566039,0.021675795,0.026272989,0.031225396,0.036223935,0,0,0,Mt
"DietaryTransition,date=2020-22-12T23:29:50+19:00",Africa_Southern,P_fertilizer,FiberCrop,0.001670212,0.001179032,0.001355485,9.05E-04,8.94E-04,9.98E-04,0.001088596,0.001138333,0.001174014,0.001208414,0.001248001,0,0,0,Mt
"DietaryTransition,date=2020-22-12T23:29:50+19:00",Africa_Southern,P_fertilizer,Fruits,7.68E-05,7.85E-05,3.05E-04,4.45E-04,4.31E-04,4.64E-04,4.94E-04,5.21E-04,5.41E-04,5.62E-04,5.71E-04,0,0,0,Mt
"DietaryTransition,date=2020-22-12T23:29:50+19:00",Africa_Southern,P_fertilizer,Legumes,2.75E-04,2.67E-04,3.85E-04,5.34E-04,8.14E-04,0.001035603,0.001290641,0.001606461,0.00195502,0.002319034,0.002678239,0,0,0,Mt
"DietaryTransition,date=2020-22-12T23:29:50+19:00",Africa_Southern,P_fertilizer,MiscCrop,4.97E-04,1.85E-04,3.37E-04,4.50E-04,3.55E-04,3.67E-04,3.74E-04,3.71E-04,3.73E-04,3.71E-04,3.68E-04,0,0,0,Mt
"DietaryTransition,date=2020-22-12T23:29:50+19:00",Africa_Southern,P_fertilizer,NutsSeeds,6.02E-04,7.63E-04,0.001126341,0.001432914,0.002433052,0.002912033,0.003495012,0.004164498,0.004930511,0.005760183,0.006638113,0,0,0,Mt
"DietaryTransition,date=2020-22-12T23:29:50+19:00",Africa_Southern,P_fertilizer,OilCrop,3.00E-04,3.38E-05,6.05E-05,6.55E-05,8.77E-05,1.02E-04,1.19E-04,1.37E-04,1.59E-04,1.86E-04,2.16E-04,0,0,0,Mt
"DietaryTransition,date=2020-22-12T23:29:50+19:00",Africa_Southern,P_fertilizer,OtherGrain,8.12E-04,3.89E-04,5.15E-04,4.75E-04,5.68E-04,6.67E-04,7.77E-04,8.82E-04,0.001008231,0.001155777,0.001329695,0,0,0,Mt
"DietaryTransition,date=2020-22-12T23:29:50+19:00",Africa_Southern,P_fertilizer,PalmFruit,1.17E-05,1.70E-05,3.45E-05,3.31E-05,3.25E-05,3.53E-05,3.79E-05,4.02E-05,4.23E-05,4.38E-05,4.48E-05,0,0,0,Mt
"DietaryTransition,date=2020-22-12T23:29:50+19:00",Africa_Southern,P_fertilizer,Rice,1.14E-04,1.79E-04,3.57E-04,3.91E-04,5.72E-04,7.56E-04,9.88E-04,0.001137652,0.001316665,0.001542644,0.001804488,0,0,0,Mt
"DietaryTransition,date=2020-22-12T23:29:50+19:00",Africa_Southern,P_fertilizer,RootTuber,2.28E-04,3.34E-04,5.51E-04,5.43E-04,5.77E-04,6.39E-04,7.08E-04,7.99E-04,8.99E-04,0.001013186,0.001147022,0,0,0,Mt
"DietaryTransition,date=2020-22-12T23:29:50+19:00",Africa_Southern,P_fertilizer,Soybean,3.60E-04,2.47E-04,3.09E-04,4.42E-04,4.48E-04,4.85E-04,5.17E-04,5.25E-04,5.34E-04,5.42E-04,5.46E-04,0,0,0,Mt
"DietaryTransition,date=2020-22-12T23:29:50+19:00",Africa_Southern,P_fertilizer,SugarCrop,5.81E-04,2.09E-04,2.84E-04,3.26E-04,3.56E-04,3.95E-04,4.34E-04,4.74E-04,5.15E-04,5.54E-04,5.91E-04,0,0,0,Mt
"DietaryTransition,date=2020-22-12T23:29:50+19:00",Africa_Southern,P_fertilizer,Vegetables,5.61E-06,7.76E-06,3.91E-05,6.17E-05,1.02E-04,1.24E-04,1.55E-04,1.88E-04,2.29E-04,2.80E-04,3.40E-04,0,0,0,Mt
"DietaryTransition,date=2020-22-12T23:29:50+19:00",Africa_Southern,P_fertilizer,Wheat,7.55E-04,4.47E-04,1.76E-04,2.23E-04,2.20E-04,2.36E-04,2.51E-04,2.59E-04,2.68E-04,2.78E-04,2.89E-04,0,0,0,Mt
"DietaryTransition,date=2020-22-12T23:29:50+19:00",Africa_Western,P_fertilizer,Corn,0.007837088,0.004224746,0.006419789,0.007720924,0.00831381,0.009069416,0.009759397,0.010599037,0.011502304,0.012441766,0.013407662,0,0,0,Mt
"DietaryTransition,date=2020-22-12T23:29:50+19:00",Africa_Western,P_fertilizer,FiberCrop,8.18E-04,0.002550502,0.001507446,0.002061921,0.002077411,0.002208257,0.002297967,0.002379864,0.002467481,0.002555231,0.00264367,0,0,0,Mt
"DietaryTransition,date=2020-22-12T23:29:50+19:00",Africa_Western,P_fertilizer,Fruits,4.45E-05,6.36E-05,7.46E-05,8.75E-05,9.51E-05,1.06E-04,1.15E-04,1.24E-04,1.31E-04,1.36E-04,1.38E-04,0,0,0,Mt
"DietaryTransition,date=2020-22-12T23:29:50+19:00",Africa_Western,P_fertilizer,Legumes,0.002241715,0.003641947,0.00378737,0.004276635,0.005093602,0.005609735,0.006056154,0.006862577,0.007700937,0.00849215,0.009179584,0,0,0,Mt
"DietaryTransition,date=2020-22-12T23:29:50+19:00",Africa_Western,P_fertilizer,MiscCrop,4.84E-05,3.21E-05,2.57E-05,2.88E-05,1.76E-05,1.74E-05,1.61E-05,1.48E-05,1.37E-05,1.26E-05,1.17E-05,0,0,0,Mt
"DietaryTransition,date=2020-22-12T23:29:50+19:00",Africa_Western,P_fertilizer,NutsSeeds,0.001518415,0.002236412,0.00265902,0.002789382,0.003816635,0.00423315,0.004636483,0.00513274,0.005608082,0.00604025,0.006396909,0,0,0,Mt
"DietaryTransition,date=2020-22-12T23:29:50+19:00",Africa_Western,P_fertilizer,OilCrop,1.66E-04,3.55E-04,4.68E-04,5.15E-04,8.14E-04,0.001028598,0.001358964,0.001729191,0.00217303,0.002679713,0.003203815,0,0,0,Mt
"DietaryTransition,date=2020-22-12T23:29:50+19:00",Africa_Western,P_fertilizer,OtherGrain,0.0054317,0.007125463,0.006067851,0.005498727,0.00608673,0.006784227,0.007612181,0.008576113,0.009710719,0.011031634,0.012540036,0,0,0,Mt
"DietaryTransition,date=2020-22-12T23:29:50+19:00",Africa_Western,P_fertilizer,PalmFruit,3.24E-06,4.34E-06,8.63E-06,9.81E-06,1.09E-05,1.23E-05,1.35E-05,1.52E-05,1.69E-05,1.84E-05,1.99E-05,0,0,0,Mt
"DietaryTransition,date=2020-22-12T23:29:50+19:00",Africa_Western,P_fertilizer,Rice,0.002960882,0.003093904,0.003400209,0.004436362,0.005107335,0.005746509,0.006480844,0.007406768,0.008501912,0.009834385,0.011235822,0,0,0,Mt
"DietaryTransition,date=2020-22-12T23:29:50+19:00",Africa_Western,P_fertilizer,RootTuber,0.002629016,0.003148129,0.004207411,0.00512969,0.00571548,0.006379442,0.007158108,0.008140548,0.009252221,0.010505153,0.011920425,0,0,0,Mt
"DietaryTransition,date=2020-22-12T23:29:50+19:00",Africa_Western,P_fertilizer,Soybean,0.001610575,8.05E-04,7.67E-04,9.67E-04,0.001101605,0.001221013,0.001423465,0.001642557,0.001879447,0.002127493,0.002356298,0,0,0,Mt
"DietaryTransition,date=2020-22-12T23:29:50+19:00",Africa_Western,P_fertilizer,SugarCrop,2.79E-04,3.03E-04,2.17E-04,2.19E-04,2.38E-04,2.65E-04,2.88E-04,2.95E-04,3.06E-04,3.20E-04,3.30E-04,0,0,0,Mt
"DietaryTransition,date=2020-22-12T23:29:50+19:00",Africa_Western,P_fertilizer,Vegetables,4.89E-04,3.07E-04,5.49E-04,7.29E-04,8.91E-04,0.001042032,0.001271699,0.001513203,0.001762367,0.001994814,0.002189409,0,0,0,Mt
"DietaryTransition,date=2020-22-12T23:29:50+19:00",Africa_Western,P_fertilizer,Wheat,6.80E-05,5.49E-05,6.21E-05,7.03E-05,7.77E-05,8.97E-05,1.01E-04,1.17E-04,1.34E-04,1.54E-04,1.74E-04,0,0,0,Mt
"DietaryTransition,date=2020-22-12T23:29:50+19:00",Argentina,P_fertilizer,Corn,0.009435184,0.045530293,0.050012424,0.080289222,0.075750866,0.078306855,0.0805182,0.084066273,0.089096914,0.095544258,0.101347147,0,0,0,Mt
"DietaryTransition,date=2020-22-12T23:29:50+19:00",Argentina,P_fertilizer,FiberCrop,7.75E-04,7.00E-04,9.27E-04,0.001068309,0.001125591,0.001202191,0.001277986,0.001321031,0.001354077,0.001382416,0.001412465,0,0,0,Mt
"DietaryTransition,date=2020-22-12T23:29:50+19:00",Argentina,P_fertilizer,Fruits,1.39E-04,2.20E-04,1.95E-04,1.98E-04,2.07E-04,2.08E-04,2.07E-04,2.03E-04,1.98E-04,1.91E-04,1.83E-04,0,0,0,Mt
"DietaryTransition,date=2020-22-12T23:29:50+19:00",Argentina,P_fertilizer,Legumes,1.69E-04,2.17E-04,2.65E-04,3.23E-04,6.22E-04,7.43E-04,9.18E-04,0.001146604,0.001441539,0.0017938,0.002196195,0,0,0,Mt
"DietaryTransition,date=2020-22-12T23:29:50+19:00",Argentina,P_fertilizer,MiscCrop,2.27E-05,3.57E-05,3.03E-05,2.99E-05,2.22E-05,2.03E-05,1.83E-05,1.65E-05,1.50E-05,1.36E-05,1.25E-05,0,0,0,Mt
"DietaryTransition,date=2020-22-12T23:29:50+19:00",Argentina,P_fertilizer,NutsSeeds,3.35E-04,8.45E-04,9.83E-04,0.001613376,0.004176784,0.004875856,0.005723788,0.006420427,0.007093023,0.007703517,0.008233847,0,0,0,Mt
"DietaryTransition,date=2020-22-12T23:29:50+19:00",Argentina,P_fertilizer,OilCrop,0.004238341,0.009385712,0.006815616,0.005897059,0.008524794,0.009805606,0.011236355,0.012565721,0.013908916,0.015282828,0.016454843,0,0,0,Mt
"DietaryTransition,date=2020-22-12T23:29:50+19:00",Argentina,P_fertilizer,OtherGrain,0.002616688,0.007583669,0.012169381,0.013321998,0.012324955,0.012860124,0.013344994,0.013449307,0.013580275,0.01366597,0.013778196,0,0,0,Mt
"DietaryTransition,date=2020-22-12T23:29:50+19:00",Argentina,P_fertilizer,Rice,5.50E-04,0.002760559,0.003262526,0.00358386,0.004500846,0.005294286,0.006207664,0.007064546,0.007918111,0.00882425,0.00971363,0,0,0,Mt
"DietaryTransition,date=2020-22-12T23:29:50+19:00",Argentina,P_fertilizer,RootTuber,1.22E-04,1.44E-04,1.23E-04,1.35E-04,1.52E-04,1.65E-04,1.77E-04,1.89E-04,2.01E-04,2.12E-04,2.22E-04,0,0,0,Mt
"DietaryTransition,date=2020-22-12T23:29:50+19:00",Argentina,P_fertilizer,Soybean,0.0122165,0.108902596,0.113900455,0.142372692,0.134748684,0.136635166,0.136895939,0.133464336,0.129817209,0.127499404,0.125421567,0,0,0,Mt
"DietaryTransition,date=2020-22-12T23:29:50+19:00",Argentina,P_fertilizer,SugarCrop,3.68E-04,7.09E-04,7.20E-04,6.16E-04,6.34E-04,6.48E-04,6.59E-04,6.68E-04,6.77E-04,6.83E-04,6.87E-04,0,0,0,Mt
"DietaryTransition,date=2020-22-12T23:29:50+19:00",Argentina,P_fertilizer,Vegetables,2.27E-05,1.80E-05,1.47E-05,1.48E-05,1.68E-05,1.69E-05,1.65E-05,1.57E-05,1.46E-05,1.33E-05,1.20E-05,0,0,0,Mt
"DietaryTransition,date=2020-22-12T23:29:50+19:00",Argentina,P_fertilizer,Wheat,0.020713151,0.085963459,0.055793231,0.045103537,0.049420249,0.054753619,0.060979974,0.067155292,0.073589302,0.080165489,0.086910008,0,0,0,Mt
"DietaryTransition,date=2020-22-12T23:29:50+19:00",Australia_NZ,P_fertilizer,Corn,0.002651604,0.003214866,0.002972464,0.003329674,0.005046934,0.005867339,0.006385069,0.006940415,0.007619114,0.008402133,0.008799291,0,0,0,Mt
"DietaryTransition,date=2020-22-12T23:29:50+19:00",Australia_NZ,P_fertilizer,FiberCrop,0.001735189,0.001441236,0.001491584,0.002034786,0.001891076,0.001938083,0.001938336,0.001875342,0.001805455,0.001742823,0.001696925,0,0,0,Mt
"DietaryTransition,date=2020-22-12T23:29:50+19:00",Australia_NZ,P_fertilizer,Fruits,6.31E-04,0.001073099,0.001042161,0.001119387,0.00107183,0.001123678,0.001172826,0.001205051,0.001228171,0.001246798,0.001269197,0,0,0,Mt
"DietaryTransition,date=2020-22-12T23:29:50+19:00",Australia_NZ,P_fertilizer,Legumes,0.001464216,8.68E-04,6.95E-04,6.87E-04,0.001391552,0.001644193,0.001946689,0.002167689,0.002378592,0.002591653,0.002789844,0,0,0,Mt
"DietaryTransition,date=2020-22-12T23:29:50+19:00",Australia_NZ,P_fertilizer,MiscCrop,2.94E-06,1.02E-06,5.43E-07,3.35E-07,1.32E-07,1.23E-07,1.15E-07,1.07E-07,9.92E-08,9.19E-08,8.59E-08,0,0,0,Mt
"DietaryTransition,date=2020-22-12T23:29:50+19:00",Australia_NZ,P_fertilizer,NutsSeeds,7.81E-05,4.13E-05,4.99E-05,6.82E-05,2.04E-04,2.32E-04,2.59E-04,2.83E-04,3.03E-04,3.20E-04,3.35E-04,0,0,0,Mt
"DietaryTransition,date=2020-22-12T23:29:50+19:00",Australia_NZ,P_fertilizer,OilCrop,9.29E-04,0.006384406,0.007970477,0.012627013,0.019216546,0.023063246,0.02713516,0.029203335,0.031289693,0.033611388,0.035198216,0,0,0,Mt
"DietaryTransition,date=2020-22-12T23:29:50+19:00",Australia_NZ,P_fertilizer,OtherGrain,0.057533319,0.081893441,0.058277809,0.057091664,0.052299618,0.058143531,0.063299216,0.068831711,0.074312251,0.080213472,0.086631688,0,0,0,Mt
"DietaryTransition,date=2020-22-12T23:29:50+19:00",Australia_NZ,P_fertilizer,Rice,0.002877805,0.001373009,8.38E-04,0.001940579,0.002311807,0.00259328,0.002864209,0.003159818,0.003453065,0.003786076,0.004095937,0,0,0,Mt
"DietaryTransition,date=2020-22-12T23:29:50+19:00",Australia_NZ,P_fertilizer,RootTuber,4.83E-04,6.15E-04,5.93E-04,5.35E-04,5.60E-04,5.90E-04,6.21E-04,6.72E-04,7.17E-04,7.63E-04,8.08E-04,0,0,0,Mt
"DietaryTransition,date=2020-22-12T23:29:50+19:00",Australia_NZ,P_fertilizer,Soybean,2.94E-04,1.10E-04,1.20E-04,1.63E-04,1.76E-04,2.05E-04,2.29E-04,2.26E-04,2.24E-04,2.23E-04,2.23E-04,0,0,0,Mt
"DietaryTransition,date=2020-22-12T23:29:50+19:00",Australia_NZ,P_fertilizer,SugarCrop,0.002080385,0.002490657,0.001555139,0.001603639,0.00168948,0.001816549,0.001929036,0.002029579,0.002132119,0.002240153,0.002340644,0,0,0,Mt
"DietaryTransition,date=2020-22-12T23:29:50+19:00",Australia_NZ,P_fertilizer,Vegetables,1.09E-04,1.90E-04,1.81E-04,1.83E-04,3.78E-04,3.70E-04,3.58E-04,3.76E-04,3.87E-04,3.94E-04,3.97E-04,0,0,0,Mt
"DietaryTransition,date=2020-22-12T23:29:50+19:00",Australia_NZ,P_fertilizer,Wheat,0.145579765,0.208013416,0.206389357,0.202053064,0.219868299,0.257182201,0.298026077,0.321433073,0.344372548,0.368542341,0.392991493,0,0,0,Mt
"DietaryTransition,date=2020-22-12T23:29:50+19:00",Brazil,P_fertilizer,Corn,0.187548918,0.319638718,0.322967536,0.452838553,0.436353199,0.463661003,0.488651496,0.502566433,0.52090206,0.545275634,0.566864439,0,0,0,Mt
"DietaryTransition,date=2020-22-12T23:29:50+19:00",Brazil,P_fertilizer,FiberCrop,0.02133041,0.019277881,0.020298521,0.019506713,0.019966379,0.021524754,0.023020309,0.023872287,0.024481358,0.025060342,0.025774736,0,0,0,Mt
"DietaryTransition,date=2020-22-12T23:29:50+19:00",Brazil,P_fertilizer,Fruits,0.00794556,0.009943151,0.008868157,0.008654707,0.008927356,0.008991151,0.008927873,0.008820839,0.008642977,0.008398418,0.008114971,0,0,0,Mt
"DietaryTransition,date=2020-22-12T23:29:50+19:00",Brazil,P_fertilizer,Legumes,0.028384568,0.03496245,0.0358702,0.033925752,0.069998983,0.078764716,0.088832757,0.097222713,0.104332381,0.109737741,0.113318952,0,0,0,Mt
"DietaryTransition,date=2020-22-12T23:29:50+19:00",Brazil,P_fertilizer,MiscCrop,5.09E-04,0.001084955,9.22E-04,9.61E-04,6.27E-04,6.13E-04,5.85E-04,5.63E-04,5.41E-04,5.20E-04,4.99E-04,0,0,0,Mt
"DietaryTransition,date=2020-22-12T23:29:50+19:00",Brazil,P_fertilizer,NutsSeeds,0.003680591,0.005557093,0.006096064,0.006947131,0.016982122,0.019949555,0.02364262,0.025946899,0.027770718,0.029077533,0.02983028,0,0,0,Mt
"DietaryTransition,date=2020-22-12T23:29:50+19:00",Brazil,P_fertilizer,OilCrop,2.02E-04,8.69E-04,0.001310202,0.001204639,0.002350776,0.002915192,0.003703654,0.004371354,0.005090058,0.005860959,0.006617772,0,0,0,Mt
"DietaryTransition,date=2020-22-12T23:29:50+19:00",Brazil,P_fertilizer,OtherGrain,0.002651311,0.01421821,0.013073792,0.01502701,0.01440604,0.014705324,0.015037559,0.015254341,0.015351297,0.015303813,0.015233714,0,0,0,Mt
"DietaryTransition,date=2020-22-12T23:29:50+19:00",Brazil,P_fertilizer,PalmFruit,0.002901278,0.008444941,0.006617122,0.00669289,0.006472734,0.006502829,0.006397444,0.006198049,0.005949548,0.005672055,0.005371591,0,0,0,Mt
"DietaryTransition,date=2020-22-12T23:29:50+19:00",Brazil,P_fertilizer,Rice,0.061747584,0.070578345,0.054381666,0.053897931,0.064396186,0.072859185,0.083108512,0.091152069,0.098917867,0.106933534,0.114675566,0,0,0,Mt
"DietaryTransition,date=2020-22-12T23:29:50+19:00",Brazil,P_fertilizer,RootTuber,0.00568338,0.007647466,0.007256234,0.006725221,0.006189917,0.006328648,0.006428958,0.006529024,0.006592089,0.0066211,0.006615182,0,0,0,Mt
"DietaryTransition,date=2020-22-12T23:29:50+19:00",Brazil,P_fertilizer,Soybean,0.226296457,0.748901594,0.78143815,1.060555719,1.049934649,1.102294677,1.144034062,1.171265594,1.195211026,1.227144309,1.258989451,0,0,0,Mt
"DietaryTransition,date=2020-22-12T23:29:50+19:00",Brazil,P_fertilizer,SugarCrop,0.048941846,0.112498796,0.159521814,0.170798013,0.188761585,0.205198929,0.223898087,0.242709624,0.265583428,0.302992267,0.340641909,0,0,0,Mt
"DietaryTransition,date=2020-22-12T23:29:50+19:00",Brazil,P_fertilizer,Vegetables,5.85E-04,9.88E-04,0.001010384,0.001050256,0.002851111,0.003321589,0.003914915,0.004451792,0.004960568,0.005411474,0.005783809,0,0,0,Mt
"DietaryTransition,date=2020-22-12T23:29:50+19:00",Brazil,P_fertilizer,Wheat,0.042170459,0.048720399,0.052906673,0.056424573,0.060392198,0.066228937,0.07312044,0.078641979,0.084079773,0.088986299,0.094121468,0,0,0,Mt
"DietaryTransition,date=2020-22-12T23:29:50+19:00",Canada,P_fertilizer,Corn,0.021051709,0.027328753,0.028699004,0.033950856,0.033809754,0.036290148,0.037810136,0.040465369,0.044068453,0.048862618,0.052444103,0,0,0,Mt
"DietaryTransition,date=2020-22-12T23:29:50+19:00",Canada,P_fertilizer,FiberCrop,2.58E-04,2.47E-04,1.61E-04,1.52E-04,1.48E-04,1.53E-04,1.56E-04,1.59E-04,1.60E-04,1.63E-04,1.65E-04,0,0,0,Mt
"DietaryTransition,date=2020-22-12T23:29:50+19:00",Canada,P_fertilizer,Fruits,1.60E-04,1.06E-04,9.82E-05,1.17E-04,1.14E-04,1.17E-04,1.18E-04,1.17E-04,1.16E-04,1.14E-04,1.12E-04,0,0,0,Mt
"DietaryTransition,date=2020-22-12T23:29:50+19:00",Canada,P_fertilizer,Legumes,0.001211895,0.007747791,0.008607973,0.010962329,0.017055461,0.017948853,0.018946749,0.020189593,0.021270025,0.022154074,0.022867873,0,0,0,Mt
"DietaryTransition,date=2020-22-12T23:29:50+19:00",Canada,P_fertilizer,MiscCrop,2.00E-04,1.07E-04,8.99E-05,7.30E-05,3.66E-05,3.62E-05,3.48E-05,3.30E-05,3.11E-05,2.94E-05,2.80E-05,0,0,0,Mt
"DietaryTransition,date=2020-22-12T23:29:50+19:00",Canada,P_fertilizer,OilCrop,0.029293332,0.059269056,0.084034046,0.112140842,0.153587876,0.17478333,0.196377344,0.214602966,0.233773122,0.255120014,0.273888617,0,0,0,Mt
"DietaryTransition,date=2020-22-12T23:29:50+19:00",Canada,P_fertilizer,OtherGrain,0.038760748,0.039711862,0.028032024,0.027661619,0.021086571,0.021207798,0.021036075,0.020526342,0.020057379,0.019657026,0.019394556,0,0,0,Mt
"DietaryTransition,date=2020-22-12T23:29:50+19:00",Canada,P_fertilizer,RootTuber,7.37E-04,0.001154805,0.00125191,0.001258647,0.001436122,0.00155419,0.001651705,0.00173692,0.00180429,0.001857054,0.00189572,0,0,0,Mt
"DietaryTransition,date=2020-22-12T23:29:50+19:00",Canada,P_fertilizer,Soybean,0.008101296,0.01910704,0.024044907,0.034872946,0.032489095,0.034250695,0.035413388,0.033429613,0.031551806,0.030148201,0.028977213,0,0,0,Mt
"DietaryTransition,date=2020-22-12T23:29:50+19:00",Canada,P_fertilizer,SugarCrop,1.44E-04,9.58E-05,6.95E-05,6.93E-05,5.74E-05,5.73E-05,5.65E-05,5.37E-05,5.27E-05,5.32E-05,5.35E-05,0,0,0,Mt
"DietaryTransition,date=2020-22-12T23:29:50+19:00",Canada,P_fertilizer,Vegetables,4.69E-05,4.30E-05,3.30E-05,3.06E-05,5.93E-05,6.33E-05,6.79E-05,7.27E-05,7.73E-05,8.17E-05,8.60E-05,0,0,0,Mt
"DietaryTransition,date=2020-22-12T23:29:50+19:00",Canada,P_fertilizer,Wheat,0.146033227,0.121105825,0.115628944,0.150898074,0.155666355,0.17502159,0.195408342,0.20621102,0.216727435,0.227452724,0.23877089,0,0,0,Mt
"DietaryTransition,date=2020-22-12T23:29:50+19:00",Central America and Caribbean,P_fertilizer,Corn,0.007436165,0.009022134,0.009874264,0.010647138,0.010697254,0.011248339,0.011693834,0.012200782,0.012712267,0.013264976,0.013755898,0,0,0,Mt
"DietaryTransition,date=2020-22-12T23:29:50+19:00",Central America and Caribbean,P_fertilizer,FiberCrop,4.94E-04,2.20E-05,1.64E-05,1.60E-05,1.70E-05,1.88E-05,2.04E-05,2.18E-05,2.30E-05,2.43E-05,2.56E-05,0,0,0,Mt
"DietaryTransition,date=2020-22-12T23:29:50+19:00",Central America and Caribbean,P_fertilizer,Fruits,7.40E-04,8.72E-04,8.54E-04,0.001011003,0.001060965,0.001079798,0.001091327,0.001103819,0.00110331,0.001096689,0.001082255,0,0,0,Mt
"DietaryTransition,date=2020-22-12T23:29:50+19:00",Central America and Caribbean,P_fertilizer,Legumes,0.001492897,0.00238255,0.002702724,0.003266344,0.004069223,0.004376943,0.004693254,0.004983173,0.005249939,0.005487942,0.005684336,0,0,0,Mt
"DietaryTransition,date=2020-22-12T23:29:50+19:00",Central America and Caribbean,P_fertilizer,MiscCrop,1.15E-04,1.25E-04,8.72E-05,8.90E-05,4.41E-05,4.23E-05,3.88E-05,3.51E-05,3.19E-05,2.90E-05,2.64E-05,0,0,0,Mt
"DietaryTransition,date=2020-22-12T23:29:50+19:00",Central America and Caribbean,P_fertilizer,NutsSeeds,2.01E-04,2.83E-04,2.65E-04,2.68E-04,5.51E-04,6.10E-04,6.79E-04,7.44E-04,8.07E-04,8.65E-04,9.17E-04,0,0,0,Mt
"DietaryTransition,date=2020-22-12T23:29:50+19:00",Central America and Caribbean,P_fertilizer,OilCrop,2.81E-04,5.30E-04,4.00E-04,5.88E-04,0.001013952,0.001268254,0.001550368,0.001895633,0.002317423,0.002822713,0.003289894,0,0,0,Mt
"DietaryTransition,date=2020-22-12T23:29:50+19:00",Central America and Caribbean,P_fertilizer,OtherGrain,0.001458606,6.76E-04,6.93E-04,7.16E-04,7.14E-04,7.49E-04,7.78E-04,7.99E-04,8.18E-04,8.36E-04,8.52E-04,0,0,0,Mt
"DietaryTransition,date=2020-22-12T23:29:50+19:00",Central America and Caribbean,P_fertilizer,PalmFruit,6.48E-04,6.44E-04,5.06E-04,7.02E-04,7.54E-04,8.03E-04,8.48E-04,8.63E-04,8.72E-04,8.90E-04,8.85E-04,0,0,0,Mt
"DietaryTransition,date=2020-22-12T23:29:50+19:00",Central America and Caribbean,P_fertilizer,Rice,0.002530644,0.002635316,0.003918045,0.003941373,0.004491663,0.004824421,0.005142478,0.005631688,0.006163089,0.006780909,0.007357344,0,0,0,Mt
"DietaryTransition,date=2020-22-12T23:29:50+19:00",Central America and Caribbean,P_fertilizer,RootTuber,4.44E-04,6.71E-04,5.25E-04,5.62E-04,5.64E-04,5.92E-04,6.16E-04,6.64E-04,7.09E-04,7.49E-04,7.85E-04,0,0,0,Mt
"DietaryTransition,date=2020-22-12T23:29:50+19:00",Central America and Caribbean,P_fertilizer,Soybean,1.54E-04,2.00E-04,1.72E-04,1.98E-04,1.75E-04,1.74E-04,1.70E-04,1.62E-04,1.56E-04,1.53E-04,1.51E-04,0,0,0,Mt
"DietaryTransition,date=2020-22-12T23:29:50+19:00",Central America and Caribbean,P_fertilizer,SugarCrop,0.020388373,0.00767685,0.007365432,0.009206281,0.009618233,0.010148793,0.010584225,0.010838085,0.011117765,0.011458934,0.011719627,0,0,0,Mt
"DietaryTransition,date=2020-22-12T23:29:50+19:00",Central America and Caribbean,P_fertilizer,Vegetables,1.58E-04,2.84E-04,3.33E-04,3.51E-04,4.39E-04,4.62E-04,4.83E-04,4.97E-04,5.08E-04,5.14E-04,5.16E-04,0,0,0,Mt
"DietaryTransition,date=2020-22-12T23:29:50+19:00",Central America and Caribbean,P_fertilizer,Wheat,2.47E-04,9.61E-05,6.13E-05,1.71E-05,1.74E-05,1.89E-05,2.04E-05,2.08E-05,2.12E-05,2.15E-05,2.17E-05,0,0,0,Mt
"DietaryTransition,date=2020-22-12T23:29:50+19:00",Central Asia,P_fertilizer,Corn,0.002206336,7.89E-04,8.00E-04,0.001019771,9.78E-04,9.99E-04,0.001010757,0.001013643,0.001017293,0.001023754,0.001028327,0,0,0,Mt
"DietaryTransition,date=2020-22-12T23:29:50+19:00",Central Asia,P_fertilizer,FiberCrop,0.028708938,0.021746925,0.0243246,0.023403674,0.022878693,0.023606405,0.024086438,0.023616287,0.023096722,0.022651063,0.022304428,0,0,0,Mt
"DietaryTransition,date=2020-22-12T23:29:50+19:00",Central Asia,P_fertilizer,Fruits,0.001433667,6.28E-04,8.17E-04,0.001137617,0.001179915,0.001198533,0.001193188,0.001180281,0.001159538,0.001138122,0.0011214,0,0,0,Mt
"DietaryTransition,date=2020-22-12T23:29:50+19:00",Central Asia,P_fertilizer,Legumes,6.95E-05,5.39E-05,6.39E-05,8.55E-05,1.37E-04,1.55E-04,1.80E-04,2.07E-04,2.34E-04,2.60E-04,2.82E-04,0,0,0,Mt
"DietaryTransition,date=2020-22-12T23:29:50+19:00",Central Asia,P_fertilizer,MiscCrop,1.44E-04,4.76E-05,1.94E-05,1.46E-05,7.01E-06,5.87E-06,4.85E-06,4.12E-06,3.53E-06,3.07E-06,2.73E-06,0,0,0,Mt
"DietaryTransition,date=2020-22-12T23:29:50+19:00",Central Asia,P_fertilizer,NutsSeeds,1.06E-04,1.11E-04,1.55E-04,2.11E-04,7.94E-04,0.001095516,0.001494974,0.001896128,0.002287297,0.002646007,0.002955139,0,0,0,Mt
"DietaryTransition,date=2020-22-12T23:29:50+19:00",Central Asia,P_fertilizer,OilCrop,4.47E-04,3.05E-04,3.89E-04,7.42E-04,0.001631887,0.002112037,0.002513924,0.002922263,0.003349025,0.003770847,0.004035727,0,0,0,Mt
"DietaryTransition,date=2020-22-12T23:29:50+19:00",Central Asia,P_fertilizer,OtherGrain,0.007728196,0.001417032,0.002120757,0.002790131,0.002575701,0.002586377,0.0025636,0.002622887,0.002669029,0.002699621,0.00271857,0,0,0,Mt
"DietaryTransition,date=2020-22-12T23:29:50+19:00",Central Asia,P_fertilizer,Rice,0.002258613,5.22E-04,3.88E-04,5.34E-04,6.60E-04,7.42E-04,8.27E-04,9.05E-04,9.77E-04,0.001049191,0.001115199,0,0,0,Mt
"DietaryTransition,date=2020-22-12T23:29:50+19:00",Central Asia,P_fertilizer,RootTuber,3.46E-04,5.47E-04,7.86E-04,9.08E-04,9.82E-04,0.001054393,0.001119917,0.001172542,0.001213878,0.001243647,0.001258857,0,0,0,Mt
"DietaryTransition,date=2020-22-12T23:29:50+19:00",Central Asia,P_fertilizer,Soybean,2.93E-05,2.69E-05,3.87E-05,7.39E-05,6.80E-05,6.69E-05,6.53E-05,6.38E-05,6.25E-05,6.15E-05,6.07E-05,0,0,0,Mt
"DietaryTransition,date=2020-22-12T23:29:50+19:00",Central Asia,P_fertilizer,SugarCrop,4.83E-04,5.65E-05,5.52E-05,5.60E-05,5.81E-05,6.31E-05,6.68E-05,6.59E-05,6.67E-05,6.93E-05,7.13E-05,0,0,0,Mt
"DietaryTransition,date=2020-22-12T23:29:50+19:00",Central Asia,P_fertilizer,Vegetables,3.46E-04,2.37E-04,2.88E-04,3.76E-04,3.71E-04,3.68E-04,3.55E-04,3.39E-04,3.22E-04,3.03E-04,2.86E-04,0,0,0,Mt
"DietaryTransition,date=2020-22-12T23:29:50+19:00",Central Asia,P_fertilizer,Wheat,0.05699947,0.024432341,0.031205451,0.030509587,0.030428197,0.031756719,0.033112392,0.035008501,0.036732252,0.038388364,0.03985306,0,0,0,Mt
"DietaryTransition,date=2020-22-12T23:29:50+19:00",China,P_fertilizer,Corn,0.307574083,0.633465417,0.843973776,1.085201816,1.057546052,1.0778465,1.090210761,1.089434672,1.085338176,1.078303778,1.057335723,0,0,0,Mt
"DietaryTransition,date=2020-22-12T23:29:50+19:00",China,P_fertilizer,FiberCrop,0.195312482,0.279928514,0.289659447,0.260674804,0.240659676,0.239160759,0.236702105,0.237334106,0.236542123,0.235221708,0.232755,0,0,0,Mt
"DietaryTransition,date=2020-22-12T23:29:50+19:00",China,P_fertilizer,Fruits,0.021453784,0.073006336,0.082094693,0.098168047,0.084337223,0.082334994,0.080254645,0.078045025,0.075532284,0.072744603,0.069768305,0,0,0,Mt
"DietaryTransition,date=2020-22-12T23:29:50+19:00",China,P_fertilizer,Legumes,0.009642508,0.015485667,0.014320955,0.013425458,0.020823939,0.021993419,0.023811668,0.024974318,0.026145172,0.027419888,0.028885268,0,0,0,Mt
"DietaryTransition,date=2020-22-12T23:29:50+19:00",China,P_fertilizer,MiscCrop,0.016889274,0.017295502,0.021995395,0.024711683,0.013329638,0.013117856,0.012776772,0.012433748,0.012055195,0.011646984,0.011212916,0,0,0,Mt
"DietaryTransition,date=2020-22-12T23:29:50+19:00",China,P_fertilizer,NutsSeeds,0.038840479,0.097983373,0.102336042,0.109185363,0.265373187,0.282433901,0.295493383,0.304070648,0.30946024,0.31242955,0.313113077,0,0,0,Mt
"DietaryTransition,date=2020-22-12T23:29:50+19:00",China,P_fertilizer,OilCrop,0.062322352,0.129902064,0.152618473,0.167256588,0.254166922,0.278651002,0.299946308,0.319766756,0.338712515,0.357965612,0.370508779,0,0,0,Mt
"DietaryTransition,date=2020-22-12T23:29:50+19:00",China,P_fertilizer,OtherGrain,0.026075954,0.019013614,0.01701161,0.020850553,0.01862967,0.019254256,0.019704976,0.019704811,0.019626137,0.019546972,0.019500204,0,0,0,Mt
"DietaryTransition,date=2020-22-12T23:29:50+19:00",China,P_fertilizer,PalmFruit,4.16E-05,2.32E-04,2.82E-04,2.62E-04,2.52E-04,2.57E-04,2.61E-04,2.59E-04,2.55E-04,2.52E-04,2.46E-04,0,0,0,Mt
"DietaryTransition,date=2020-22-12T23:29:50+19:00",China,P_fertilizer,Rice,0.684600136,0.929418151,1.060746121,1.1066543,1.342001311,1.584605814,1.770936732,1.894365448,1.97801879,2.030911031,2.050687238,0,0,0,Mt
"DietaryTransition,date=2020-22-12T23:29:50+19:00",China,P_fertilizer,RootTuber,0.041327311,0.051646532,0.055087103,0.058490144,0.074280235,0.086574732,0.096324833,0.103049834,0.107748293,0.110816677,0.112161811,0,0,0,Mt
"DietaryTransition,date=2020-22-12T23:29:50+19:00",China,P_fertilizer,Soybean,0.113155639,0.23031104,0.224380142,0.183600508,0.154592742,0.148159137,0.142875851,0.135364458,0.129320454,0.125624596,0.122622111,0,0,0,Mt
"DietaryTransition,date=2020-22-12T23:29:50+19:00",China,P_fertilizer,SugarCrop,0.043004127,0.075158361,0.093556729,0.093382753,0.09035342,0.090236833,0.089613274,0.088345582,0.08683952,0.085119362,0.082984331,0,0,0,Mt
"DietaryTransition,date=2020-22-12T23:29:50+19:00",China,P_fertilizer,Vegetables,0.00527267,0.031286534,0.035351989,0.039199605,0.038763527,0.038755814,0.038559327,0.03816781,0.037539766,0.03672154,0.035755235,0,0,0,Mt
"DietaryTransition,date=2020-22-12T23:29:50+19:00",China,P_fertilizer,Wheat,0.786727519,0.951849079,1.108811009,1.210743055,1.458340222,1.710838163,1.90870189,2.034627703,2.119804742,2.172229732,2.190330252,0,0,0,Mt
"DietaryTransition,date=2020-22-12T23:29:50+19:00",Colombia,P_fertilizer,Corn,0.009273448,0.013485964,0.013959737,0.014215082,0.012690469,0.012758162,0.012835221,0.013522131,0.014187145,0.014920833,0.015617239,0,0,0,Mt
"DietaryTransition,date=2020-22-12T23:29:50+19:00",Colombia,P_fertilizer,FiberCrop,0.001025286,4.64E-04,3.99E-04,4.28E-04,4.35E-04,4.65E-04,4.91E-04,5.02E-04,5.11E-04,5.19E-04,5.27E-04,0,0,0,Mt
"DietaryTransition,date=2020-22-12T23:29:50+19:00",Colombia,P_fertilizer,Fruits,1.34E-04,3.42E-04,6.51E-04,8.40E-04,7.98E-04,7.97E-04,7.87E-04,7.66E-04,7.37E-04,7.01E-04,6.63E-04,0,0,0,Mt
"DietaryTransition,date=2020-22-12T23:29:50+19:00",Colombia,P_fertilizer,Legumes,0.001790267,0.001957589,0.002206187,0.00217285,0.003119767,0.003382791,0.00365067,0.003859245,0.004034221,0.004187353,0.004311929,0,0,0,Mt
"DietaryTransition,date=2020-22-12T23:29:50+19:00",Colombia,P_fertilizer,MiscCrop,1.97E-06,3.96E-06,4.32E-06,5.19E-06,3.30E-06,3.30E-06,3.23E-06,3.16E-06,3.09E-06,3.03E-06,2.96E-06,0,0,0,Mt
"DietaryTransition,date=2020-22-12T23:29:50+19:00",Colombia,P_fertilizer,NutsSeeds,3.23E-05,2.06E-05,2.65E-05,7.09E-05,2.23E-04,2.77E-04,3.35E-04,3.94E-04,4.54E-04,5.11E-04,5.62E-04,0,0,0,Mt
"DietaryTransition,date=2020-22-12T23:29:50+19:00",Colombia,P_fertilizer,OilCrop,7.93E-05,3.64E-05,2.85E-05,3.40E-05,1.48E-04,1.93E-04,2.30E-04,2.66E-04,3.04E-04,3.41E-04,3.65E-04,0,0,0,Mt
"DietaryTransition,date=2020-22-12T23:29:50+19:00",Colombia,P_fertilizer,OtherGrain,0.003629128,0.00161611,8.68E-04,2.79E-04,2.61E-04,2.72E-04,2.81E-04,2.75E-04,2.70E-04,2.68E-04,2.67E-04,0,0,0,Mt
"DietaryTransition,date=2020-22-12T23:29:50+19:00",Colombia,P_fertilizer,PalmFruit,4.60E-06,6.73E-06,6.43E-06,9.98E-06,1.03E-05,1.08E-05,1.13E-05,1.16E-05,1.18E-05,1.21E-05,1.22E-05,0,0,0,Mt
"DietaryTransition,date=2020-22-12T23:29:50+19:00",Colombia,P_fertilizer,Rice,0.007399466,0.013068755,0.018347993,0.015679141,0.017272546,0.018742884,0.020147934,0.021385932,0.022567627,0.02372872,0.024723618,0,0,0,Mt
"DietaryTransition,date=2020-22-12T23:29:50+19:00",Colombia,P_fertilizer,RootTuber,0.002085915,0.003434749,0.003760665,0.003999046,0.003822096,0.004012888,0.00418245,0.004328254,0.004448227,0.004544282,0.004612233,0,0,0,Mt
"DietaryTransition,date=2020-22-12T23:29:50+19:00",Colombia,P_fertilizer,Soybean,5.79E-04,4.21E-04,4.55E-04,5.98E-04,5.50E-04,5.59E-04,5.64E-04,5.50E-04,5.35E-04,5.26E-04,5.15E-04,0,0,0,Mt
"DietaryTransition,date=2020-22-12T23:29:50+19:00",Colombia,P_fertilizer,SugarCrop,0.009097319,0.023559772,0.02106643,0.024994349,0.028190915,0.031537537,0.035006917,0.039075886,0.044293338,0.051162472,0.058143208,0,0,0,Mt
"DietaryTransition,date=2020-22-12T23:29:50+19:00",Colombia,P_fertilizer,Vegetables,2.05E-04,2.69E-04,3.04E-04,3.43E-04,0.001761177,0.002202844,0.002661206,0.003133071,0.003604268,0.004035974,0.004403373,0,0,0,Mt
"DietaryTransition,date=2020-22-12T23:29:50+19:00",Colombia,P_fertilizer,Wheat,6.15E-04,4.14E-04,2.22E-04,8.64E-05,8.90E-05,9.46E-05,1.00E-04,1.09E-04,1.18E-04,1.28E-04,1.37E-04,0,0,0,Mt
"DietaryTransition,date=2020-22-12T23:29:50+19:00",EU-12,P_fertilizer,Corn,0.038177481,0.03221441,0.028969666,0.0394625,0.034373481,0.034335635,0.033996676,0.034201438,0.03517287,0.036839911,0.038241057,0,0,0,Mt
"DietaryTransition,date=2020-22-12T23:29:50+19:00",EU-12,P_fertilizer,FiberCrop,6.77E-05,1.40E-05,1.05E-06,1.26E-06,1.55E-06,1.52E-06,1.50E-06,1.48E-06,1.44E-06,1.41E-06,1.38E-06,0,0,0,Mt
"DietaryTransition,date=2020-22-12T23:29:50+19:00",EU-12,P_fertilizer,Fruits,0.002414915,0.00245989,0.00252333,0.002894519,0.00329296,0.003212183,0.003101979,0.002973571,0.002850568,0.002732015,0.002617469,0,0,0,Mt
"DietaryTransition,date=2020-22-12T23:29:50+19:00",EU-12,P_fertilizer,Legumes,0.002896393,0.001742825,0.002114458,0.004160623,0.008657913,0.01008602,0.011607503,0.012440724,0.013206919,0.01380881,0.014291818,0,0,0,Mt
"DietaryTransition,date=2020-22-12T23:29:50+19:00",EU-12,P_fertilizer,MiscCrop,9.15E-04,6.96E-04,4.29E-04,4.61E-04,1.48E-04,1.30E-04,1.15E-04,1.03E-04,9.49E-05,8.83E-05,8.32E-05,0,0,0,Mt
"DietaryTransition,date=2020-22-12T23:29:50+19:00",EU-12,P_fertilizer,NutsSeeds,1.53E-04,4.12E-04,3.90E-04,2.67E-04,0.001201715,0.001513688,0.001852335,0.002114657,0.002364547,0.002593305,0.002807674,0,0,0,Mt
"DietaryTransition,date=2020-22-12T23:29:50+19:00",EU-12,P_fertilizer,OilCrop,0.010672782,0.017423643,0.020849105,0.027559958,0.03512279,0.036674584,0.037923142,0.039228901,0.04080932,0.042642337,0.044113869,0,0,0,Mt
"DietaryTransition,date=2020-22-12T23:29:50+19:00",EU-12,P_fertilizer,OtherGrain,0.020332149,0.018254933,0.016870346,0.016148597,0.013558795,0.013576003,0.013457056,0.012737901,0.012164667,0.011633652,0.011196481,0,0,0,Mt
"DietaryTransition,date=2020-22-12T23:29:50+19:00",EU-12,P_fertilizer,Rice,4.26E-04,8.50E-05,1.21E-04,1.25E-04,1.60E-04,1.73E-04,1.86E-04,1.99E-04,2.11E-04,2.25E-04,2.38E-04,0,0,0,Mt
"DietaryTransition,date=2020-22-12T23:29:50+19:00",EU-12,P_fertilizer,RootTuber,0.026487681,0.010951061,0.008498089,0.00664239,0.007253357,0.007451842,0.007594922,0.007660626,0.007704371,0.007718271,0.007699096,0,0,0,Mt
"DietaryTransition,date=2020-22-12T23:29:50+19:00",EU-12,P_fertilizer,Soybean,0.002266432,0.001061148,5.17E-04,8.92E-04,7.63E-04,6.56E-04,5.74E-04,5.57E-04,5.39E-04,5.23E-04,5.07E-04,0,0,0,Mt
"DietaryTransition,date=2020-22-12T23:29:50+19:00",EU-12,P_fertilizer,SugarCrop,0.010187835,0.009408331,0.006808822,0.007313262,0.007390789,0.007512713,0.007617816,0.007891814,0.008597533,0.009815898,0.010923414,0,0,0,Mt
"DietaryTransition,date=2020-22-12T23:29:50+19:00",EU-12,P_fertilizer,Vegetables,6.48E-04,6.27E-04,5.02E-04,4.85E-04,9.39E-04,9.69E-04,9.84E-04,9.80E-04,9.70E-04,9.57E-04,9.42E-04,0,0,0,Mt
"DietaryTransition,date=2020-22-12T23:29:50+19:00",EU-12,P_fertilizer,Wheat,0.046029917,0.054160235,0.054160615,0.065807219,0.064713151,0.065359709,0.066162459,0.066386123,0.067037403,0.067622135,0.068439922,0,0,0,Mt
"DietaryTransition,date=2020-22-12T23:29:50+19:00",EU-15,P_fertilizer,Corn,0.128534161,0.093000783,0.057809077,0.058453348,0.047613333,0.047579084,0.047511788,0.047752954,0.050056301,0.054950055,0.059337027,0,0,0,Mt
"DietaryTransition,date=2020-22-12T23:29:50+19:00",EU-15,P_fertilizer,FiberCrop,0.007865611,0.009123286,0.00528285,0.005965626,0.005408827,0.005380878,0.005362623,0.00542985,0.005457598,0.005517805,0.00559895,0,0,0,Mt
"DietaryTransition,date=2020-22-12T23:29:50+19:00",EU-15,P_fertilizer,Fruits,0.027135609,0.02319946,0.016362794,0.01722627,0.019397641,0.019497844,0.019501369,0.019370006,0.019151604,0.01884064,0.018459463,0,0,0,Mt
"DietaryTransition,date=2020-22-12T23:29:50+19:00",EU-15,P_fertilizer,Legumes,0.041958315,0.018886224,0.009117983,0.009608638,0.023483536,0.026803518,0.030782525,0.033192801,0.035674708,0.037871116,0.039781656,0,0,0,Mt
"DietaryTransition,date=2020-22-12T23:29:50+19:00",EU-15,P_fertilizer,MiscCrop,0.002699928,0.001702943,9.48E-04,7.31E-04,2.90E-04,2.70E-04,2.48E-04,2.28E-04,2.08E-04,1.89E-04,1.71E-04,0,0,0,Mt
"DietaryTransition,date=2020-22-12T23:29:50+19:00",EU-15,P_fertilizer,NutsSeeds,0.007392155,0.005396095,0.005044505,0.004644588,0.01476461,0.016329889,0.018102,0.019740717,0.021381449,0.022955067,0.024362477,0,0,0,Mt
"DietaryTransition,date=2020-22-12T23:29:50+19:00",EU-15,P_fertilizer,OilCrop,0.125123755,0.137194913,0.111989852,0.116032449,0.12907515,0.131987111,0.133985278,0.13585161,0.137281039,0.140540665,0.144286718,0,0,0,Mt
"DietaryTransition,date=2020-22-12T23:29:50+19:00",EU-15,P_fertilizer,OtherGrain,0.192223124,0.12647467,0.095951413,0.102663264,0.082465966,0.080892592,0.079142793,0.076428847,0.07410635,0.071812965,0.069757886,0,0,0,Mt
"DietaryTransition,date=2020-22-12T23:29:50+19:00",EU-15,P_fertilizer,Rice,0.007644567,0.006731956,0.00598382,0.005800395,0.006625787,0.007059638,0.007514281,0.007966756,0.008434355,0.008959011,0.009470046,0,0,0,Mt
"DietaryTransition,date=2020-22-12T23:29:50+19:00",EU-15,P_fertilizer,RootTuber,0.027316496,0.016274786,0.013293793,0.01303043,0.015709809,0.016321827,0.016879836,0.017387339,0.017851883,0.018247523,0.018569859,0,0,0,Mt
"DietaryTransition,date=2020-22-12T23:29:50+19:00",EU-15,P_fertilizer,Soybean,0.016108146,0.003994035,0.002776554,0.005413404,0.004789987,0.004715503,0.004597221,0.004188441,0.003768962,0.003403622,0.00311578,0,0,0,Mt
"DietaryTransition,date=2020-22-12T23:29:50+19:00",EU-15,P_fertilizer,SugarCrop,0.064803951,0.042254434,0.024353655,0.024353493,0.024304189,0.024784897,0.02559819,0.027537528,0.031621758,0.037854426,0.043301637,0,0,0,Mt
"DietaryTransition,date=2020-22-12T23:29:50+19:00",EU-15,P_fertilizer,Vegetables,0.003608065,0.003019003,0.002189546,0.002222891,0.004472267,0.0046997,0.004921928,0.005109562,0.005283971,0.005428686,0.0055422,0,0,0,Mt
"DietaryTransition,date=2020-22-12T23:29:50+19:00",EU-15,P_fertilizer,Wheat,0.377390516,0.298343156,0.233354984,0.245388044,0.221421439,0.220663122,0.220180944,0.222371894,0.224753971,0.226953292,0.229475214,0,0,0,Mt
"DietaryTransition,date=2020-22-12T23:29:50+19:00",Europe_Eastern,P_fertilizer,Corn,0.014337089,0.011073014,0.020803881,0.033484473,0.032341931,0.032494792,0.032448575,0.032700056,0.033634684,0.034848725,0.035085917,0,0,0,Mt
"DietaryTransition,date=2020-22-12T23:29:50+19:00",Europe_Eastern,P_fertilizer,Fruits,0.002388764,6.43E-04,7.31E-04,7.72E-04,7.78E-04,7.57E-04,7.27E-04,6.90E-04,6.49E-04,6.06E-04,5.64E-04,0,0,0,Mt
"DietaryTransition,date=2020-22-12T23:29:50+19:00",Europe_Eastern,P_fertilizer,Legumes,0.005019306,8.12E-04,7.37E-04,8.45E-04,0.001218278,0.001319617,0.001478258,0.001683871,0.001938664,0.002214349,0.002506249,0,0,0,Mt
"DietaryTransition,date=2020-22-12T23:29:50+19:00",Europe_Eastern,P_fertilizer,MiscCrop,2.45E-05,4.99E-07,1.10E-08,1.76E-08,1.12E-08,8.96E-09,7.02E-09,5.51E-09,4.32E-09,3.40E-09,2.40E-09,0,0,0,Mt
"DietaryTransition,date=2020-22-12T23:29:50+19:00",Europe_Eastern,P_fertilizer,NutsSeeds,1.60E-04,1.33E-04,1.59E-04,1.85E-04,4.39E-04,5.27E-04,6.38E-04,7.54E-04,8.66E-04,9.61E-04,0.001041588,0,0,0,Mt
"DietaryTransition,date=2020-22-12T23:29:50+19:00",Europe_Eastern,P_fertilizer,OilCrop,0.014492523,0.015669742,0.021167667,0.028720658,0.038535424,0.040589916,0.042560587,0.044621091,0.047265517,0.050094436,0.052207207,0,0,0,Mt
"DietaryTransition,date=2020-22-12T23:29:50+19:00",Europe_Eastern,P_fertilizer,OtherGrain,0.022247325,0.017278203,0.017961826,0.015782836,0.014110239,0.013609877,0.013026311,0.012599776,0.012287029,0.011990495,0.011784223,0,0,0,Mt
"DietaryTransition,date=2020-22-12T23:29:50+19:00",Europe_Eastern,P_fertilizer,Rice,2.86E-04,1.32E-04,1.79E-04,1.07E-04,1.21E-04,1.29E-04,1.37E-04,1.44E-04,1.51E-04,1.60E-04,1.66E-04,0,0,0,Mt
"DietaryTransition,date=2020-22-12T23:29:50+19:00",Europe_Eastern,P_fertilizer,RootTuber,0.011323791,0.008733774,0.007888061,0.007418826,0.007176391,0.007065998,0.006958266,0.006858685,0.006750346,0.006649885,0.006546519,0,0,0,Mt
"DietaryTransition,date=2020-22-12T23:29:50+19:00",Europe_Eastern,P_fertilizer,Soybean,8.41E-04,0.001995128,0.004451587,0.009405026,0.00858481,0.0087035,0.008665474,0.008778168,0.008952812,0.009140865,0.009339046,0,0,0,Mt
"DietaryTransition,date=2020-22-12T23:29:50+19:00",Europe_Eastern,P_fertilizer,SugarCrop,0.021354851,0.005926399,0.005359006,0.004756095,0.004527595,0.004411338,0.004281107,0.004176581,0.004111029,0.004077179,0.004046081,0,0,0,Mt
"DietaryTransition,date=2020-22-12T23:29:50+19:00",Europe_Eastern,P_fertilizer,Vegetables,8.13E-04,4.50E-04,4.93E-04,5.45E-04,5.47E-04,5.27E-04,4.99E-04,4.68E-04,4.35E-04,4.01E-04,3.70E-04,0,0,0,Mt
"DietaryTransition,date=2020-22-12T23:29:50+19:00",Europe_Eastern,P_fertilizer,Wheat,0.049648031,0.029956448,0.043155436,0.051864682,0.050002314,0.049369598,0.048669202,0.048794253,0.049410365,0.049848682,0.050586367,0,0,0,Mt
"DietaryTransition,date=2020-22-12T23:29:50+19:00",Europe_Non_EU,P_fertilizer,Corn,0.016624133,0.018921267,0.023720838,0.030450966,0.024982032,0.024899838,0.024837673,0.025391635,0.026444107,0.028111527,0.02951789,0,0,0,Mt
"DietaryTransition,date=2020-22-12T23:29:50+19:00",Europe_Non_EU,P_fertilizer,FiberCrop,0.013892706,0.012090868,0.009736362,0.010183665,0.009382937,0.00948605,0.009529993,0.009507003,0.009435128,0.009359738,0.009250456,0,0,0,Mt
"DietaryTransition,date=2020-22-12T23:29:50+19:00",Europe_Non_EU,P_fertilizer,Fruits,0.002536818,0.002161953,0.002137933,0.002219478,0.002153406,0.002181095,0.002194621,0.002198861,0.002192628,0.002176865,0.002153393,0,0,0,Mt
"DietaryTransition,date=2020-22-12T23:29:50+19:00",Europe_Non_EU,P_fertilizer,Legumes,0.006032425,0.003372376,0.002372852,0.002357962,0.004128347,0.00462272,0.005160562,0.005661018,0.006157847,0.006631968,0.007071718,0,0,0,Mt
"DietaryTransition,date=2020-22-12T23:29:50+19:00",Europe_Non_EU,P_fertilizer,MiscCrop,0.001781653,8.65E-04,6.55E-04,8.16E-04,3.79E-04,3.63E-04,3.39E-04,3.18E-04,2.98E-04,2.80E-04,2.64E-04,0,0,0,Mt
"DietaryTransition,date=2020-22-12T23:29:50+19:00",Europe_Non_EU,P_fertilizer,NutsSeeds,0.002425547,0.003003153,0.00296475,0.002956907,0.008529033,0.009573826,0.010701146,0.011956777,0.013228589,0.014472795,0.015670435,0,0,0,Mt
"DietaryTransition,date=2020-22-12T23:29:50+19:00",Europe_Non_EU,P_fertilizer,OilCrop,0.009917266,0.008684829,0.010252747,0.012367786,0.014325931,0.015104913,0.015728027,0.016621742,0.017534746,0.018487671,0.019148512,0,0,0,Mt
"DietaryTransition,date=2020-22-12T23:29:50+19:00",Europe_Non_EU,P_fertilizer,OtherGrain,0.03529235,0.036491887,0.029864101,0.031372081,0.025743243,0.025613872,0.025356395,0.025196106,0.025039968,0.0248364,0.024639167,0,0,0,Mt
"DietaryTransition,date=2020-22-12T23:29:50+19:00",Europe_Non_EU,P_fertilizer,Rice,5.98E-04,8.98E-04,0.001105214,0.001181039,0.001499056,0.001654754,0.001807826,0.001959786,0.002110456,0.00226813,0.002409057,0,0,0,Mt
"DietaryTransition,date=2020-22-12T23:29:50+19:00",Europe_Non_EU,P_fertilizer,RootTuber,0.001311502,0.001093984,9.80E-04,9.01E-04,0.001250584,0.001399501,0.001550827,0.001676155,0.001795553,0.001905342,0.002003456,0,0,0,Mt
"DietaryTransition,date=2020-22-12T23:29:50+19:00",Europe_Non_EU,P_fertilizer,Soybean,0.001419322,0.001194528,0.00296599,0.003863485,0.004339038,0.004528313,0.004658416,0.004846992,0.005036555,0.005227052,0.005355361,0,0,0,Mt
"DietaryTransition,date=2020-22-12T23:29:50+19:00",Europe_Non_EU,P_fertilizer,SugarCrop,0.004987574,0.004510988,0.00462362,0.004708187,0.004636574,0.004759425,0.004859614,0.004928715,0.005003091,0.005080677,0.005134492,0,0,0,Mt
"DietaryTransition,date=2020-22-12T23:29:50+19:00",Europe_Non_EU,P_fertilizer,Vegetables,0.001219379,0.001816299,0.002072669,0.002245915,0.002198702,0.002212956,0.002215981,0.002207003,0.002187242,0.002161567,0.002129617,0,0,0,Mt
"DietaryTransition,date=2020-22-12T23:29:50+19:00",Europe_Non_EU,P_fertilizer,Wheat,0.148261617,0.129234017,0.117626406,0.124818108,0.132792373,0.144961378,0.157224193,0.162916481,0.168048364,0.172639224,0.176579821,0,0,0,Mt
"DietaryTransition,date=2020-22-12T23:29:50+19:00",European Free Trade Association,P_fertilizer,Corn,0.001728168,7.80E-04,6.52E-04,5.81E-04,4.86E-04,5.16E-04,5.42E-04,5.91E-04,6.76E-04,7.89E-04,8.75E-04,0,0,0,Mt
"DietaryTransition,date=2020-22-12T23:29:50+19:00",European Free Trade Association,P_fertilizer,Fruits,4.57E-04,2.13E-04,2.11E-04,1.80E-04,1.65E-04,1.65E-04,1.65E-04,1.63E-04,1.60E-04,1.56E-04,1.51E-04,0,0,0,Mt
"DietaryTransition,date=2020-22-12T23:29:50+19:00",European Free Trade Association,P_fertilizer,Legumes,8.27E-05,1.69E-04,1.23E-04,1.18E-04,2.50E-04,2.77E-04,3.08E-04,3.37E-04,3.64E-04,3.92E-04,4.19E-04,0,0,0,Mt
"DietaryTransition,date=2020-22-12T23:29:50+19:00",European Free Trade Association,P_fertilizer,MiscCrop,8.63E-06,8.24E-06,7.23E-06,6.54E-06,2.86E-06,2.72E-06,2.58E-06,2.44E-06,2.27E-06,2.09E-06,1.89E-06,0,0,0,Mt
"DietaryTransition,date=2020-22-12T23:29:50+19:00",European Free Trade Association,P_fertilizer,NutsSeeds,3.86E-05,2.65E-05,2.92E-05,3.16E-05,9.34E-05,1.06E-04,1.18E-04,1.31E-04,1.43E-04,1.57E-04,1.71E-04,0,0,0,Mt
"DietaryTransition,date=2020-22-12T23:29:50+19:00",European Free Trade Association,P_fertilizer,OilCrop,6.52E-04,6.98E-04,8.28E-04,9.54E-04,0.001434218,0.001631387,0.001803663,0.001898577,0.002000937,0.002125215,0.002198007,0,0,0,Mt
"DietaryTransition,date=2020-22-12T23:29:50+19:00",European Free Trade Association,P_fertilizer,OtherGrain,0.009704921,0.007132296,0.005778137,0.005779538,0.004175843,0.004050531,0.003915726,0.003760806,0.003611992,0.003471707,0.003346922,0,0,0,Mt
"DietaryTransition,date=2020-22-12T23:29:50+19:00",European Free Trade Association,P_fertilizer,RootTuber,0.001003249,6.68E-04,6.53E-04,6.00E-04,8.07E-04,8.52E-04,8.97E-04,9.48E-04,0.00100075,0.001056026,0.001114007,0,0,0,Mt
"DietaryTransition,date=2020-22-12T23:29:50+19:00",European Free Trade Association,P_fertilizer,Soybean,4.80E-05,6.57E-05,4.05E-05,5.06E-05,3.80E-05,3.71E-05,3.60E-05,3.40E-05,3.19E-05,2.98E-05,2.78E-05,0,0,0,Mt
"DietaryTransition,date=2020-22-12T23:29:50+19:00",European Free Trade Association,P_fertilizer,SugarCrop,6.56E-04,7.37E-04,7.48E-04,7.12E-04,6.40E-04,6.49E-04,6.56E-04,6.55E-04,6.61E-04,6.75E-04,6.86E-04,0,0,0,Mt
"DietaryTransition,date=2020-22-12T23:29:50+19:00",European Free Trade Association,P_fertilizer,Vegetables,8.45E-05,8.31E-05,9.49E-05,1.01E-04,2.58E-04,2.79E-04,3.01E-04,3.19E-04,3.38E-04,3.56E-04,3.73E-04,0,0,0,Mt
"DietaryTransition,date=2020-22-12T23:29:50+19:00",European Free Trade Association,P_fertilizer,Wheat,0.005993435,0.006472358,0.005827116,0.006217098,0.005591877,0.005672663,0.005759711,0.005943739,0.006117054,0.006285114,0.006441873,0,0,0,Mt
"DietaryTransition,date=2020-22-12T23:29:50+19:00",India,P_fertilizer,Corn,0.075782538,0.131309127,0.163167945,0.189282278,0.316762945,0.369604994,0.395572841,0.409444078,0.417561863,0.415587518,0.396312714,0,0,0,Mt
"DietaryTransition,date=2020-22-12T23:29:50+19:00",India,P_fertilizer,FiberCrop,0.100422522,0.174787643,0.253058087,0.281559871,0.260066958,0.263177178,0.266839984,0.268373667,0.271815657,0.272610154,0.268232562,0,0,0,Mt
"DietaryTransition,date=2020-22-12T23:29:50+19:00",India,P_fertilizer,Fruits,0.006639159,0.014377922,0.020572703,0.024406056,0.022818113,0.023531685,0.024131318,0.024585836,0.024896441,0.025069805,0.025076433,0,0,0,Mt
"DietaryTransition,date=2020-22-12T23:29:50+19:00",India,P_fertilizer,Legumes,0.080552346,0.094898855,0.126940759,0.148863355,0.148980351,0.151349875,0.154160346,0.15980496,0.165850103,0.171178493,0.175859196,0,0,0,Mt
"DietaryTransition,date=2020-22-12T23:29:50+19:00",India,P_fertilizer,MiscCrop,0.004701127,0.006239919,0.008379719,0.009761867,0.002167741,0.001833023,0.001584922,0.001376358,0.001211755,0.001075277,9.63E-04,0,0,0,Mt
"DietaryTransition,date=2020-22-12T23:29:50+19:00",India,P_fertilizer,NutsSeeds,0.111125668,0.099880496,0.098358362,0.118567379,0.19723307,0.217042891,0.235462243,0.252610385,0.269475155,0.284074397,0.296147288,0,0,0,Mt
"DietaryTransition,date=2020-22-12T23:29:50+19:00",India,P_fertilizer,OilCrop,0.056238512,0.084181821,0.091742084,0.094472299,0.153150248,0.179744551,0.201824128,0.224953913,0.249090752,0.271954792,0.288075209,0,0,0,Mt
"DietaryTransition,date=2020-22-12T23:29:50+19:00",India,P_fertilizer,OtherGrain,0.176293138,0.152892567,0.150007771,0.139567975,0.161520617,0.186834686,0.208967851,0.230309842,0.250858788,0.269979018,0.287109456,0,0,0,Mt
"DietaryTransition,date=2020-22-12T23:29:50+19:00",India,P_fertilizer,PalmFruit,0.020554633,0.034683017,0.039598023,0.04215417,0.039668606,0.040637241,0.041484332,0.041443607,0.041713205,0.041840064,0.041580391,0,0,0,Mt
"DietaryTransition,date=2020-22-12T23:29:50+19:00",India,P_fertilizer,Rice,0.708555818,0.94883091,1.041984155,1.108146179,1.309447217,1.508009248,1.688129677,1.852971611,2.015440077,2.169840954,2.309303602,0,0,0,Mt
"DietaryTransition,date=2020-22-12T23:29:50+19:00",India,P_fertilizer,RootTuber,0.011156721,0.021657975,0.031172716,0.035504973,0.045533118,0.053271681,0.060119222,0.066832088,0.073397367,0.079631806,0.08534529,0,0,0,Mt
"DietaryTransition,date=2020-22-12T23:29:50+19:00",India,P_fertilizer,Soybean,0.034924293,0.129326055,0.189194152,0.163105219,0.132328582,0.124848988,0.119327218,0.115920583,0.11397302,0.113135938,0.112956073,0,0,0,Mt
"DietaryTransition,date=2020-22-12T23:29:50+19:00",India,P_fertilizer,SugarCrop,0.081824715,0.137235256,0.190516538,0.205781891,0.207722773,0.216863852,0.225390706,0.232708758,0.239310686,0.244992884,0.249143619,0,0,0,Mt
"DietaryTransition,date=2020-22-12T23:29:50+19:00",India,P_fertilizer,Vegetables,0.002616551,0.006529447,0.011111181,0.013517175,0.022258953,0.025165688,0.027561863,0.029758014,0.031783676,0.03359435,0.03513684,0,0,0,Mt
"DietaryTransition,date=2020-22-12T23:29:50+19:00",India,P_fertilizer,Wheat,0.44107001,0.664226803,0.882907375,0.962467364,1.047559154,1.192336084,1.323073414,1.447550516,1.567840303,1.679055124,1.776123148,0,0,0,Mt
"DietaryTransition,date=2020-22-12T23:29:50+19:00",Indonesia,P_fertilizer,Corn,0.057100589,0.057433092,0.072325053,0.07712316,0.082966038,0.087512688,0.091688681,0.095133625,0.098170851,0.100993997,0.103388499,0,0,0,Mt
"DietaryTransition,date=2020-22-12T23:29:50+19:00",Indonesia,P_fertilizer,FiberCrop,2.68E-04,4.37E-05,7.82E-05,5.54E-05,5.94E-05,6.02E-05,6.03E-05,6.61E-05,7.14E-05,7.72E-05,8.33E-05,0,0,0,Mt
"DietaryTransition,date=2020-22-12T23:29:50+19:00",Indonesia,P_fertilizer,Fruits,0.001074197,9.20E-04,0.001118632,0.001220084,0.001340833,0.001359494,0.001346823,0.001310312,0.00125162,0.001177874,0.001094517,0,0,0,Mt
"DietaryTransition,date=2020-22-12T23:29:50+19:00",Indonesia,P_fertilizer,Legumes,0.00538358,0.003379391,0.003173994,0.002496131,0.009186048,0.010491781,0.011803512,0.013961555,0.016009639,0.017910607,0.019628718,0,0,0,Mt
"DietaryTransition,date=2020-22-12T23:29:50+19:00",Indonesia,P_fertilizer,MiscCrop,9.60E-04,6.61E-04,7.95E-04,8.53E-04,3.98E-04,3.80E-04,3.54E-04,3.34E-04,3.15E-04,2.99E-04,2.84E-04,0,0,0,Mt
"DietaryTransition,date=2020-22-12T23:29:50+19:00",Indonesia,P_fertilizer,NutsSeeds,0.006459218,0.006480085,0.005549655,0.004675118,0.00563833,0.005814237,0.005952022,0.006113548,0.006221579,0.006324894,0.006427535,0,0,0,Mt
"DietaryTransition,date=2020-22-12T23:29:50+19:00",Indonesia,P_fertilizer,PalmFruit,0.010985022,0.00592841,0.005331147,0.007076912,0.008085657,0.008969844,0.009776445,0.010395865,0.010988564,0.011563078,0.01190156,0,0,0,Mt
"DietaryTransition,date=2020-22-12T23:29:50+19:00",Indonesia,P_fertilizer,Rice,0.17573988,0.156902717,0.187215302,0.208252866,0.22707086,0.249169523,0.27233769,0.293240243,0.312294831,0.32892828,0.342111274,0,0,0,Mt
"DietaryTransition,date=2020-22-12T23:29:50+19:00",Indonesia,P_fertilizer,RootTuber,0.015237801,0.012199038,0.012663304,0.01279547,0.013291455,0.014324634,0.015348624,0.016325064,0.017188004,0.017901941,0.018445126,0,0,0,Mt
"DietaryTransition,date=2020-22-12T23:29:50+19:00",Indonesia,P_fertilizer,Soybean,0.023820455,0.009312763,0.011617477,0.012023706,0.011615501,0.011220011,0.010675151,0.010480097,0.010257526,0.010138312,0.010052195,0,0,0,Mt
"DietaryTransition,date=2020-22-12T23:29:50+19:00",Indonesia,P_fertilizer,SugarCrop,0.012349428,0.00805765,0.0094374,0.009530353,0.009846513,0.010106718,0.010291735,0.010371974,0.010551551,0.0108369,0.01107992,0,0,0,Mt
"DietaryTransition,date=2020-22-12T23:29:50+19:00",Indonesia,P_fertilizer,Vegetables,7.66E-04,0.001094715,0.001355175,0.00148901,0.001024584,9.78E-04,9.12E-04,8.42E-04,7.68E-04,6.94E-04,6.24E-04,0,0,0,Mt
"DietaryTransition,date=2020-22-12T23:29:50+19:00",Japan,P_fertilizer,Corn,6.48E-06,1.27E-06,1.39E-06,1.50E-06,1.20E-06,1.14E-06,1.08E-06,1.16E-06,1.40E-06,1.66E-06,1.83E-06,0,0,0,Mt
"DietaryTransition,date=2020-22-12T23:29:50+19:00",Japan,P_fertilizer,Fruits,0.001025727,8.40E-04,6.98E-04,6.50E-04,6.45E-04,6.26E-04,5.98E-04,5.71E-04,5.43E-04,5.13E-04,4.81E-04,0,0,0,Mt
"DietaryTransition,date=2020-22-12T23:29:50+19:00",Japan,P_fertilizer,Legumes,0.001471469,0.001051817,8.80E-04,9.99E-04,0.004229344,0.004616825,0.005155965,0.005623402,0.006021918,0.006400869,0.006725741,0,0,0,Mt
"DietaryTransition,date=2020-22-12T23:29:50+19:00",Japan,P_fertilizer,MiscCrop,0.001150374,0.001110676,0.001075891,9.55E-04,3.91E-04,3.65E-04,3.27E-04,2.96E-04,2.68E-04,2.41E-04,2.17E-04,0,0,0,Mt
"DietaryTransition,date=2020-22-12T23:29:50+19:00",Japan,P_fertilizer,NutsSeeds,6.06E-04,2.99E-04,2.06E-04,1.74E-04,8.85E-04,9.75E-04,0.001086976,0.001181085,0.001260728,0.001339382,0.001411227,0,0,0,Mt
"DietaryTransition,date=2020-22-12T23:29:50+19:00",Japan,P_fertilizer,OilCrop,9.72E-06,1.19E-05,1.70E-05,2.58E-05,2.18E-05,2.14E-05,2.07E-05,2.16E-05,2.52E-05,3.03E-05,3.48E-05,0,0,0,Mt
"DietaryTransition,date=2020-22-12T23:29:50+19:00",Japan,P_fertilizer,OtherGrain,0.002738979,0.001658039,0.001566285,0.001587302,0.001212004,0.001213716,0.00119109,0.001158939,0.001118547,0.001083302,0.001056946,0,0,0,Mt
"DietaryTransition,date=2020-22-12T23:29:50+19:00",Japan,P_fertilizer,Rice,0.089551263,0.075329486,0.066134848,0.073323291,0.073512931,0.074466396,0.075518773,0.076142946,0.076557405,0.077210975,0.077744734,0,0,0,Mt
"DietaryTransition,date=2020-22-12T23:29:50+19:00",Japan,P_fertilizer,RootTuber,0.004462922,0.003424172,0.003073062,0.002958494,0.003540224,0.003601269,0.003670648,0.003746246,0.003799166,0.003847287,0.003882487,0,0,0,Mt
"DietaryTransition,date=2020-22-12T23:29:50+19:00",Japan,P_fertilizer,Soybean,0.0036674,0.00341928,0.00371314,0.00357293,0.00272259,0.00262341,0.00248199,0.002522,0.0025297,0.0025415,0.00254672,0,0,0,Mt
"DietaryTransition,date=2020-22-12T23:29:50+19:00",Japan,P_fertilizer,SugarCrop,0.004357383,0.004070112,0.003652545,0.003542356,0.003200222,0.003125415,0.00302243,0.002871388,0.00277316,0.002709538,0.002636171,0,0,0,Mt
"DietaryTransition,date=2020-22-12T23:29:50+19:00",Japan,P_fertilizer,Vegetables,0.002330809,0.001937754,0.001458643,0.001378578,0.001290093,0.001246073,0.00117938,0.001108886,0.001038531,9.62E-04,8.85E-04,0,0,0,Mt
"DietaryTransition,date=2020-22-12T23:29:50+19:00",Japan,P_fertilizer,Wheat,0.009384846,0.009098576,0.007824664,0.009326416,0.008726745,0.008781905,0.008881345,0.009189776,0.009515476,0.009873377,0.010220028,0,0,0,Mt
"DietaryTransition,date=2020-22-12T23:29:50+19:00",Mexico,P_fertilizer,Corn,0.067270904,0.092139263,0.058942868,0.064564241,0.063931139,0.067811925,0.071426583,0.073532691,0.075751861,0.078300692,0.08009638,0,0,0,Mt
"DietaryTransition,date=2020-22-12T23:29:50+19:00",Mexico,P_fertilizer,FiberCrop,0.005474305,0.003120319,0.002839629,0.003740649,0.003653709,0.003818428,0.003934171,0.004063506,0.004149046,0.004240606,0.004325423,0,0,0,Mt
"DietaryTransition,date=2020-22-12T23:29:50+19:00",Mexico,P_fertilizer,Fruits,0.002584374,0.00441886,0.002924155,0.0032658,0.003270565,0.003289741,0.003226414,0.003113381,0.002963825,0.002787383,0.00259314,0,0,0,Mt
"DietaryTransition,date=2020-22-12T23:29:50+19:00",Mexico,P_fertilizer,Legumes,0.004242809,0.005099492,0.003534821,0.004156413,0.007163219,0.008025995,0.008954939,0.009662302,0.010255093,0.010753374,0.011136684,0,0,0,Mt
"DietaryTransition,date=2020-22-12T23:29:50+19:00",Mexico,P_fertilizer,MiscCrop,6.98E-06,3.31E-06,1.25E-06,1.15E-06,7.62E-07,7.13E-07,6.38E-07,5.78E-07,5.19E-07,4.66E-07,4.19E-07,0,0,0,Mt
"DietaryTransition,date=2020-22-12T23:29:50+19:00",Mexico,P_fertilizer,NutsSeeds,0.001580428,0.001090381,8.96E-04,0.00113066,0.003871615,0.004938377,0.006400031,0.007849437,0.009347255,0.010888669,0.012443638,0,0,0,Mt
"DietaryTransition,date=2020-22-12T23:29:50+19:00",Mexico,P_fertilizer,OilCrop,0.00221036,0.002176046,0.001620846,0.001774304,0.003056272,0.003516739,0.004027653,0.004608281,0.005229395,0.005910442,0.006469541,0,0,0,Mt
"DietaryTransition,date=2020-22-12T23:29:50+19:00",Mexico,P_fertilizer,OtherGrain,0.003621221,0.004289321,0.003907637,0.003937408,0.003330055,0.003314256,0.003231696,0.003144186,0.003044991,0.002960014,0.002891494,0,0,0,Mt
"DietaryTransition,date=2020-22-12T23:29:50+19:00",Mexico,P_fertilizer,PalmFruit,0.004079374,0.004441442,0.002612297,0.003014506,0.003106874,0.003228356,0.003309569,0.003346863,0.003358811,0.003350625,0.003318978,0,0,0,Mt
"DietaryTransition,date=2020-22-12T23:29:50+19:00",Mexico,P_fertilizer,Rice,2.52E-04,1.76E-04,1.01E-04,1.03E-04,1.37E-04,1.57E-04,1.80E-04,2.06E-04,2.34E-04,2.67E-04,3.00E-04,0,0,0,Mt
"DietaryTransition,date=2020-22-12T23:29:50+19:00",Mexico,P_fertilizer,RootTuber,4.76E-04,4.99E-04,3.31E-04,3.51E-04,4.53E-04,5.16E-04,5.90E-04,6.69E-04,7.49E-04,8.32E-04,9.17E-04,0,0,0,Mt
"DietaryTransition,date=2020-22-12T23:29:50+19:00",Mexico,P_fertilizer,Soybean,0.008867582,0.001957168,0.002841121,0.005123732,0.004358271,0.004350306,0.004223326,0.004204501,0.004140875,0.004073656,0.003986165,0,0,0,Mt
"DietaryTransition,date=2020-22-12T23:29:50+19:00",Mexico,P_fertilizer,SugarCrop,0.016096167,0.021452327,0.01521007,0.017450197,0.017982463,0.018822202,0.019526391,0.02009811,0.020662269,0.021243534,0.021739893,0,0,0,Mt
"DietaryTransition,date=2020-22-12T23:29:50+19:00",Mexico,P_fertilizer,Vegetables,9.73E-04,0.001750526,0.00144853,0.001676548,0.00362221,0.004069106,0.004573284,0.005033752,0.005426287,0.005746158,0.005983338,0,0,0,Mt
"DietaryTransition,date=2020-22-12T23:29:50+19:00",Mexico,P_fertilizer,Wheat,0.002376567,0.001694707,0.001705075,0.00163057,0.001631496,0.00171302,0.001802396,0.001942864,0.002078605,0.002230343,0.002392298,0,0,0,Mt
"DietaryTransition,date=2020-22-12T23:29:50+19:00",Middle East,P_fertilizer,Corn,9.92E-04,0.001451829,0.001968412,0.001530373,0.001612735,0.001853107,0.002111879,0.002431177,0.002787551,0.003192145,0.003522899,0,0,0,Mt
"DietaryTransition,date=2020-22-12T23:29:50+19:00",Middle East,P_fertilizer,FiberCrop,0.002057067,0.002447084,0.001398466,0.001407566,0.001367596,0.001441111,0.001480255,0.001502484,0.001514934,0.001528349,0.001537768,0,0,0,Mt
"DietaryTransition,date=2020-22-12T23:29:50+19:00",Middle East,P_fertilizer,Fruits,0.001836771,0.00207023,0.00292649,0.002534349,0.002603767,0.002768871,0.002877083,0.004168811,0.005486662,0.006671276,0.007597893,0,0,0,Mt
"DietaryTransition,date=2020-22-12T23:29:50+19:00",Middle East,P_fertilizer,Legumes,8.43E-05,1.27E-04,8.62E-05,8.95E-05,1.52E-04,1.63E-04,1.87E-04,2.43E-04,3.07E-04,3.76E-04,4.49E-04,0,0,0,Mt
"DietaryTransition,date=2020-22-12T23:29:50+19:00",Middle East,P_fertilizer,MiscCrop,2.06E-05,9.58E-05,5.84E-05,5.42E-05,3.57E-05,3.66E-05,3.48E-05,3.15E-05,2.91E-05,2.75E-05,2.69E-05,0,0,0,Mt
"DietaryTransition,date=2020-22-12T23:29:50+19:00",Middle East,P_fertilizer,NutsSeeds,1.66E-04,3.83E-04,3.16E-04,2.76E-04,5.35E-04,6.44E-04,8.09E-04,9.59E-04,0.001108446,0.001257464,0.001404838,0,0,0,Mt
"DietaryTransition,date=2020-22-12T23:29:50+19:00",Middle East,P_fertilizer,OilCrop,0.003351219,0.005603518,0.004785827,0.003982857,0.00586856,0.007002418,0.008319195,0.009380052,0.010458179,0.011564889,0.012462792,0,0,0,Mt
"DietaryTransition,date=2020-22-12T23:29:50+19:00",Middle East,P_fertilizer,OtherGrain,0.016415472,0.010349509,0.008063606,0.009897624,0.008940719,0.00930793,0.009335559,0.008902632,0.008548878,0.008315056,0.008133857,0,0,0,Mt
"DietaryTransition,date=2020-22-12T23:29:50+19:00",Middle East,P_fertilizer,Rice,0.001739816,9.96E-04,9.10E-04,0.001155128,0.001409048,0.001632977,0.001924643,0.002335086,0.002740118,0.003172119,0.003420467,0,0,0,Mt
"DietaryTransition,date=2020-22-12T23:29:50+19:00",Middle East,P_fertilizer,RootTuber,6.80E-04,0.001549452,0.001252716,0.001222303,0.00151504,0.001773435,0.002268443,0.002683765,0.003095863,0.003493405,0.003878086,0,0,0,Mt
"DietaryTransition,date=2020-22-12T23:29:50+19:00",Middle East,P_fertilizer,Soybean,6.15E-05,2.10E-05,8.43E-06,4.09E-06,3.52E-06,3.45E-06,3.27E-06,3.14E-06,3.00E-06,2.90E-06,2.77E-06,0,0,0,Mt
"DietaryTransition,date=2020-22-12T23:29:50+19:00",Middle East,P_fertilizer,SugarCrop,4.01E-04,6.18E-04,3.86E-04,1.28E-04,1.17E-04,1.17E-04,1.15E-04,1.14E-04,1.15E-04,1.19E-04,1.23E-04,0,0,0,Mt
"DietaryTransition,date=2020-22-12T23:29:50+19:00",Middle East,P_fertilizer,Vegetables,3.59E-04,2.76E-04,3.85E-04,3.17E-04,3.59E-04,3.90E-04,4.17E-04,4.65E-04,5.09E-04,5.51E-04,5.92E-04,0,0,0,Mt
"DietaryTransition,date=2020-22-12T23:29:50+19:00",Middle East,P_fertilizer,Wheat,0.033082032,0.029192621,0.020570567,0.01774587,0.018437469,0.020547845,0.023404078,0.026618777,0.029861839,0.033228239,0.036600031,0,0,0,Mt
"DietaryTransition,date=2020-22-12T23:29:50+19:00",Pakistan,P_fertilizer,Corn,0.010050636,0.024469164,0.032158125,0.042624131,0.040977391,0.043773557,0.046271756,0.049498622,0.051894947,0.053799351,0.053511714,0,0,0,Mt
"DietaryTransition,date=2020-22-12T23:29:50+19:00",Pakistan,P_fertilizer,FiberCrop,0.065438681,0.088086123,0.087256846,0.084967587,0.064165899,0.065052849,0.062931089,0.063290212,0.059861983,0.052523189,0.044284286,0,0,0,Mt
"DietaryTransition,date=2020-22-12T23:29:50+19:00",Pakistan,P_fertilizer,Fruits,9.56E-04,0.00216926,0.002703124,0.002690746,0.006623321,0.007505536,0.008936595,0.010398986,0.011793821,0.012999657,0.013924223,0,0,0,Mt
"DietaryTransition,date=2020-22-12T23:29:50+19:00",Pakistan,P_fertilizer,Legumes,0.010467684,0.011538776,0.009054174,0.008489443,0.016859361,0.019175905,0.02236521,0.027595464,0.032438988,0.037935637,0.042613301,0,0,0,Mt
"DietaryTransition,date=2020-22-12T23:29:50+19:00",Pakistan,P_fertilizer,MiscCrop,5.81E-04,8.95E-04,9.95E-04,0.001195573,4.39E-04,4.29E-04,3.66E-04,3.08E-04,2.57E-04,2.17E-04,1.86E-04,0,0,0,Mt
"DietaryTransition,date=2020-22-12T23:29:50+19:00",Pakistan,P_fertilizer,NutsSeeds,8.13E-04,0.00142412,0.001420041,0.001619669,0.005235218,0.00633188,0.0082566,0.010814293,0.013685489,0.017007229,0.020518424,0,0,0,Mt
"DietaryTransition,date=2020-22-12T23:29:50+19:00",Pakistan,P_fertilizer,OilCrop,0.003060193,0.004515613,0.003437407,0.002489953,0.003556162,0.003999944,0.004519181,0.005202914,0.005748556,0.006041496,0.00572374,0,0,0,Mt
"DietaryTransition,date=2020-22-12T23:29:50+19:00",Pakistan,P_fertilizer,OtherGrain,0.004234115,0.003969693,0.003997834,0.003740112,0.003554492,0.003855271,0.00408517,0.004239824,0.00431422,0.00434054,0.00413374,0,0,0,Mt
"DietaryTransition,date=2020-22-12T23:29:50+19:00",Pakistan,P_fertilizer,PalmFruit,2.63E-06,3.34E-05,3.49E-05,3.39E-05,3.06E-05,3.26E-05,3.32E-05,3.28E-05,3.20E-05,3.22E-05,3.24E-05,0,0,0,Mt
"DietaryTransition,date=2020-22-12T23:29:50+19:00",Pakistan,P_fertilizer,Rice,0.033825711,0.055717353,0.0596955,0.073042025,0.084113778,0.099172099,0.115337076,0.130142656,0.138106223,0.122519755,0.106791725,0,0,0,Mt
"DietaryTransition,date=2020-22-12T23:29:50+19:00",Pakistan,P_fertilizer,RootTuber,8.47E-04,0.001995303,0.002876262,0.00329766,0.003999362,0.004425612,0.004959057,0.005519303,0.006098642,0.006674185,0.007212821,0,0,0,Mt
"DietaryTransition,date=2020-22-12T23:29:50+19:00",Pakistan,P_fertilizer,Soybean,1.84E-05,4.57E-06,8.37E-07,7.94E-07,6.87E-07,6.77E-07,6.49E-07,6.16E-07,5.72E-07,5.91E-07,6.26E-07,0,0,0,Mt
"DietaryTransition,date=2020-22-12T23:29:50+19:00",Pakistan,P_fertilizer,SugarCrop,0.023355467,0.037032561,0.040548412,0.04779376,0.049239804,0.052932357,0.055883848,0.058453264,0.060768564,0.062557064,0.063258455,0,0,0,Mt
"DietaryTransition,date=2020-22-12T23:29:50+19:00",Pakistan,P_fertilizer,Vegetables,4.51E-04,7.80E-04,8.40E-04,8.63E-04,0.003682578,0.004343681,0.005667426,0.007231705,0.009000816,0.010820332,0.012527615,0,0,0,Mt
"DietaryTransition,date=2020-22-12T23:29:50+19:00",Pakistan,P_fertilizer,Wheat,0.150290374,0.21993718,0.245362854,0.263130865,0.278831133,0.306787172,0.336814063,0.368275932,0.394962542,0.40810098,0.406916205,0,0,0,Mt
"DietaryTransition,date=2020-22-12T23:29:50+19:00",Russia,P_fertilizer,Corn,0.006822256,0.004924284,0.008555255,0.017827681,0.016745524,0.016812165,0.016953143,0.017829775,0.019569249,0.022063237,0.024161863,0,0,0,Mt
"DietaryTransition,date=2020-22-12T23:29:50+19:00",Russia,P_fertilizer,Fruits,8.64E-04,5.91E-04,3.67E-04,4.29E-04,6.44E-04,6.75E-04,7.14E-04,7.35E-04,7.42E-04,7.41E-04,7.35E-04,0,0,0,Mt
"DietaryTransition,date=2020-22-12T23:29:50+19:00",Russia,P_fertilizer,Legumes,0.010508041,0.002971938,0.003883766,0.004825853,0.007324118,0.007964651,0.008893413,0.009970759,0.010944865,0.011766338,0.01241457,0,0,0,Mt
"DietaryTransition,date=2020-22-12T23:29:50+19:00",Russia,P_fertilizer,MiscCrop,5.74E-06,9.06E-07,3.16E-07,1.50E-06,7.82E-07,6.83E-07,5.45E-07,4.46E-07,3.79E-07,3.36E-07,3.05E-07,0,0,0,Mt
"DietaryTransition,date=2020-22-12T23:29:50+19:00",Russia,P_fertilizer,OilCrop,0.013193412,0.018055816,0.02212078,0.029364841,0.038231789,0.041175809,0.044481627,0.048288327,0.052680315,0.057851609,0.062198861,0,0,0,Mt
"DietaryTransition,date=2020-22-12T23:29:50+19:00",Russia,P_fertilizer,OtherGrain,0.048485498,0.024792803,0.022165388,0.024077295,0.020553774,0.020351024,0.019718026,0.018946363,0.018357791,0.017921976,0.017647277,0,0,0,Mt
"DietaryTransition,date=2020-22-12T23:29:50+19:00",Russia,P_fertilizer,Rice,0.001262272,5.41E-04,7.75E-04,8.29E-04,9.55E-04,0.001026213,0.001108108,0.001191361,0.001270811,0.001358987,0.001441625,0,0,0,Mt
"DietaryTransition,date=2020-22-12T23:29:50+19:00",Russia,P_fertilizer,RootTuber,0.008353329,0.006563804,0.004764829,0.005282596,0.005518405,0.005581087,0.005697081,0.005807507,0.00591041,0.005991328,0.00605167,0,0,0,Mt
"DietaryTransition,date=2020-22-12T23:29:50+19:00",Russia,P_fertilizer,Soybean,0.003222863,0.00240122,0.004297295,0.007430243,0.006364236,0.006176576,0.005853845,0.007060928,0.008058076,0.008948797,0.009725044,0,0,0,Mt
"DietaryTransition,date=2020-22-12T23:29:50+19:00",Russia,P_fertilizer,SugarCrop,0.006048946,0.002652655,0.003147209,0.003475239,0.003210387,0.003161327,0.003080681,0.003030541,0.003021361,0.00304734,0.003074682,0,0,0,Mt
"DietaryTransition,date=2020-22-12T23:29:50+19:00",Russia,P_fertilizer,Vegetables,2.83E-04,2.69E-04,2.26E-04,2.57E-04,3.81E-04,3.98E-04,4.17E-04,4.25E-04,4.27E-04,4.26E-04,4.23E-04,0,0,0,Mt
"DietaryTransition,date=2020-22-12T23:29:50+19:00",Russia,P_fertilizer,Wheat,0.133361651,0.107630428,0.125173016,0.138766339,0.131509819,0.134117194,0.136381004,0.141533007,0.146447409,0.15190247,0.15719195,0,0,0,Mt
"DietaryTransition,date=2020-22-12T23:29:50+19:00",South Africa,P_fertilizer,Corn,0.069577549,0.055848655,0.052242098,0.052224964,0.054427723,0.057861427,0.063800654,0.070075817,0.076687011,0.083240974,0.088369844,0,0,0,Mt
"DietaryTransition,date=2020-22-12T23:29:50+19:00",South Africa,P_fertilizer,FiberCrop,4.97E-04,8.71E-05,2.82E-05,2.84E-05,3.05E-05,3.13E-05,3.19E-05,3.22E-05,3.19E-05,3.19E-05,3.21E-05,0,0,0,Mt
"DietaryTransition,date=2020-22-12T23:29:50+19:00",South Africa,P_fertilizer,Fruits,2.08E-04,2.10E-04,2.01E-04,2.38E-04,2.64E-04,2.75E-04,2.87E-04,2.96E-04,3.00E-04,3.00E-04,2.97E-04,0,0,0,Mt
"DietaryTransition,date=2020-22-12T23:29:50+19:00",South Africa,P_fertilizer,Legumes,4.87E-05,3.00E-05,2.41E-05,2.83E-05,4.96E-05,5.79E-05,7.33E-05,8.87E-05,1.04E-04,1.19E-04,1.32E-04,0,0,0,Mt
"DietaryTransition,date=2020-22-12T23:29:50+19:00",South Africa,P_fertilizer,MiscCrop,1.27E-05,5.61E-06,2.73E-06,3.05E-06,2.53E-06,2.42E-06,2.11E-06,1.83E-06,1.56E-06,1.33E-06,1.14E-06,0,0,0,Mt
"DietaryTransition,date=2020-22-12T23:29:50+19:00",South Africa,P_fertilizer,NutsSeeds,8.11E-04,1.91E-04,1.89E-04,1.56E-04,4.09E-04,4.89E-04,6.13E-04,7.38E-04,8.67E-04,9.97E-04,0.001124959,0,0,0,Mt
"DietaryTransition,date=2020-22-12T23:29:50+19:00",South Africa,P_fertilizer,OilCrop,0.002294386,0.001914792,0.00210158,0.002200446,0.003964371,0.004621833,0.005480815,0.006308046,0.007159438,0.008061702,0.008742395,0,0,0,Mt
"DietaryTransition,date=2020-22-12T23:29:50+19:00",South Africa,P_fertilizer,OtherGrain,0.00295347,0.001467745,0.001415392,0.00146358,0.001463513,0.00148196,0.001517823,0.001456575,0.00139282,0.001338438,0.001290357,0,0,0,Mt
"DietaryTransition,date=2020-22-12T23:29:50+19:00",South Africa,P_fertilizer,Rice,1.77E-05,2.27E-05,2.00E-05,2.14E-05,2.89E-05,3.42E-05,4.33E-05,5.38E-05,6.55E-05,7.95E-05,9.36E-05,0,0,0,Mt
"DietaryTransition,date=2020-22-12T23:29:50+19:00",South Africa,P_fertilizer,RootTuber,2.54E-04,2.31E-04,2.56E-04,2.83E-04,2.86E-04,3.26E-04,3.98E-04,4.72E-04,5.45E-04,6.15E-04,6.81E-04,0,0,0,Mt
"DietaryTransition,date=2020-22-12T23:29:50+19:00",South Africa,P_fertilizer,Soybean,3.00E-04,7.29E-04,0.001383817,0.002372826,0.002351528,0.002395367,0.002344211,0.002342639,0.002307129,0.002279267,0.002254711,0,0,0,Mt
"DietaryTransition,date=2020-22-12T23:29:50+19:00",South Africa,P_fertilizer,SugarCrop,0.001383934,0.001416028,0.001224745,0.001221207,0.001287042,0.0013582,0.001416428,0.00145042,0.001486746,0.001531731,0.001572719,0,0,0,Mt
"DietaryTransition,date=2020-22-12T23:29:50+19:00",South Africa,P_fertilizer,Vegetables,8.08E-06,8.54E-06,1.00E-05,1.07E-05,1.73E-05,2.08E-05,2.85E-05,3.68E-05,4.54E-05,5.38E-05,6.14E-05,0,0,0,Mt
"DietaryTransition,date=2020-22-12T23:29:50+19:00",South Africa,P_fertilizer,Wheat,0.022661291,0.01479834,0.012291614,0.010983177,0.011757179,0.013024518,0.01543549,0.017752318,0.01991342,0.021975565,0.02387822,0,0,0,Mt
"DietaryTransition,date=2020-22-12T23:29:50+19:00",South America_Northern,P_fertilizer,Corn,6.46E-06,1.68E-05,1.43E-05,1.41E-05,1.28E-05,1.35E-05,1.44E-05,1.53E-05,1.62E-05,1.70E-05,1.77E-05,0,0,0,Mt
"DietaryTransition,date=2020-22-12T23:29:50+19:00",South America_Northern,P_fertilizer,Fruits,6.11E-06,6.99E-06,2.06E-05,2.98E-05,5.98E-05,6.17E-05,6.03E-05,6.19E-05,6.30E-05,6.33E-05,6.28E-05,0,0,0,Mt
"DietaryTransition,date=2020-22-12T23:29:50+19:00",South America_Northern,P_fertilizer,Legumes,1.42E-06,6.34E-07,7.76E-07,7.58E-07,9.88E-07,1.07E-06,1.19E-06,1.29E-06,1.37E-06,1.43E-06,1.49E-06,0,0,0,Mt
"DietaryTransition,date=2020-22-12T23:29:50+19:00",South America_Northern,P_fertilizer,MiscCrop,1.21E-08,1.25E-06,1.27E-06,1.55E-06,5.24E-06,5.32E-06,4.71E-06,4.52E-06,4.28E-06,3.99E-06,3.71E-06,0,0,0,Mt
"DietaryTransition,date=2020-22-12T23:29:50+19:00",South America_Northern,P_fertilizer,NutsSeeds,3.52E-06,5.60E-06,7.61E-06,3.32E-06,6.60E-06,7.79E-06,8.90E-06,8.84E-06,8.54E-06,8.08E-06,7.60E-06,0,0,0,Mt
"DietaryTransition,date=2020-22-12T23:29:50+19:00",South America_Northern,P_fertilizer,PalmFruit,1.64E-05,4.53E-05,5.63E-05,5.28E-05,9.35E-05,1.13E-04,1.27E-04,1.19E-04,1.11E-04,1.03E-04,9.40E-05,0,0,0,Mt
"DietaryTransition,date=2020-22-12T23:29:50+19:00",South America_Northern,P_fertilizer,Rice,3.04E-04,5.86E-04,9.98E-04,0.001222129,0.001340499,0.001526593,0.00174225,0.001902666,0.002055009,0.00222486,0.002412998,0,0,0,Mt
"DietaryTransition,date=2020-22-12T23:29:50+19:00",South America_Northern,P_fertilizer,RootTuber,2.66E-06,1.53E-06,1.15E-06,1.37E-06,1.14E-06,1.20E-06,1.29E-06,1.35E-06,1.40E-06,1.45E-06,1.48E-06,0,0,0,Mt
"DietaryTransition,date=2020-22-12T23:29:50+19:00",South America_Northern,P_fertilizer,Soybean,4.12E-07,1.50E-07,1.28E-07,1.10E-07,8.09E-08,7.80E-08,7.70E-08,7.88E-08,8.09E-08,8.37E-08,8.82E-08,0,0,0,Mt
"DietaryTransition,date=2020-22-12T23:29:50+19:00",South America_Northern,P_fertilizer,SugarCrop,1.64E-04,2.44E-04,3.30E-04,3.25E-04,3.43E-04,3.77E-04,4.11E-04,4.20E-04,4.28E-04,4.35E-04,4.40E-04,0,0,0,Mt
"DietaryTransition,date=2020-22-12T23:29:50+19:00",South America_Northern,P_fertilizer,Vegetables,5.16E-07,1.49E-06,3.10E-06,6.90E-06,3.85E-06,3.88E-06,4.47E-06,4.72E-06,4.88E-06,5.01E-06,5.09E-06,0,0,0,Mt
"DietaryTransition,date=2020-22-12T23:29:50+19:00",South America_Southern,P_fertilizer,Corn,0.008529607,0.019884013,0.022250057,0.027815551,0.026486778,0.029395389,0.031917823,0.03411313,0.036441115,0.039063762,0.040896308,0,0,0,Mt
"DietaryTransition,date=2020-22-12T23:29:50+19:00",South America_Southern,P_fertilizer,FiberCrop,0.002283994,0.003925963,0.001057546,9.35E-04,9.08E-04,9.81E-04,0.001050503,0.001092923,0.001121333,0.001150127,0.001179275,0,0,0,Mt
"DietaryTransition,date=2020-22-12T23:29:50+19:00",South America_Southern,P_fertilizer,Fruits,0.001500248,0.003171359,0.002940841,0.003118061,0.003085448,0.0031212,0.003106798,0.003072264,0.003024949,0.002958003,0.002868826,0,0,0,Mt
"DietaryTransition,date=2020-22-12T23:29:50+19:00",South America_Southern,P_fertilizer,Legumes,4.66E-04,0.001115653,8.47E-04,9.73E-04,0.002129452,0.002412717,0.002732576,0.003285693,0.003843667,0.004400853,0.004947336,0,0,0,Mt
"DietaryTransition,date=2020-22-12T23:29:50+19:00",South America_Southern,P_fertilizer,MiscCrop,2.10E-05,3.06E-05,1.47E-05,1.57E-05,7.38E-06,7.16E-06,6.71E-06,5.37E-06,4.36E-06,3.59E-06,2.99E-06,0,0,0,Mt
"DietaryTransition,date=2020-22-12T23:29:50+19:00",South America_Southern,P_fertilizer,NutsSeeds,2.76E-04,8.42E-04,6.93E-04,9.07E-04,0.004685252,0.006269685,0.008413496,0.008937714,0.009165603,0.009215323,0.009222389,0,0,0,Mt
"DietaryTransition,date=2020-22-12T23:29:50+19:00",South America_Southern,P_fertilizer,OilCrop,0.001073574,0.002422447,0.002064509,0.00208069,0.003736424,0.004657542,0.005589784,0.006352976,0.007100419,0.007885867,0.00851284,0,0,0,Mt
"DietaryTransition,date=2020-22-12T23:29:50+19:00",South America_Southern,P_fertilizer,OtherGrain,0.004179319,0.008455355,0.006427232,0.00761614,0.006418805,0.006306271,0.006157296,0.006100209,0.00606499,0.006035942,0.006044727,0,0,0,Mt
"DietaryTransition,date=2020-22-12T23:29:50+19:00",South America_Southern,P_fertilizer,PalmFruit,4.81E-07,4.50E-07,4.57E-07,7.57E-07,8.06E-07,8.86E-07,9.67E-07,1.08E-06,1.16E-06,1.26E-06,1.34E-06,0,0,0,Mt
"DietaryTransition,date=2020-22-12T23:29:50+19:00",South America_Southern,P_fertilizer,Rice,0.00566846,0.014101322,0.0125868,0.013970169,0.017083498,0.019735677,0.022829022,0.026248717,0.029791221,0.033824244,0.038135931,0,0,0,Mt
"DietaryTransition,date=2020-22-12T23:29:50+19:00",South America_Southern,P_fertilizer,RootTuber,0.001640301,0.004826584,0.003214668,0.003774523,0.003968299,0.00414886,0.004351522,0.004715769,0.005080378,0.005403824,0.005697871,0,0,0,Mt
"DietaryTransition,date=2020-22-12T23:29:50+19:00",South America_Southern,P_fertilizer,Soybean,0.002499738,0.025338178,0.034363762,0.056420842,0.058091257,0.064312349,0.069566694,0.071927614,0.073747245,0.076240983,0.07875186,0,0,0,Mt
"DietaryTransition,date=2020-22-12T23:29:50+19:00",South America_Southern,P_fertilizer,SugarCrop,0.001448113,0.002686385,0.002937782,0.003291605,0.003255971,0.003300135,0.003337976,0.003452395,0.003553195,0.003646073,0.003726536,0,0,0,Mt
"DietaryTransition,date=2020-22-12T23:29:50+19:00",South America_Southern,P_fertilizer,Vegetables,2.86E-04,7.38E-04,6.72E-04,7.00E-04,0.001586756,0.001776859,0.001961522,0.002091924,0.002177447,0.002226146,0.002239659,0,0,0,Mt
"DietaryTransition,date=2020-22-12T23:29:50+19:00",South America_Southern,P_fertilizer,Wheat,0.021542228,0.026154123,0.028851229,0.028799794,0.029543793,0.03217565,0.035020036,0.037587245,0.040225117,0.042963202,0.045842712,0,0,0,Mt
"DietaryTransition,date=2020-22-12T23:29:50+19:00",South Asia,P_fertilizer,Corn,0.009063393,0.008693972,0.009587862,0.013003773,0.014513443,0.016520587,0.018268035,0.020253952,0.022287186,0.024357811,0.026344397,0,0,0,Mt
"DietaryTransition,date=2020-22-12T23:29:50+19:00",South Asia,P_fertilizer,FiberCrop,0.007926672,0.007066876,0.009826431,0.011920721,0.011338611,0.011702386,0.011941327,0.012110762,0.012152649,0.012252034,0.01245436,0,0,0,Mt
"DietaryTransition,date=2020-22-12T23:29:50+19:00",South Asia,P_fertilizer,Fruits,3.35E-04,6.75E-04,7.32E-04,8.33E-04,8.44E-04,9.14E-04,9.62E-04,0.001008801,0.001042353,0.001061208,0.001070534,0,0,0,Mt
"DietaryTransition,date=2020-22-12T23:29:50+19:00",South Asia,P_fertilizer,Legumes,0.003071259,0.002242912,0.001891568,0.002523635,0.003171103,0.003517539,0.003856591,0.004036188,0.004133514,0.00417763,0.004173301,0,0,0,Mt
"DietaryTransition,date=2020-22-12T23:29:50+19:00",South Asia,P_fertilizer,MiscCrop,0.002071471,0.002678616,0.002936996,0.003190087,0.001656029,0.001616177,0.001582908,0.001535073,0.001491475,0.001456322,0.001413188,0,0,0,Mt
"DietaryTransition,date=2020-22-12T23:29:50+19:00",South Asia,P_fertilizer,NutsSeeds,5.37E-04,2.63E-04,2.85E-04,3.11E-04,9.51E-04,0.001255061,0.001600776,0.001900921,0.002204034,0.002504188,0.002801046,0,0,0,Mt
"DietaryTransition,date=2020-22-12T23:29:50+19:00",South Asia,P_fertilizer,OilCrop,0.00334653,0.002862985,0.003024777,0.0036909,0.005568995,0.006655811,0.007741316,0.00881976,0.009932122,0.011101365,0.012184679,0,0,0,Mt
"DietaryTransition,date=2020-22-12T23:29:50+19:00",South Asia,P_fertilizer,OtherGrain,0.002035002,0.002828156,0.003106185,0.003262081,0.00394868,0.004528993,0.005119919,0.005564467,0.006040027,0.006535882,0.007027541,0,0,0,Mt
"DietaryTransition,date=2020-22-12T23:29:50+19:00",South Asia,P_fertilizer,PalmFruit,0.003806906,0.003371143,0.003658637,0.004980926,0.004563704,0.004900431,0.005170031,0.005300799,0.005367779,0.005386473,0.005343879,0,0,0,Mt
"DietaryTransition,date=2020-22-12T23:29:50+19:00",South Asia,P_fertilizer,Rice,0.177694484,0.222619976,0.251508038,0.263059849,0.272116148,0.297350338,0.323734532,0.350419437,0.378195429,0.406329004,0.433617741,0,0,0,Mt
"DietaryTransition,date=2020-22-12T23:29:50+19:00",South Asia,P_fertilizer,RootTuber,0.001815738,0.005362405,0.007626444,0.009049742,0.009678358,0.010628543,0.011650114,0.012745413,0.013890527,0.015055677,0.016205775,0,0,0,Mt
"DietaryTransition,date=2020-22-12T23:29:50+19:00",South Asia,P_fertilizer,Soybean,2.26E-04,2.59E-04,3.27E-04,4.49E-04,3.94E-04,4.03E-04,4.01E-04,3.99E-04,3.93E-04,3.89E-04,3.83E-04,0,0,0,Mt
"DietaryTransition,date=2020-22-12T23:29:50+19:00",South Asia,P_fertilizer,SugarCrop,0.003135651,0.002882421,0.002107437,0.002123578,0.002060119,0.002172104,0.002253865,0.002306299,0.002373321,0.002451567,0.002490038,0,0,0,Mt
"DietaryTransition,date=2020-22-12T23:29:50+19:00",South Asia,P_fertilizer,Vegetables,2.18E-04,5.29E-04,6.76E-04,8.18E-04,0.001909807,0.002383227,0.002851268,0.003283563,0.003704374,0.004093626,0.004434347,0,0,0,Mt
"DietaryTransition,date=2020-22-12T23:29:50+19:00",South Asia,P_fertilizer,Wheat,0.010906509,0.013970642,0.012611119,0.015707983,0.019478229,0.021538971,0.023945496,0.025562681,0.027243355,0.029114461,0.030100618,0,0,0,Mt
"DietaryTransition,date=2020-22-12T23:29:50+19:00",Southeast Asia,P_fertilizer,Corn,0.051107436,0.061660328,0.053121561,0.058348491,0.053392315,0.053692084,0.053657934,0.054731836,0.055798614,0.056684797,0.057466259,0,0,0,Mt
"DietaryTransition,date=2020-22-12T23:29:50+19:00",Southeast Asia,P_fertilizer,FiberCrop,0.001771979,0.002444324,0.002684751,0.003597999,0.003297565,0.003437342,0.003547524,0.003871817,0.004170176,0.004467458,0.004772646,0,0,0,Mt
"DietaryTransition,date=2020-22-12T23:29:50+19:00",Southeast Asia,P_fertilizer,Fruits,0.003740909,0.006396646,0.005685795,0.005866952,0.006129097,0.006171729,0.006142326,0.006208125,0.006216282,0.006170883,0.00608655,0,0,0,Mt
"DietaryTransition,date=2020-22-12T23:29:50+19:00",Southeast Asia,P_fertilizer,Legumes,0.00828783,0.017098016,0.021130315,0.025131256,0.035106306,0.036825612,0.038718978,0.040501887,0.042096495,0.043403893,0.044506628,0,0,0,Mt
"DietaryTransition,date=2020-22-12T23:29:50+19:00",Southeast Asia,P_fertilizer,MiscCrop,7.99E-04,7.65E-04,9.10E-04,0.001249316,5.48E-04,5.37E-04,5.08E-04,4.73E-04,4.40E-04,4.12E-04,3.87E-04,0,0,0,Mt
"DietaryTransition,date=2020-22-12T23:29:50+19:00",Southeast Asia,P_fertilizer,NutsSeeds,0.00679174,0.010688814,0.012377849,0.012912946,0.024398026,0.026470037,0.028691917,0.031249918,0.033685293,0.035979702,0.038114007,0,0,0,Mt
"DietaryTransition,date=2020-22-12T23:29:50+19:00",Southeast Asia,P_fertilizer,OilCrop,0.003905172,0.007721926,0.010093912,0.008571881,0.011291461,0.012638001,0.014020035,0.016499904,0.019182021,0.022107587,0.025027456,0,0,0,Mt
"DietaryTransition,date=2020-22-12T23:29:50+19:00",Southeast Asia,P_fertilizer,OtherGrain,0.002545419,0.001978363,0.002116052,0.002442769,0.002236564,0.00231049,0.002374257,0.002408495,0.002447758,0.002493223,0.002548086,0,0,0,Mt
"DietaryTransition,date=2020-22-12T23:29:50+19:00",Southeast Asia,P_fertilizer,PalmFruit,0.015818196,0.023663731,0.021734329,0.021512086,0.023724431,0.025555912,0.027263376,0.02493304,0.02297397,0.021959388,0.020648769,0,0,0,Mt
"DietaryTransition,date=2020-22-12T23:29:50+19:00",Southeast Asia,P_fertilizer,Rice,0.206618909,0.342941321,0.322346669,0.326973599,0.362953131,0.402248292,0.442161808,0.480430797,0.517685172,0.556182497,0.594654985,0,0,0,Mt
"DietaryTransition,date=2020-22-12T23:29:50+19:00",Southeast Asia,P_fertilizer,RootTuber,0.019881205,0.016082358,0.015855009,0.019152761,0.021819966,0.023910779,0.025742567,0.026898637,0.027703574,0.028189164,0.028425365,0,0,0,Mt
"DietaryTransition,date=2020-22-12T23:29:50+19:00",Southeast Asia,P_fertilizer,Soybean,0.005197991,0.005466784,0.004807481,0.003225088,0.002770078,0.002681145,0.002589856,0.00260651,0.002624337,0.002658349,0.002693065,0,0,0,Mt
"DietaryTransition,date=2020-22-12T23:29:50+19:00",Southeast Asia,P_fertilizer,SugarCrop,0.024308743,0.036945026,0.032598287,0.036633337,0.042432888,0.047305026,0.051349704,0.054497476,0.057802951,0.061045235,0.063212805,0,0,0,Mt
"DietaryTransition,date=2020-22-12T23:29:50+19:00",Southeast Asia,P_fertilizer,Vegetables,3.63E-04,6.87E-04,6.06E-04,6.69E-04,5.92E-04,5.97E-04,5.94E-04,5.86E-04,5.73E-04,5.57E-04,5.38E-04,0,0,0,Mt
"DietaryTransition,date=2020-22-12T23:29:50+19:00",Southeast Asia,P_fertilizer,Wheat,0.001419309,8.25E-04,8.83E-04,8.90E-04,9.27E-04,0.001007203,0.00109115,0.001282526,0.001485868,0.001701743,0.001928697,0,0,0,Mt
"DietaryTransition,date=2020-22-12T23:29:50+19:00",USA,P_fertilizer,Corn,0.805232873,0.984479543,0.90098908,1.029521024,0.898416998,0.91079151,0.909489513,0.899130352,0.889360207,0.902287461,0.924039519,0,0,0,Mt
"DietaryTransition,date=2020-22-12T23:29:50+19:00",USA,P_fertilizer,FiberCrop,0.077832123,0.08773014,0.053607315,0.056149805,0.049033074,0.049925469,0.050383689,0.050742329,0.050848857,0.050882291,0.05113309,0,0,0,Mt
"DietaryTransition,date=2020-22-12T23:29:50+19:00",USA,P_fertilizer,Fruits,0.001020384,0.001218208,0.001024947,9.85E-04,9.47E-04,9.59E-04,9.60E-04,9.54E-04,9.46E-04,9.36E-04,9.26E-04,0,0,0,Mt
"DietaryTransition,date=2020-22-12T23:29:50+19:00",USA,P_fertilizer,Legumes,0.002142431,0.001639863,0.001565684,0.001770912,0.004271701,0.004692421,0.005187152,0.005696317,0.006172949,0.006591848,0.006958196,0,0,0,Mt
"DietaryTransition,date=2020-22-12T23:29:50+19:00",USA,P_fertilizer,MiscCrop,9.87E-04,5.09E-04,4.37E-04,4.53E-04,2.03E-04,1.95E-04,1.85E-04,1.77E-04,1.71E-04,1.65E-04,1.61E-04,0,0,0,Mt
"DietaryTransition,date=2020-22-12T23:29:50+19:00",USA,P_fertilizer,NutsSeeds,0.005002587,0.003525624,0.002905602,0.002940238,0.008559919,0.009354442,0.010242598,0.011124609,0.011959883,0.012729165,0.013428143,0,0,0,Mt
"DietaryTransition,date=2020-22-12T23:29:50+19:00",USA,P_fertilizer,OilCrop,0.005834733,0.005852442,0.00491624,0.0052288,0.008489099,0.009338117,0.010301673,0.011114637,0.011917333,0.01270965,0.013334549,0,0,0,Mt
"DietaryTransition,date=2020-22-12T23:29:50+19:00",USA,P_fertilizer,OtherGrain,0.048006004,0.02943402,0.020692148,0.02604266,0.022534608,0.022607507,0.022566972,0.022731914,0.022902003,0.023022682,0.023180105,0,0,0,Mt
"DietaryTransition,date=2020-22-12T23:29:50+19:00",USA,P_fertilizer,Rice,0.016528792,0.018044535,0.014962962,0.014335251,0.018080735,0.020020664,0.022112999,0.024293206,0.026490804,0.028781393,0.030974153,0,0,0,Mt
"DietaryTransition,date=2020-22-12T23:29:50+19:00",USA,P_fertilizer,RootTuber,0.002955414,0.002763994,0.002262109,0.002342254,0.002682951,0.002806925,0.002921214,0.003036972,0.003141322,0.003233835,0.003316176,0,0,0,Mt
"DietaryTransition,date=2020-22-12T23:29:50+19:00",USA,P_fertilizer,Soybean,0.212532649,0.290390021,0.264223283,0.313506692,0.308471529,0.314898116,0.317044189,0.324596609,0.33424696,0.350994658,0.367997588,0,0,0,Mt
"DietaryTransition,date=2020-22-12T23:29:50+19:00",USA,P_fertilizer,SugarCrop,0.002683427,0.002757088,0.002238439,0.00239898,0.002346732,0.002423397,0.002490013,0.002515296,0.0025546,0.00260556,0.002647497,0,0,0,Mt
"DietaryTransition,date=2020-22-12T23:29:50+19:00",USA,P_fertilizer,Vegetables,4.65E-04,4.75E-04,4.13E-04,4.26E-04,9.51E-04,0.00100872,0.001066189,0.001114322,0.001156054,0.001191965,0.001224041,0,0,0,Mt
"DietaryTransition,date=2020-22-12T23:29:50+19:00",USA,P_fertilizer,Wheat,0.400001393,0.348951503,0.291031503,0.269322555,0.290732474,0.323948542,0.361499899,0.391448677,0.421417789,0.451239513,0.481163455,0,0,0,Mt