Series Name,Series Code,Country Name,Country Code,1990 [YR1990],2000 [YR2000],2011 [YR2011],2012 [YR2012],2013 [YR2013],2014 [YR2014],2015 [YR2015],2016 [YR2016],2017 [YR2017],2018 [YR2018],2019 [YR2019],2020 [YR2020]
Employment in agriculture (% of total employment) (modeled ILO estimate),SL.AGR.EMPL.ZS,Afghanistan,AFG,..,65.8970031738281,53.6199989318848,51.435001373291,49.8419990539551,48.451000213623,47.1139984130859,45.8030014038086,43.9889984130859,43.3839988708496,42.8390007019043,42.3520011901855
Employment in agriculture (% of total employment) (modeled ILO estimate),SL.AGR.EMPL.ZS,Albania,ALB,..,51.5909996032715,45.3880004882813,46.0429992675781,44.1980018615723,42.8889999389648,41.3629989624023,39.7589988708496,38.2039985656738,37.3139991760254,36.6910018920898,36.0919990539551
Employment in agriculture (% of total employment) (modeled ILO estimate),SL.AGR.EMPL.ZS,Algeria,DZA,..,22.2059993743896,10.7700004577637,10.6929998397827,10.6149997711182,10.5010004043579,10.3470001220703,10.2519998550415,10.1599998474121,10.0229997634888,9.85599994659424,9.70800018310547
Employment in agriculture (% of total employment) (modeled ILO estimate),SL.AGR.EMPL.ZS,American Samoa,ASM,..,..,..,..,..,..,..,..,..,..,..,..
Employment in agriculture (% of total employment) (modeled ILO estimate),SL.AGR.EMPL.ZS,Andorra,AND,..,..,..,..,..,..,..,..,..,..,..,..
Employment in agriculture (% of total employment) (modeled ILO estimate),SL.AGR.EMPL.ZS,Angola,AGO,..,37.5149993896484,51.2179985046387,51.1399993896484,50.9949989318848,50.7680015563965,50.6030006408691,50.6220016479492,50.5579986572266,50.5180015563965,50.3800010681152,50.1809997558594
Employment in agriculture (% of total employment) (modeled ILO estimate),SL.AGR.EMPL.ZS,Antigua and Barbuda,ATG,..,..,..,..,..,..,..,..,..,..,..,..
Employment in agriculture (% of total employment) (modeled ILO estimate),SL.AGR.EMPL.ZS,Argentina,ARG,..,0.672999978065491,0.635999977588654,0.61599999666214,0.619000017642975,0.549000024795532,0.261000007390976,0.125,0.0590000003576279,0.0949999988079071,0.0920000001788139,0.0869999974966049
Employment in agriculture (% of total employment) (modeled ILO estimate),SL.AGR.EMPL.ZS,Armenia,ARM,..,43.2490005493164,38.9290008544922,37.25,36.2760009765625,34.826000213623,35.3289985656738,33.5989990234375,31.3439998626709,30.4360008239746,29.6380004882813,28.8859996795654
Employment in agriculture (% of total employment) (modeled ILO estimate),SL.AGR.EMPL.ZS,Aruba,ABW,..,..,..,..,..,..,..,..,..,..,..,..
Employment in agriculture (% of total employment) (modeled ILO estimate),SL.AGR.EMPL.ZS,Australia,AUS,..,4.85699987411499,2.8199999332428,2.80200004577637,2.61800003051758,2.80100011825562,2.63899993896484,2.61999988555908,2.59599995613098,2.61700010299683,2.55999994277954,2.50799989700317
Employment in agriculture (% of total employment) (modeled ILO estimate),SL.AGR.EMPL.ZS,Austria,AUT,..,6.05100011825562,4.93800020217896,4.67500019073486,4.57600021362305,4.83699989318848,4.5310001373291,4.34800004959106,3.9300000667572,3.69400000572205,3.58100008964539,3.48099994659424
Employment in agriculture (% of total employment) (modeled ILO estimate),SL.AGR.EMPL.ZS,Azerbaijan,AZE,..,41.0099983215332,37.8800010681152,37.6500015258789,37.0999984741211,36.7540016174316,36.3600006103516,36.3400001525879,36.3499984741211,36.2599983215332,35.8699989318848,35.507999420166
Employment in agriculture (% of total employment) (modeled ILO estimate),SL.AGR.EMPL.ZS,"Bahamas, The",BHS,..,4.10699987411499,2.70099997520447,2.61500000953674,2.54800009727478,2.47000002861023,2.40799999237061,2.34500002861023,2.26799988746643,2.19799995422363,2.13800001144409,2.09400010108948
Employment in agriculture (% of total employment) (modeled ILO estimate),SL.AGR.EMPL.ZS,Bahrain,BHR,..,1.64100003242493,1.09599995613098,1.09200000762939,1.08500003814697,1.07799994945526,1.07500004768372,1.04799997806549,1.02300000190735,1.00399994850159,0.986000001430511,0.967000007629395
Employment in agriculture (% of total employment) (modeled ILO estimate),SL.AGR.EMPL.ZS,Bangladesh,BGD,..,64.806999206543,46.4799995422363,45.6809997558594,44.9220008850098,44.2820014953613,43.4640007019043,42.6640014648438,40.5970001220703,39.4570007324219,38.5769996643066,37.7480010986328
Employment in agriculture (% of total employment) (modeled ILO estimate),SL.AGR.EMPL.ZS,Barbados,BRB,..,4.22599983215332,3.26999998092651,2.77999997138977,2.71000003814697,2.71799993515015,2.89199995994568,2.85800004005432,2.75999999046326,2.69300007820129,2.63000011444092,2.56200003623962
Employment in agriculture (% of total employment) (modeled ILO estimate),SL.AGR.EMPL.ZS,Belarus,BLR,..,14.8400001525879,10.7650003433228,10.5089998245239,10.21399974823,9.94200038909912,9.69900035858154,9.72599983215332,10.6960000991821,11.3129997253418,11.0179996490479,10.7620000839233
Employment in agriculture (% of total employment) (modeled ILO estimate),SL.AGR.EMPL.ZS,Belgium,BEL,..,1.90799999237061,1.30099999904633,1.17200005054474,1.36000001430511,1.21800005435944,1.17700004577637,1.25100004673004,1.16400003433228,0.994000017642975,0.961000025272369,0.935000002384186
Employment in agriculture (% of total employment) (modeled ILO estimate),SL.AGR.EMPL.ZS,Belize,BLZ,..,25.951000213623,18.8050003051758,18.6089992523193,18.4680004119873,18.2450008392334,18.0820007324219,18.5620002746582,17.4179992675781,17.0860004425049,16.8460006713867,16.5900001525879
Employment in agriculture (% of total employment) (modeled ILO estimate),SL.AGR.EMPL.ZS,Benin,BEN,..,47.9080009460449,43.6129989624023,43.0589981079102,42.2550010681152,41.5299987792969,41.1809997558594,40.7550010681152,40.0429992675781,39.2470016479492,38.5779991149902,37.9620018005371
Employment in agriculture (% of total employment) (modeled ILO estimate),SL.AGR.EMPL.ZS,Bermuda,BMU,..,..,..,..,..,..,..,..,..,..,..,..
Employment in agriculture (% of total employment) (modeled ILO estimate),SL.AGR.EMPL.ZS,Bhutan,BTN,..,65.2229995727539,60.1500015258789,58.1430015563965,56.3400001525879,56.6500015258789,57.9959983825684,57.1399993896484,56.5830001831055,55.9879989624023,55.314998626709,54.6209983825684
Employment in agriculture (% of total employment) (modeled ILO estimate),SL.AGR.EMPL.ZS,Bolivia,BOL,..,38.9389991760254,29.7849998474121,27.7910003662109,29.2280006408691,30.8519992828369,27.8479995727539,29.681999206543,30.4890003204346,31.0639991760254,30.7089996337891,30.3659992218018
Employment in agriculture (% of total employment) (modeled ILO estimate),SL.AGR.EMPL.ZS,Bosnia and Herzegovina,BIH,..,24.5869998931885,19.613000869751,20.5580005645752,18.7320003509521,17.0790004730225,17.5109996795654,17.9570007324219,16.8129997253418,15.7250003814697,15.3830003738403,15.0880002975464
Employment in agriculture (% of total employment) (modeled ILO estimate),SL.AGR.EMPL.ZS,Botswana,BWA,..,19.9549999237061,24.2089996337891,23.7929992675781,23.1350002288818,22.6259994506836,22.2509994506836,21.7910003662109,21.3959999084473,21.0270004272461,20.6870002746582,20.3859996795654
Employment in agriculture (% of total employment) (modeled ILO estimate),SL.AGR.EMPL.ZS,Brazil,BRA,..,16.4790000915527,11.9890003204346,11.4689998626709,11.1660003662109,10.335000038147,10.2030000686646,10.1370000839233,9.45499992370605,9.25899982452393,9.2209997177124,9.11999988555908
Employment in agriculture (% of total employment) (modeled ILO estimate),SL.AGR.EMPL.ZS,British Virgin Islands,VGB,..,..,..,..,..,..,..,..,..,..,..,..
Employment in agriculture (% of total employment) (modeled ILO estimate),SL.AGR.EMPL.ZS,Brunei Darussalam,BRN,..,1.23800003528595,0.652999997138977,0.61599999666214,0.583000004291534,0.550000011920929,0.745000004768372,1.00899994373322,1.35800004005432,1.37100005149841,1.36300003528595,1.34800004959106
Employment in agriculture (% of total employment) (modeled ILO estimate),SL.AGR.EMPL.ZS,Bulgaria,BGR,..,13.1960000991821,6.77899980545044,6.44000005722046,6.65999984741211,7.00799989700317,6.85599994659424,6.75299978256226,7.01399993896484,6.57800006866455,6.39300012588501,6.26100015640259
Employment in agriculture (% of total employment) (modeled ILO estimate),SL.AGR.EMPL.ZS,Burkina Faso,BFA,..,80.3339996337891,43.6529998779297,39.1370010375977,34.701000213623,30.3770008087158,29.1319999694824,27.951000213623,26.8689994812012,25.9029998779297,25.2250003814697,24.6520004272461
Employment in agriculture (% of total employment) (modeled ILO estimate),SL.AGR.EMPL.ZS,Burundi,BDI,..,92.2389984130859,92.0690002441406,92.0120010375977,91.9670028686523,91.9010009765625,91.984001159668,92.0080032348633,92.0189971923828,92.0110015869141,92.0230026245117,92.0329971313477
Employment in agriculture (% of total employment) (modeled ILO estimate),SL.AGR.EMPL.ZS,Cabo Verde,CPV,..,22.9260005950928,15.7670001983643,15.4829998016357,15.1750001907349,14.8660001754761,14.576000213623,14.0830001831055,13.6140003204346,11.8380002975464,11.460000038147,11.1230001449585
Employment in agriculture (% of total employment) (modeled ILO estimate),SL.AGR.EMPL.ZS,Cambodia,KHM,..,73.4759979248047,56.5480003356934,53.2099990844727,49.5229988098145,45.9959983825684,42.4679985046387,37.5400009155273,35.2809982299805,33.6549987792969,32.2970008850098,31.1529998779297
Employment in agriculture (% of total employment) (modeled ILO estimate),SL.AGR.EMPL.ZS,Cameroon,CMR,..,66.4660034179688,53.2960014343262,51.4500007629395,49.4980010986328,47.6129989624023,46.5359992980957,45.6300010681152,44.8330001831055,44.0670013427734,43.4370002746582,42.867000579834
Employment in agriculture (% of total employment) (modeled ILO estimate),SL.AGR.EMPL.ZS,Canada,CAN,..,2.51600003242493,1.78799998760223,1.75300002098083,1.77499997615814,1.71399998664856,1.64300000667572,1.5789999961853,1.51800000667572,1.48599994182587,1.45200002193451,1.4210000038147
Employment in agriculture (% of total employment) (modeled ILO estimate),SL.AGR.EMPL.ZS,Cayman Islands,CYM,..,..,..,..,..,..,..,..,..,..,..,..
Employment in agriculture (% of total employment) (modeled ILO estimate),SL.AGR.EMPL.ZS,Central African Republic,CAF,..,80.3010025024414,78.4889984130859,78.1360015869141,79.0110015869141,78.8310012817383,78.5070037841797,78.1729965209961,77.8610000610352,77.5670013427734,77.322998046875,77.0810012817383
Employment in agriculture (% of total employment) (modeled ILO estimate),SL.AGR.EMPL.ZS,Chad,TCD,..,82.2119979858398,78.3499984741211,77.9509963989258,77.5670013427734,77.1829986572266,76.9680023193359,77.036003112793,76.9929962158203,76.7440032958984,76.5559997558594,76.2819976806641
Employment in agriculture (% of total employment) (modeled ILO estimate),SL.AGR.EMPL.ZS,Channel Islands,CHI,..,6.08599996566772,4.58300018310547,4.44799995422363,4.31300020217896,4.16800022125244,4.03200006484985,3.91000008583069,3.79500007629395,3.68400001525879,3.58699989318848,3.49799990653992
Employment in agriculture (% of total employment) (modeled ILO estimate),SL.AGR.EMPL.ZS,Chile,CHL,..,14.4399995803833,10.2609996795654,9.98200035095215,9.47500038146973,9.40200042724609,9.37800025939941,9.47999954223633,9.2519998550415,9.21599960327148,9.0019998550415,8.77299976348877
Employment in agriculture (% of total employment) (modeled ILO estimate),SL.AGR.EMPL.ZS,China,CHN,..,50.0099983215332,34.7999992370605,33.5999984741211,31.3999996185303,29.5,28.5799999237061,27.7000007629395,26.9799995422363,26.1019992828369,25.363000869751,24.7290000915527
Employment in agriculture (% of total employment) (modeled ILO estimate),SL.AGR.EMPL.ZS,Colombia,COL,..,22.3339996337891,17.8110008239746,17.4080009460449,16.6000003814697,16.2290000915527,16.0060005187988,16.0060005187988,16.5340003967285,16.7089996337891,16.613000869751,16.4529991149902
Employment in agriculture (% of total employment) (modeled ILO estimate),SL.AGR.EMPL.ZS,Comoros,COM,..,56.632999420166,53.2970008850098,52.8880004882813,52.3810005187988,52.0540008544922,51.7980003356934,51.4459991455078,51.0390014648438,50.6110000610352,50.375,49.9370002746582
Employment in agriculture (% of total employment) (modeled ILO estimate),SL.AGR.EMPL.ZS,"Congo, Dem. Rep.",COD,..,73.1549987792969,69.5289993286133,68.9729995727539,68.3219985961914,67.5940017700195,66.9820022583008,66.6940002441406,66.3270034790039,65.7959976196289,65.4309997558594,65.125
Employment in agriculture (% of total employment) (modeled ILO estimate),SL.AGR.EMPL.ZS,"Congo, Rep.",COG,..,41.8250007629395,36.9959983825684,36.4900016784668,36.0050010681152,35.3880004882813,34.9620018005371,34.9819984436035,34.9389991760254,34.6030006408691,34.1300010681152,33.7760009765625
Employment in agriculture (% of total employment) (modeled ILO estimate),SL.AGR.EMPL.ZS,Costa Rica,CRI,..,16.2950000762939,10.9049997329712,10.2790002822876,9.89700031280518,11.1599998474121,12.3070001602173,12.21399974823,12.5799999237061,12.3979997634888,12.1090002059937,11.8909997940063
Employment in agriculture (% of total employment) (modeled ILO estimate),SL.AGR.EMPL.ZS,Cote d'Ivoire,CIV,..,50.0009994506836,47.359001159668,46.1910018920898,45.1699981689453,44.3709983825684,43.556999206543,42.7480010986328,41.890998840332,40.9189987182617,40.048999786377,39.2669982910156
Employment in agriculture (% of total employment) (modeled ILO estimate),SL.AGR.EMPL.ZS,Croatia,HRV,..,16.5459995269775,14.5880002975464,12.2530002593994,10.78600025177,9.51900005340576,9.22799968719482,7.60200023651123,6.97900009155273,6.24100017547607,5.96299982070923,5.7519998550415
Employment in agriculture (% of total employment) (modeled ILO estimate),SL.AGR.EMPL.ZS,Cuba,CUB,..,27.1200008392334,19.6879997253418,19.261999130249,18.6119995117188,18.8959999084473,18.5669994354248,18.2940006256104,18.0109996795654,17.7490005493164,17.507999420166,17.2910003662109
Employment in agriculture (% of total employment) (modeled ILO estimate),SL.AGR.EMPL.ZS,Curacao,CUW,..,..,..,..,..,..,..,..,..,..,..,..
Employment in agriculture (% of total employment) (modeled ILO estimate),SL.AGR.EMPL.ZS,Cyprus,CYP,..,5.40500020980835,3.82800006866455,2.91199994087219,3.10599994659424,4.42999982833862,3.99499988555908,3.64400005340576,2.52800011634827,2.16599988937378,2.07100009918213,1.98300004005432
Employment in agriculture (% of total employment) (modeled ILO estimate),SL.AGR.EMPL.ZS,Czech Republic,CZE,..,5.2189998626709,2.98900008201599,3.04999995231628,3.02999997138977,2.74900007247925,2.92499995231628,2.90100002288818,2.80299997329712,2.80200004577637,2.71799993515015,2.63599991798401
Employment in agriculture (% of total employment) (modeled ILO estimate),SL.AGR.EMPL.ZS,Denmark,DNK,..,3.66799998283386,2.40100002288818,2.59400010108948,2.53999996185303,2.48300004005432,2.49699997901917,2.53200006484985,2.21000003814697,2.24300003051758,2.18600010871887,2.12199997901917
Employment in agriculture (% of total employment) (modeled ILO estimate),SL.AGR.EMPL.ZS,Djibouti,DJI,..,44.9259986877441,39.8429985046387,39.1430015563965,38.382999420166,37.4560012817383,36.4780006408691,35.5400009155273,34.7430000305176,33.9140014648438,33.1220016479492,32.3959999084473
Employment in agriculture (% of total employment) (modeled ILO estimate),SL.AGR.EMPL.ZS,Dominica,DMA,..,..,..,..,..,..,..,..,..,..,..,..
Employment in agriculture (% of total employment) (modeled ILO estimate),SL.AGR.EMPL.ZS,Dominican Republic,DOM,..,15.6020002365112,12.039999961853,11.3590002059937,11.0819997787476,11.2589998245239,10.0459995269775,9.2790002822876,9.57699966430664,9.3129997253418,9.02099990844727,8.82400035858154
Employment in agriculture (% of total employment) (modeled ILO estimate),SL.AGR.EMPL.ZS,Ecuador,ECU,..,29.6650009155273,27.9060001373291,27.9810009002686,26.6499996185303,25.2800006866455,26.1919994354248,26.9419994354248,27.6940002441406,28.8250007629395,29.2019996643066,29.3859996795654
Employment in agriculture (% of total employment) (modeled ILO estimate),SL.AGR.EMPL.ZS,"Egypt, Arab Rep.",EGY,..,29.6299991607666,29.2390003204346,27.0709991455078,27.9589996337891,27.55299949646,25.8150005340576,25.5739994049072,25.0450000762939,24.3479995727539,23.7919998168945,23.2859992980957
Employment in agriculture (% of total employment) (modeled ILO estimate),SL.AGR.EMPL.ZS,El Salvador,SLV,..,21.613000869751,21.5869998931885,20.9699993133545,19.5860004425049,18.7639999389648,18.1100006103516,18.6790008544922,18.5750007629395,16.7080001831055,16.2810001373291,15.9829998016357
Employment in agriculture (% of total employment) (modeled ILO estimate),SL.AGR.EMPL.ZS,Equatorial Guinea,GNQ,..,51.5260009765625,41.2719993591309,41.5,41.4620018005371,41.4249992370605,41.9949989318848,42.3320007324219,42.0810012817383,42.0859985351563,42.3569984436035,42.5120010375977
Employment in agriculture (% of total employment) (modeled ILO estimate),SL.AGR.EMPL.ZS,Eritrea,ERI,..,65.5319976806641,63.8330001831055,63.3889999389648,63.7879981994629,62.3269996643066,63.0550003051758,62.3170013427734,62.7109985351563,61.6180000305176,61.2130012512207,60.8170013427734
Employment in agriculture (% of total employment) (modeled ILO estimate),SL.AGR.EMPL.ZS,Estonia,EST,..,6.36199998855591,4.41200017929077,4.49300003051758,4.26200008392334,3.85800004005432,3.90199995040894,3.89400005340576,3.52600002288818,3.29399991035461,3.18400001525879,3.07399988174438
Employment in agriculture (% of total employment) (modeled ILO estimate),SL.AGR.EMPL.ZS,Eswatini,SWZ,..,18.8939990997314,14.923999786377,14.5270004272461,14.076000213623,13.7770004272461,13.5369997024536,13.2040004730225,12.923999786377,12.6809997558594,12.4580001831055,12.2810001373291
Employment in agriculture (% of total employment) (modeled ILO estimate),SL.AGR.EMPL.ZS,Ethiopia,ETH,..,76.6880035400391,72.9810028076172,72.1019973754883,71.0339965820313,70.072998046875,69.1029968261719,68.1910018920898,67.3460006713867,66.7060012817383,66.1289978027344,65.6169967651367
Employment in agriculture (% of total employment) (modeled ILO estimate),SL.AGR.EMPL.ZS,Faroe Islands,FRO,..,..,..,..,..,..,..,..,..,..,..,..
Employment in agriculture (% of total employment) (modeled ILO estimate),SL.AGR.EMPL.ZS,Fiji,FJI,..,49.3800010681152,43.1629981994629,42.5900001525879,41.4500007629395,40.4339981079102,39.4389991760254,38.8979988098145,37.9410018920898,36.9309997558594,36.2599983215332,35.7190017700195
Employment in agriculture (% of total employment) (modeled ILO estimate),SL.AGR.EMPL.ZS,Finland,FIN,..,6.20800018310547,4.23099994659424,4.15999984741211,4.13199996948242,4.25600004196167,4.22399997711182,3.86500000953674,3.76300001144409,3.71199989318848,3.60599994659424,3.51200008392334
Employment in agriculture (% of total employment) (modeled ILO estimate),SL.AGR.EMPL.ZS,France,FRA,..,4.14300012588501,2.90899991989136,2.91899991035461,3.07500004768372,2.84500002861023,2.74499988555908,2.87199997901917,2.62899994850159,2.50799989700317,2.44300007820129,2.38000011444092
Employment in agriculture (% of total employment) (modeled ILO estimate),SL.AGR.EMPL.ZS,French Polynesia,PYF,..,10.9589996337891,8.54800033569336,8.36699962615967,8.19799995422363,7.94600009918213,7.73600006103516,7.53000020980835,7.30499982833862,7.08199977874756,6.88399982452393,6.77500009536743
Employment in agriculture (% of total employment) (modeled ILO estimate),SL.AGR.EMPL.ZS,Gabon,GAB,..,40.9869995117188,36.7330017089844,36.326000213623,35.8899993896484,35.4420013427734,34.9059982299805,34.3979988098145,33.8810005187988,33.3440017700195,32.8310012817383,32.359001159668
Employment in agriculture (% of total employment) (modeled ILO estimate),SL.AGR.EMPL.ZS,"Gambia, The",GMB,..,35.375,31.1770000457764,30.5389995574951,29.9680004119873,29.875,29.2180004119873,29.0620002746582,28.4799995422363,27.7530002593994,27.121000289917,26.5690002441406
Employment in agriculture (% of total employment) (modeled ILO estimate),SL.AGR.EMPL.ZS,Georgia,GEO,..,52.1730003356934,48.6209983825684,47.1290016174316,47.326000213623,46.060001373291,44.0480003356934,43.8139991760254,43.1269989013672,42.4249992370605,41.818000793457,41.2910003662109
Employment in agriculture (% of total employment) (modeled ILO estimate),SL.AGR.EMPL.ZS,Germany,DEU,..,2.63700008392334,1.64499998092651,1.56099998950958,1.44599997997284,1.42799997329712,1.39400005340576,1.30799996852875,1.27699995040894,1.24899995326996,1.21000003814697,1.1690000295639
Employment in agriculture (% of total employment) (modeled ILO estimate),SL.AGR.EMPL.ZS,Ghana,GHA,..,55.0550003051758,48.4109992980957,46.851001739502,45.3790016174316,40.4179992675781,35.1780014038086,33.7369995117188,31.9899997711182,30.4330005645752,29.2649993896484,28.4599990844727
Employment in agriculture (% of total employment) (modeled ILO estimate),SL.AGR.EMPL.ZS,Gibraltar,GIB,..,..,..,..,..,..,..,..,..,..,..,..
Employment in agriculture (% of total employment) (modeled ILO estimate),SL.AGR.EMPL.ZS,Greece,GRC,..,17.3959999084473,12.3489999771118,13.003999710083,13.6929998397827,13.5710000991821,12.8979997634888,12.3730001449585,12.081000328064,12.2679996490479,11.9820003509521,11.7069997787476
Employment in agriculture (% of total employment) (modeled ILO estimate),SL.AGR.EMPL.ZS,Greenland,GRL,..,..,..,..,..,..,..,..,..,..,..,..
Employment in agriculture (% of total employment) (modeled ILO estimate),SL.AGR.EMPL.ZS,Grenada,GRD,..,..,..,..,..,..,..,..,..,..,..,..
Employment in agriculture (% of total employment) (modeled ILO estimate),SL.AGR.EMPL.ZS,Guam,GUM,..,0.513000011444092,0.307000011205673,0.296000003814697,0.28600001335144,0.27700001001358,0.26800000667572,0.25900000333786,0.252000004053116,0.244000002741814,0.237000003457069,0.230000004172325
Employment in agriculture (% of total employment) (modeled ILO estimate),SL.AGR.EMPL.ZS,Guatemala,GTM,..,39.773998260498,32.9010009765625,32.2569999694824,30.8810005187988,31.5340003967285,31.8759994506836,29.3770008087158,31.7800006866455,31.7269992828369,31.4899997711182,31.2889995574951
Employment in agriculture (% of total employment) (modeled ILO estimate),SL.AGR.EMPL.ZS,Guinea,GIN,..,71.234001159668,66.9250030517578,66.3580017089844,65.8580017089844,65.3899993896484,64.8870010375977,64.0759963989258,63.0449981689453,62.2719993591309,61.742000579834,61.2509994506836
Employment in agriculture (% of total employment) (modeled ILO estimate),SL.AGR.EMPL.ZS,Guinea-Bissau,GNB,..,72.6940002441406,70.5279998779297,70.5719985961914,70.2600021362305,70.0739974975586,69.7350006103516,69.2639999389648,68.8539962768555,68.4980010986328,68.1380004882813,67.7939987182617
Employment in agriculture (% of total employment) (modeled ILO estimate),SL.AGR.EMPL.ZS,Guyana,GUY,..,24.8810005187988,20.05299949646,19.4640007019043,18.8929996490479,18.4799995422363,18.0480003356934,18.0960006713867,17.8129997253418,17.4869995117188,17.136999130249,16.8059997558594
Employment in agriculture (% of total employment) (modeled ILO estimate),SL.AGR.EMPL.ZS,Haiti,HTI,..,36.8240013122559,32.7270011901855,32.0589981079102,31.3719997406006,30.7900009155273,30.306999206543,29.8640003204346,29.4290008544922,28.9489994049072,28.6590003967285,28.3229999542236
Employment in agriculture (% of total employment) (modeled ILO estimate),SL.AGR.EMPL.ZS,Honduras,HND,..,35.9269981384277,35.3030014038086,37.0050010681152,34.5169982910156,28.8339996337891,28.7220001220703,27.3540000915527,31.9850006103516,30.6730003356934,30.2600002288818,30.1030006408691
Employment in agriculture (% of total employment) (modeled ILO estimate),SL.AGR.EMPL.ZS,"Hong Kong SAR, China",HKG,..,0.28999999165535,0.221000000834465,0.215000003576279,0.208000004291534,0.20100000500679,0.194000005722046,0.187999993562698,0.180999994277954,0.175999999046326,0.171000003814697,0.166999995708466
Employment in agriculture (% of total employment) (modeled ILO estimate),SL.AGR.EMPL.ZS,Hungary,HUN,..,6.46299982070923,4.88600015640259,5.06400012969971,4.77699995040894,4.67500019073486,4.90000009536743,5.03999996185303,5.03700017929077,4.84800004959106,4.69999980926514,4.57100009918213
Employment in agriculture (% of total employment) (modeled ILO estimate),SL.AGR.EMPL.ZS,Iceland,ISL,..,8.71300029754639,5.48899984359741,5.54899978637695,4.44500017166138,4.53499984741211,4.23899984359741,3.89499998092651,3.75699996948242,4.03000020980835,3.93799996376038,3.83299994468689
Employment in agriculture (% of total employment) (modeled ILO estimate),SL.AGR.EMPL.ZS,India,IND,..,59.6450004577637,48.9809989929199,47.0040016174316,46.3559989929199,45.8409996032715,45.673999786377,45.1430015563965,44.0540008544922,43.3289985656738,42.3849983215332,41.4900016784668
Employment in agriculture (% of total employment) (modeled ILO estimate),SL.AGR.EMPL.ZS,Indonesia,IDN,..,45.2799987792969,37.193000793457,35.9309997558594,34.9749984741211,34.2820014953613,33.0439987182617,31.8199996948242,30.7900009155273,29.6340007781982,28.6350002288818,27.7259998321533
Employment in agriculture (% of total employment) (modeled ILO estimate),SL.AGR.EMPL.ZS,"Iran, Islamic Rep.",IRN,..,24.5279998779297,18.6879997253418,18.5990009307861,18.2910003662109,17.8939990997314,18.0340003967285,17.9839992523193,17.5839996337891,17.6480007171631,17.9489994049072,17.8159999847412
Employment in agriculture (% of total employment) (modeled ILO estimate),SL.AGR.EMPL.ZS,Iraq,IRQ,..,26.2399997711182,21.4209995269775,20.5,19.9370002746582,19.8010005950928,19.3649997711182,18.5259990692139,18.5849990844727,18.382999420166,18.0990009307861,17.7880001068115
Employment in agriculture (% of total employment) (modeled ILO estimate),SL.AGR.EMPL.ZS,Ireland,IRL,..,7.94999980926514,5.72599983215332,5.78599977493286,5.77699995040894,5.44199991226196,5.33699989318848,5.28499984741211,5.0479998588562,4.76999998092651,4.61899995803833,4.48699998855591
Employment in agriculture (% of total employment) (modeled ILO estimate),SL.AGR.EMPL.ZS,Isle of Man,IMN,..,..,..,..,..,..,..,..,..,..,..,..
Employment in agriculture (% of total employment) (modeled ILO estimate),SL.AGR.EMPL.ZS,Israel,ISR,..,2.17600011825562,1.20000004768372,1.10800004005432,1.24300003051758,1.11099994182587,1.02100002765656,1.01800000667572,0.986999988555908,0.952000021934509,0.924000024795532,0.899999976158142
Employment in agriculture (% of total employment) (modeled ILO estimate),SL.AGR.EMPL.ZS,Italy,ITA,..,5.23000001907349,3.68099999427795,3.69300007820129,3.6010000705719,3.64400005340576,3.75200009346008,3.8840000629425,3.78399991989136,3.75799989700317,3.68400001525879,3.60899996757507
Employment in agriculture (% of total employment) (modeled ILO estimate),SL.AGR.EMPL.ZS,Jamaica,JAM,..,20.8549995422363,17.5900001525879,18.2350006103516,18.2469997406006,18.4230003356934,17.7450008392334,16.632999420166,16.7770004272461,16.2290000915527,15.9300003051758,15.6929998397827
Employment in agriculture (% of total employment) (modeled ILO estimate),SL.AGR.EMPL.ZS,Japan,JPN,..,5.09100008010864,3.96499991416931,3.8659999370575,3.74699997901917,3.68899989128113,3.63299989700317,3.50200009346008,3.44099998474121,3.49399995803833,3.42300009727478,3.35800004005432
Employment in agriculture (% of total employment) (modeled ILO estimate),SL.AGR.EMPL.ZS,Jordan,JOR,..,4.18100023269653,3.50600004196167,3.46900010108948,3.40799999237061,3.35899996757507,3.32200002670288,3.26799988746643,3.19899988174438,3.1340000629425,3.08400011062622,3.03500008583069
Employment in agriculture (% of total employment) (modeled ILO estimate),SL.AGR.EMPL.ZS,Kazakhstan,KAZ,..,36.5950012207031,26.4500007629395,25.5370006561279,24.1919994354248,20.9519996643066,18.011999130249,17.4529991149902,16.8689994812012,16.2639999389648,15.8020000457764,15.4460000991821
Employment in agriculture (% of total employment) (modeled ILO estimate),SL.AGR.EMPL.ZS,Kenya,KEN,..,48.8040008544922,59.7509994506836,59.25,58.6220016479492,57.992000579834,57.326000213623,56.6110000610352,55.9080009460449,55.0849990844727,54.439998626709,53.814998626709
Employment in agriculture (% of total employment) (modeled ILO estimate),SL.AGR.EMPL.ZS,Kiribati,KIR,..,..,..,..,..,..,..,..,..,..,..,..
Employment in agriculture (% of total employment) (modeled ILO estimate),SL.AGR.EMPL.ZS,"Korea, Dem. People’s Rep.",PRK,..,56.3050003051758,53.2519989013672,52.9059982299805,52.5460014343262,52.1839981079102,52.0060005187988,51.3699989318848,51.4449996948242,51.4599990844727,51.3030014038086,51.1040000915527
Employment in agriculture (% of total employment) (modeled ILO estimate),SL.AGR.EMPL.ZS,"Korea, Rep.",KOR,..,10.6029996871948,6.37099981307983,6.13299989700317,5.98099994659424,5.58400011062622,5.10900020599365,4.81799983978271,4.78399991989136,4.99700021743774,4.87900018692017,4.76700019836426
Employment in agriculture (% of total employment) (modeled ILO estimate),SL.AGR.EMPL.ZS,Kosovo,XKX,..,..,..,..,..,..,..,..,..,..,..,..
Employment in agriculture (% of total employment) (modeled ILO estimate),SL.AGR.EMPL.ZS,Kuwait,KWT,..,2.4449999332428,2.44799995422363,2.38700008392334,2.33999991416931,2.29099988937378,2.22699999809265,2.16300010681152,2.12299990653992,2.06100010871887,2.01099991798401,1.95899999141693
Employment in agriculture (% of total employment) (modeled ILO estimate),SL.AGR.EMPL.ZS,Kyrgyz Republic,KGZ,..,53.0750007629395,31.0590000152588,30.0900001525879,31.6730003356934,31.5900001525879,29.3099994659424,26.7900009155273,23.0279998779297,21.9669990539551,21.1720008850098,20.3819999694824
Employment in agriculture (% of total employment) (modeled ILO estimate),SL.AGR.EMPL.ZS,Lao PDR,LAO,..,81.6350021362305,70.3499984741211,69.1380004882813,67.9329986572266,66.9089965820313,65.8659973144531,65.0329971313477,64.161003112793,63.2439994812012,62.4220008850098,61.6689987182617
Employment in agriculture (% of total employment) (modeled ILO estimate),SL.AGR.EMPL.ZS,Latvia,LVA,..,14.9259996414185,8.89500045776367,8.3730001449585,8.05599975585938,7.50400018692017,7.93900012969971,7.69199991226196,6.86800003051758,6.97200012207031,6.75,6.51200008392334
Employment in agriculture (% of total employment) (modeled ILO estimate),SL.AGR.EMPL.ZS,Lebanon,LBN,..,18.7339992523193,14.6389999389648,14.5579996109009,14.4849996566772,14.4630002975464,14.3959999084473,14.1829996109009,14.003999710083,13.7950000762939,13.6090002059937,13.3929996490479
Employment in agriculture (% of total employment) (modeled ILO estimate),SL.AGR.EMPL.ZS,Lesotho,LSO,..,16.0779991149902,10.7510004043579,10.2510004043579,10.0059995651245,9.69600009918213,9.39400005340576,9.10099983215332,9.02600002288818,8.7810001373291,8.53600025177002,8.42099952697754
Employment in agriculture (% of total employment) (modeled ILO estimate),SL.AGR.EMPL.ZS,Liberia,LBR,..,51.3079986572266,46.4469985961914,45.5750007629395,44.6189994812012,44.3699989318848,44.185001373291,44.1660003662109,43.7410011291504,43.4300003051758,43.2729988098145,43.0400009155273
Employment in agriculture (% of total employment) (modeled ILO estimate),SL.AGR.EMPL.ZS,Libya,LBY,..,24,21.1809997558594,19.0009994506836,19.3950004577637,20.0729999542236,20.3040008544922,20.1940002441406,19.0750007629395,18.4330005645752,18.9050006866455,18.753999710083
Employment in agriculture (% of total employment) (modeled ILO estimate),SL.AGR.EMPL.ZS,Liechtenstein,LIE,..,..,..,..,..,..,..,..,..,..,..,..
Employment in agriculture (% of total employment) (modeled ILO estimate),SL.AGR.EMPL.ZS,Lithuania,LTU,..,19.2409992218018,8.48600006103516,8.79699993133545,8.42300033569336,9.16600036621094,9.06900024414063,7.97599983215332,7.78399991989136,7.18300008773804,6.8730001449585,6.63800001144409
Employment in agriculture (% of total employment) (modeled ILO estimate),SL.AGR.EMPL.ZS,Luxembourg,LUX,..,2.44400000572205,1.23199999332428,1.32500004768372,1.58599996566772,1.42599999904633,1.04499995708466,1.02600002288818,1.38900005817413,1.05400002002716,1.00699996948242,0.989000022411346
Employment in agriculture (% of total employment) (modeled ILO estimate),SL.AGR.EMPL.ZS,"Macao SAR, China",MAC,..,0.398000001907349,0.398000001907349,0.398000001907349,0.398000001907349,0.398000001907349,0.398000001907349,0.398000001907349,0.398000001907349,0.388000011444092,0.377000004053116,0.367000013589859
Employment in agriculture (% of total employment) (modeled ILO estimate),SL.AGR.EMPL.ZS,Madagascar,MDG,..,76.3740005493164,71.2379989624023,68.8730010986328,67.9140014648438,67.1019973754883,66.4039993286133,65.7600021362305,65.2310028076172,64.6740036010742,64.2220001220703,63.826000213623
Employment in agriculture (% of total employment) (modeled ILO estimate),SL.AGR.EMPL.ZS,Malawi,MWI,..,53.4910011291504,47.5069999694824,47.226001739502,46.625,45.984001159668,45.5620002746582,45.1669998168945,44.6319999694824,44.1300010681152,43.648998260498,43.1720008850098
Employment in agriculture (% of total employment) (modeled ILO estimate),SL.AGR.EMPL.ZS,Malaysia,MYS,..,18.3619995117188,11.5120000839233,12.7040004730225,12.9910001754761,12.2309999465942,12.4720001220703,11.3690004348755,10.9879999160767,10.664999961853,10.3610000610352,10.0900001525879
Employment in agriculture (% of total employment) (modeled ILO estimate),SL.AGR.EMPL.ZS,Maldives,MDV,..,19.1580009460449,12.003999710083,11.4879999160767,10.8439998626709,10.2360000610352,9.77400016784668,9.23600006103516,8.95400047302246,8.73200035095215,8.47000026702881,8.24199962615967
Employment in agriculture (% of total employment) (modeled ILO estimate),SL.AGR.EMPL.ZS,Mali,MLI,..,72.5780029296875,68.1740036010742,68.0609970092773,67.7269973754883,66.7009963989258,62.265998840332,64.9029998779297,63.9819984436035,63.0060005187988,62.5909996032715,62.2599983215332
Employment in agriculture (% of total employment) (modeled ILO estimate),SL.AGR.EMPL.ZS,Malta,MLT,..,2.04399991035461,1.16499996185303,1.04299998283386,1.26199996471405,1.29200005531311,1.46700000762939,1.16799998283386,0.998000025749207,1.03100001811981,0.989000022411346,0.944000005722046
Employment in agriculture (% of total employment) (modeled ILO estimate),SL.AGR.EMPL.ZS,Marshall Islands,MHL,..,..,..,..,..,..,..,..,..,..,..,..
Employment in agriculture (% of total employment) (modeled ILO estimate),SL.AGR.EMPL.ZS,Mauritania,MRT,..,62.148998260498,56.3230018615723,55.6259994506836,54.8779983520508,54.1640014648438,53.798999786377,53.3120002746582,52.6990013122559,52.0559997558594,51.273998260498,50.609001159668
Employment in agriculture (% of total employment) (modeled ILO estimate),SL.AGR.EMPL.ZS,Mauritius,MUS,..,11.4270000457764,7.72599983215332,7.66400003433228,7.40500020980835,7.13199996948242,6.90000009536743,6.71099996566772,6.48299980163574,6.26000022888184,6.07200002670288,5.90899991989136
Employment in agriculture (% of total employment) (modeled ILO estimate),SL.AGR.EMPL.ZS,Mexico,MEX,..,17.4050006866455,13.6879997253418,13.7229995727539,13.6529998779297,13.7720003128052,13.4309997558594,13.1040000915527,13.1180000305176,12.8100004196167,12.6090002059937,12.4379997253418
Employment in agriculture (% of total employment) (modeled ILO estimate),SL.AGR.EMPL.ZS,"Micronesia, Fed. Sts.",FSM,..,..,..,..,..,..,..,..,..,..,..,..
Employment in agriculture (% of total employment) (modeled ILO estimate),SL.AGR.EMPL.ZS,Moldova,MDA,..,50.8650016784668,27.5270004272461,26.451000213623,28.8099994659424,30.4780006408691,34.1510009765625,33.6969985961914,32.3380012512207,36.0989990234375,35.9309997558594,35.3650016784668
Employment in agriculture (% of total employment) (modeled ILO estimate),SL.AGR.EMPL.ZS,Monaco,MCO,..,..,..,..,..,..,..,..,..,..,..,..
Employment in agriculture (% of total employment) (modeled ILO estimate),SL.AGR.EMPL.ZS,Mongolia,MNG,..,48.6399993896484,33.0320014953613,35.0200004577637,29.8169994354248,27.9750003814697,28.4529991149902,30.3600006103516,28.7830009460449,27.9950008392334,27.423999786377,26.8939990997314
Employment in agriculture (% of total employment) (modeled ILO estimate),SL.AGR.EMPL.ZS,Montenegro,MNE,..,9.80599975585938,5.46999979019165,5.27600002288818,4.55600023269653,5.67600011825562,7.71999979019165,7.74300003051758,7.93499994277954,8.01900005340576,7.93300008773804,7.80200004577637
Employment in agriculture (% of total employment) (modeled ILO estimate),SL.AGR.EMPL.ZS,Morocco,MAR,..,45.1059989929199,39.7799987792969,39.2200012207031,38.5089988708496,37.7039985656738,37.2039985656738,36.617000579834,35.9020004272461,35.2540016174316,34.689998626709,34.1399993896484
Employment in agriculture (% of total employment) (modeled ILO estimate),SL.AGR.EMPL.ZS,Mozambique,MOZ,..,81.9359970092773,75.6640014648438,74.8669967651367,74.0230026245117,73.1070022583008,72.1159973144531,71.5530014038086,71.0540008544922,70.5869979858398,70.3349990844727,69.9100036621094
Employment in agriculture (% of total employment) (modeled ILO estimate),SL.AGR.EMPL.ZS,Myanmar,MMR,..,61.4550018310547,52.9259986877441,52.5909996032715,52.3660011291504,52.2330017089844,51.689998626709,51.1570014953613,50.5830001831055,49.7000007629395,48.8889999389648,48.1209983825684
Employment in agriculture (% of total employment) (modeled ILO estimate),SL.AGR.EMPL.ZS,Namibia,NAM,..,31.2840003967285,27.7159996032715,27.3680000305176,31.3920001983643,29.3209991455078,24.5109996795654,20.0709991455078,21.3479995727539,22.5909996032715,22.132999420166,21.826000213623
Employment in agriculture (% of total employment) (modeled ILO estimate),SL.AGR.EMPL.ZS,Nauru,NRU,..,..,..,..,..,..,..,..,..,..,..,..
Employment in agriculture (% of total employment) (modeled ILO estimate),SL.AGR.EMPL.ZS,Nepal,NPL,..,75.213996887207,69.7009963989258,69.0759963989258,68.4800033569336,67.7649993896484,67.2570037841797,67.0110015869141,66.2040023803711,65.5609970092773,65.0039978027344,64.5370025634766
Employment in agriculture (% of total employment) (modeled ILO estimate),SL.AGR.EMPL.ZS,Netherlands,NLD,..,3.28299999237061,2.78399991989136,2.73300004005432,2.09500002861023,2.29200005531311,2.3199999332428,2.26200008392334,2.26799988746643,2.09800004959106,2.03500008583069,1.98500001430511
Employment in agriculture (% of total employment) (modeled ILO estimate),SL.AGR.EMPL.ZS,New Caledonia,NCL,..,5.01200008392334,2.47199988365173,2.40400004386902,2.33400011062622,2.25999999046326,2.18899989128113,2.12100005149841,2.05399990081787,1.98500001430511,1.92499995231628,1.87199997901917
Employment in agriculture (% of total employment) (modeled ILO estimate),SL.AGR.EMPL.ZS,New Zealand,NZL,..,8.70499992370605,6.90899991989136,6.75299978256226,6.44799995422363,6.24700021743774,6.13600015640259,6.50699996948242,6.22100019454956,5.78800010681152,5.66300010681152,5.55000019073486
Employment in agriculture (% of total employment) (modeled ILO estimate),SL.AGR.EMPL.ZS,Nicaragua,NIC,..,31.5300006866455,30.0090007781982,30.3939990997314,30.8899993896484,31.4370002746582,30.9750003814697,30.4720001220703,29.9939994812012,30.30299949646,30.6520004272461,30.5990009307861
Employment in agriculture (% of total employment) (modeled ILO estimate),SL.AGR.EMPL.ZS,Niger,NER,..,77.9100036621094,77.0609970092773,76.5699996948242,76.3649978637695,76.0510025024414,75.8980026245117,75.7300033569336,75.5309982299805,75.3119964599609,75.0630035400391,74.8460006713867
Employment in agriculture (% of total employment) (modeled ILO estimate),SL.AGR.EMPL.ZS,Nigeria,NGA,..,48.701000213623,40.5820007324219,39.4799995422363,38.2709999084473,37.4790000915527,36.9039993286133,36.5670013427734,36.0960006713867,35.5730018615723,35.0979995727539,34.6590003967285
Employment in agriculture (% of total employment) (modeled ILO estimate),SL.AGR.EMPL.ZS,North Macedonia,MKD,..,24.3360004425049,18.7409992218018,17.3120002746582,18.7360000610352,18.4640007019043,17.8649997711182,16.6270008087158,16.2439994812012,15.7220001220703,15.3769998550415,15.0570001602173
Employment in agriculture (% of total employment) (modeled ILO estimate),SL.AGR.EMPL.ZS,Northern Mariana Islands,MNP,..,..,..,..,..,..,..,..,..,..,..,..
Employment in agriculture (% of total employment) (modeled ILO estimate),SL.AGR.EMPL.ZS,Norway,NOR,..,4.28999996185303,2.36899995803833,2.22699999809265,2.20700001716614,2.25,2.00999999046326,2.08999991416931,2.06299996376038,2.10500001907349,2.0550000667572,2.00600004196167
Employment in agriculture (% of total employment) (modeled ILO estimate),SL.AGR.EMPL.ZS,Oman,OMN,..,6.39099979400635,5.14300012588501,5.03999996185303,4.98299980163574,4.94199991226196,4.92700004577637,4.80499982833862,4.75899982452393,4.64699983596802,4.55999994277954,4.44899988174438
Employment in agriculture (% of total employment) (modeled ILO estimate),SL.AGR.EMPL.ZS,Pakistan,PAK,..,43.2939987182617,43.4930000305176,42.8390007019043,42.2369995117188,42.2330017089844,41.0099983215332,42.273998260498,39.8470001220703,37.4160003662109,36.6609992980957,35.8930015563965
Employment in agriculture (% of total employment) (modeled ILO estimate),SL.AGR.EMPL.ZS,Palau,PLW,..,..,..,..,..,..,..,..,..,..,..,..
Employment in agriculture (% of total employment) (modeled ILO estimate),SL.AGR.EMPL.ZS,Panama,PAN,..,16.9699993133545,16.548999786377,16.7129993438721,16.3579998016357,15.7030000686646,14.6730003356934,15.3620004653931,14.4940004348755,14.2069997787476,13.9519996643066,13.7089996337891
Employment in agriculture (% of total employment) (modeled ILO estimate),SL.AGR.EMPL.ZS,Papua New Guinea,PNG,..,73.322998046875,65.5319976806641,64.4499969482422,63.6150016784668,62.443000793457,61.2910003662109,60.5330009460449,59.8889999389648,59.3680000305176,58.3160018920898,57.765998840332
Employment in agriculture (% of total employment) (modeled ILO estimate),SL.AGR.EMPL.ZS,Paraguay,PRY,..,33.306999206543,25.5170001983643,26.1410007476807,22.8229999542236,22.0839996337891,19.7019996643066,21.3239994049072,20.17799949646,20.0769996643066,20.1299991607666,19.9400005340576
Employment in agriculture (% of total employment) (modeled ILO estimate),SL.AGR.EMPL.ZS,Peru,PER,..,34.6759986877441,28.2770004272461,27.4370002746582,27.4139995574951,28.0330009460449,28.261999130249,28.375,27.693000793457,27.4309997558594,27.3859996795654,27.2189998626709
Employment in agriculture (% of total employment) (modeled ILO estimate),SL.AGR.EMPL.ZS,Philippines,PHL,..,37.1450004577637,32.6860008239746,32.1609992980957,31.0499992370605,30.4200000762939,29.1889991760254,27.0330009460449,25.4400005340576,24.2929992675781,23.4050006866455,22.5189990997314
Employment in agriculture (% of total employment) (modeled ILO estimate),SL.AGR.EMPL.ZS,Poland,POL,..,18.6709995269775,12.9079999923706,12.5790004730225,11.9989995956421,11.4910001754761,11.5340003967285,10.5839996337891,10.2220001220703,9.61800003051758,9.23499965667725,8.92399978637695
Employment in agriculture (% of total employment) (modeled ILO estimate),SL.AGR.EMPL.ZS,Portugal,PRT,..,12.6809997558594,10.210000038147,10.8070001602173,10.2299995422363,8.64700031280518,7.53000020980835,6.91300010681152,6.40000009536743,6.04400014877319,5.85099983215332,5.69199991226196
Employment in agriculture (% of total employment) (modeled ILO estimate),SL.AGR.EMPL.ZS,Puerto Rico,PRI,..,1.88800001144409,1.35399997234344,1.31400001049042,1.26900005340576,1.22800004482269,1.18700003623962,1.14800000190735,1.11199998855591,1.07799994945526,1.0440000295639,1.01499998569489
Employment in agriculture (% of total employment) (modeled ILO estimate),SL.AGR.EMPL.ZS,Qatar,QAT,..,2.59500002861023,1.36000001430511,1.35000002384186,1.38199996948242,1.30999994277954,1.23000001907349,1.22000002861023,1.25,1.22300004959106,1.19400000572205,1.16799998283386
Employment in agriculture (% of total employment) (modeled ILO estimate),SL.AGR.EMPL.ZS,Romania,ROU,..,45.2050018310547,29.2549991607666,29.7119998931885,29.2520008087158,28.3479995727539,25.5860004425049,23.1030006408691,22.7770004272461,22.306999206543,21.7059993743896,21.2830009460449
Employment in agriculture (% of total employment) (modeled ILO estimate),SL.AGR.EMPL.ZS,Russian Federation,RUS,..,14.4919996261597,7.68599987030029,7.32600021362305,6.99200010299683,6.72399997711182,6.71000003814697,6.71799993515015,5.90199995040894,5.88299989700317,5.75699996948242,5.61700010299683
Employment in agriculture (% of total employment) (modeled ILO estimate),SL.AGR.EMPL.ZS,Rwanda,RWA,..,88.5640029907227,78.0859985351563,76.609001159668,72.9199981689453,68.4530029296875,66.7229995727539,65.5910034179688,64.4530029296875,63.2459983825684,62.4059982299805,61.6809997558594
Employment in agriculture (% of total employment) (modeled ILO estimate),SL.AGR.EMPL.ZS,Samoa,WSM,..,41.9459991455078,33.9930000305176,33.3870010375977,33.2369995117188,32.8400001525879,32.3230018615723,31.9039993286133,31.423999786377,30.7649993896484,30.3939990997314,29.8570003509521
Employment in agriculture (% of total employment) (modeled ILO estimate),SL.AGR.EMPL.ZS,San Marino,SMR,..,..,..,..,..,..,..,..,..,..,..,..
Employment in agriculture (% of total employment) (modeled ILO estimate),SL.AGR.EMPL.ZS,Sao Tome and Principe,STP,..,30.8449993133545,23.7180004119873,23.1790008544922,22.5139999389648,21.6809997558594,21.1459999084473,20.5410003662109,19.9759998321533,19.492000579834,19.0949993133545,18.6949996948242
Employment in agriculture (% of total employment) (modeled ILO estimate),SL.AGR.EMPL.ZS,Saudi Arabia,SAU,..,6.1230001449585,4.24599981307983,4.34899997711182,4.44999980926514,5.26100015640259,6.09999990463257,4.96999979019165,3.56399989128113,2.51999998092651,2.40300011634827,2.30900001525879
Employment in agriculture (% of total employment) (modeled ILO estimate),SL.AGR.EMPL.ZS,Senegal,SEN,..,46.257999420166,37.4230003356934,36.4020004272461,35.5200004577637,34.3310012817383,33.3330001831055,32.443000793457,31.5429992675781,30.7049999237061,30.0459995269775,29.4270000457764
Employment in agriculture (% of total employment) (modeled ILO estimate),SL.AGR.EMPL.ZS,Serbia,SRB,..,26.3369998931885,21.2189998626709,20.9650001525879,21.2900009155273,19.8570003509521,19.4090003967285,18.6119995117188,17.2180004119873,15.9259996414185,15.4589996337891,15.0690002441406
Employment in agriculture (% of total employment) (modeled ILO estimate),SL.AGR.EMPL.ZS,Seychelles,SYC,..,..,..,..,..,..,..,..,..,..,..,..
Employment in agriculture (% of total employment) (modeled ILO estimate),SL.AGR.EMPL.ZS,Sierra Leone,SLE,..,70.181999206543,62.7229995727539,61.0330009460449,59.1570014953613,57.648998260498,57.9420013427734,57.0439987182617,56.2639999389648,55.5639991760254,54.9309997558594,54.4039993286133
Employment in agriculture (% of total employment) (modeled ILO estimate),SL.AGR.EMPL.ZS,Singapore,SGP,..,0.892000019550323,0.845000028610229,0.797999978065491,0.728999972343445,0.811999976634979,0.802999973297119,0.783999979496002,0.759999990463257,0.736000001430511,0.726000010967255,0.700999975204468
Employment in agriculture (% of total employment) (modeled ILO estimate),SL.AGR.EMPL.ZS,Sint Maarten (Dutch part),SXM,..,..,..,..,..,..,..,..,..,..,..,..
Employment in agriculture (% of total employment) (modeled ILO estimate),SL.AGR.EMPL.ZS,Slovak Republic,SVK,..,6.93499994277954,3.0789999961853,3.23699998855591,3.30900001525879,3.49799990653992,3.17899990081787,2.88700008392334,2.70799994468689,2.29299998283386,2.18400001525879,2.1029999256134
Employment in agriculture (% of total employment) (modeled ILO estimate),SL.AGR.EMPL.ZS,Slovenia,SVN,..,9.60200023651123,8.59799957275391,8.39400005340576,8.5019998550415,9.6269998550415,7.07800006866455,5.02400016784668,5.56199979782104,5.48099994659424,5.22599983215332,5.06799983978271
Employment in agriculture (% of total employment) (modeled ILO estimate),SL.AGR.EMPL.ZS,Solomon Islands,SLB,..,50.3129997253418,43.6510009765625,42.7369995117188,41.6279983520508,41.0029983520508,39.931999206543,39.4160003662109,38.8339996337891,38.1310005187988,37.5929985046387,37.0550003051758
Employment in agriculture (% of total employment) (modeled ILO estimate),SL.AGR.EMPL.ZS,Somalia,SOM,..,84.4560012817383,83.6780014038086,83.6549987792969,83.6110000610352,83.5479965209961,83.4400024414063,83.3470001220703,83.3040008544922,83.2040023803711,83.1119995117188,83.0210037231445
Employment in agriculture (% of total employment) (modeled ILO estimate),SL.AGR.EMPL.ZS,South Africa,ZAF,..,9.92599964141846,4.59999990463257,4.83799982070923,4.98199987411499,4.65000009536743,5.61299991607666,5.57200002670288,5.28499984741211,5.16699981689453,5.08799982070923,4.98899984359741
Employment in agriculture (% of total employment) (modeled ILO estimate),SL.AGR.EMPL.ZS,South Sudan,SSD,..,58.9819984436035,56.8440017700195,57.8860015869141,56.6910018920898,56.2779998779297,56.7700004577637,57.4389991760254,57.8629989624023,57.7120018005371,56.875,56.132999420166
Employment in agriculture (% of total employment) (modeled ILO estimate),SL.AGR.EMPL.ZS,Spain,ESP,..,6.68800020217896,4.09999990463257,4.21600008010864,4.2979998588562,4.24300003051758,4.12400007247925,4.22300004959106,4.35300016403198,4.2039999961853,4.09100008010864,3.99699997901917
Employment in agriculture (% of total employment) (modeled ILO estimate),SL.AGR.EMPL.ZS,Sri Lanka,LKA,..,41.2470016479492,31.3969993591309,30.9930000305176,30.2199993133545,28.8700008392334,28.6620006561279,27.1009998321533,26.0729999542236,25.2329998016357,24.5170001983643,23.7259998321533
Employment in agriculture (% of total employment) (modeled ILO estimate),SL.AGR.EMPL.ZS,St. Kitts and Nevis,KNA,..,..,..,..,..,..,..,..,..,..,..,..
Employment in agriculture (% of total employment) (modeled ILO estimate),SL.AGR.EMPL.ZS,St. Lucia,LCA,..,21.0699996948242,19.3689994812012,19.1350002288818,18.9899997711182,18.7719993591309,18.4619998931885,18.1119995117188,17.7430000305176,17.5279998779297,17.2740001678467,16.9950008392334
Employment in agriculture (% of total employment) (modeled ILO estimate),SL.AGR.EMPL.ZS,St. Martin (French part),MAF,..,..,..,..,..,..,..,..,..,..,..,..
Employment in agriculture (% of total employment) (modeled ILO estimate),SL.AGR.EMPL.ZS,St. Vincent and the Grenadines,VCT,..,16.8040008544922,12.6709995269775,12.41100025177,12.1409997940063,11.9270000457764,11.6579999923706,11.4180002212524,11.1770000457764,10.9449996948242,10.7270002365112,10.5329999923706
Employment in agriculture (% of total employment) (modeled ILO estimate),SL.AGR.EMPL.ZS,Sudan,SDN,..,52.0279998779297,44.6020011901855,43.4739990234375,42.6389999389648,42.2220001220703,41.4850006103516,40.8580017089844,40.2879981994629,40.1069984436035,39.9389991760254,39.7220001220703
Employment in agriculture (% of total employment) (modeled ILO estimate),SL.AGR.EMPL.ZS,Suriname,SUR,..,6.68599987030029,7.40399980545044,7.32999992370605,7.22200012207031,7.20699977874756,7.41499996185303,7.73299980163574,7.65899991989136,7.58300018310547,7.51800012588501,7.44600009918213
Employment in agriculture (% of total employment) (modeled ILO estimate),SL.AGR.EMPL.ZS,Sweden,SWE,..,2.90700006484985,1.9889999628067,2.05900001525879,2.03299999237061,1.97500002384186,2.03699994087219,1.8860000371933,1.8309999704361,1.69900000095367,1.64800000190735,1.60399997234344
Employment in agriculture (% of total employment) (modeled ILO estimate),SL.AGR.EMPL.ZS,Switzerland,CHE,..,4.84899997711182,3.51399993896484,3.53099989891052,3.52800011634827,3.57800006866455,3.43899989128113,3.36199998855591,3.10899996757507,3.02999997138977,2.94899988174438,2.86999988555908
Employment in agriculture (% of total employment) (modeled ILO estimate),SL.AGR.EMPL.ZS,Syrian Arab Republic,SYR,..,32.8899993896484,13.2309999465942,12.923999786377,12.6169996261597,12.3690004348755,12.0019998550415,11.6579999923706,11.3330001831055,11.0080003738403,10.7290000915527,10.4940004348755
Employment in agriculture (% of total employment) (modeled ILO estimate),SL.AGR.EMPL.ZS,Tajikistan,TJK,..,60.2449989318848,51.7569999694824,50.9090003967285,49.9500007629395,49.1139984130859,48.3129997253418,47.4309997558594,46.6500015258789,45.7599983215332,44.9210014343262,44.1910018920898
Employment in agriculture (% of total employment) (modeled ILO estimate),SL.AGR.EMPL.ZS,Tanzania,TZA,..,83.0289993286133,69.8050003051758,69.3489990234375,68.6869964599609,68.0500030517578,67.4909973144531,66.9260025024414,66.3499984741211,65.7529983520508,65.3059997558594,64.875
Employment in agriculture (% of total employment) (modeled ILO estimate),SL.AGR.EMPL.ZS,Thailand,THA,..,48.7900009155273,41.0050010681152,42.1419982910156,39.5999984741211,33.4389991760254,32.2809982299805,31.1639995574951,31.4570007324219,32.1360015869141,31.6149997711182,31.1599998474121
Employment in agriculture (% of total employment) (modeled ILO estimate),SL.AGR.EMPL.ZS,Timor-Leste,TLS,..,59.6590003967285,49.2529983520508,48.3810005187988,48.4469985961914,49.2509994506836,47.4259986877441,46.9640007019043,46.4560012817383,45.4790000915527,44.4819984436035,43.7430000305176
Employment in agriculture (% of total employment) (modeled ILO estimate),SL.AGR.EMPL.ZS,Togo,TGO,..,47.6879997253418,43.2309989929199,42.4799995422363,41.7140007019043,40.9729995727539,40.2430000305176,39.5660018920898,38.9570007324219,38.2840003967285,37.6990013122559,37.1590003967285
Employment in agriculture (% of total employment) (modeled ILO estimate),SL.AGR.EMPL.ZS,Tonga,TON,..,33.5309982299805,27.6550006866455,27.1720008850098,27.3799991607666,26.7980003356934,26.3449993133545,25.6000003814697,25.113000869751,24.4580001831055,24.1889991760254,23.7199993133545
Employment in agriculture (% of total employment) (modeled ILO estimate),SL.AGR.EMPL.ZS,Trinidad and Tobago,TTO,..,7.23000001907349,3.72199988365173,3.74200010299683,3.52699995040894,3.61400008201599,3.42600011825562,3.24499988555908,3.16700005531311,3.06100010871887,2.97499990463257,2.89100003242493
Employment in agriculture (% of total employment) (modeled ILO estimate),SL.AGR.EMPL.ZS,Tunisia,TUN,..,20.5240001678467,16.3610000610352,17.0739994049072,15.3649997711182,14.8699998855591,14.5080003738403,14.0629997253418,13.7119998931885,13.335000038147,13.0310001373291,12.7299995422363
Employment in agriculture (% of total employment) (modeled ILO estimate),SL.AGR.EMPL.ZS,Turkey,TUR,..,39.3170013427734,24.1590003967285,23.5559997558594,22.923999786377,21.0849990844727,20.4060001373291,19.5009994506836,19.3840007781982,18.4309997558594,18.3759994506836,18.0200004577637
Employment in agriculture (% of total employment) (modeled ILO estimate),SL.AGR.EMPL.ZS,Turkmenistan,TKM,..,30.3279991149902,24.238000869751,23.6180000305176,23.0450000762939,22.4120006561279,21.8560009002686,21.1770000457764,20.8059997558594,20.318000793457,19.882999420166,19.4950008392334
Employment in agriculture (% of total employment) (modeled ILO estimate),SL.AGR.EMPL.ZS,Turks and Caicos Islands,TCA,..,..,..,..,..,..,..,..,..,..,..,..
Employment in agriculture (% of total employment) (modeled ILO estimate),SL.AGR.EMPL.ZS,Tuvalu,TUV,..,..,..,..,..,..,..,..,..,..,..,..
Employment in agriculture (% of total employment) (modeled ILO estimate),SL.AGR.EMPL.ZS,Uganda,UGA,..,70.0510025024414,66.4369964599609,66.1360015869141,71.9169998168945,72.5849990844727,72.6330032348633,72.838996887207,73.052001953125,72.875,72.6660003662109,72.4420013427734
Employment in agriculture (% of total employment) (modeled ILO estimate),SL.AGR.EMPL.ZS,Ukraine,UKR,..,25.1359996795654,20.3430004119873,19.8910007476807,20.0100002288818,14.7690000534058,15.2600002288818,15.6000003814697,15.4079999923706,14.8730001449585,14.4779996871948,14.1090002059937
Employment in agriculture (% of total employment) (modeled ILO estimate),SL.AGR.EMPL.ZS,United Arab Emirates,ARE,..,7.89599990844727,3.09400010108948,2.79800009727478,2.50799989700317,2.24200010299683,1.98500001430511,1.78400003910065,1.61600005626678,1.46399998664856,1.4099999666214,1.36600005626678
Employment in agriculture (% of total employment) (modeled ILO estimate),SL.AGR.EMPL.ZS,United Kingdom,GBR,..,1.5349999666214,1.22000002861023,1.18799996376038,1.05799996852875,1.25499999523163,1.13699996471405,1.12399995326996,1.15900003910065,1.07000005245209,1.03400003910065,1.00499999523163
Employment in agriculture (% of total employment) (modeled ILO estimate),SL.AGR.EMPL.ZS,United States,USA,..,1.62899994850159,1.44500005245209,1.38100004196167,1.31700003147125,1.34700000286102,1.43700003623962,1.42999994754791,1.42700004577637,1.36899995803833,1.3400000333786,1.31200003623962
Employment in agriculture (% of total employment) (modeled ILO estimate),SL.AGR.EMPL.ZS,Uruguay,URY,..,11.6409997940063,9.79300022125244,8.60599994659424,9.28800010681152,9.14000034332275,8.82400035858154,8.22399997711182,8.74400043487549,8.35900020599365,8.11900043487549,7.92199993133545
Employment in agriculture (% of total employment) (modeled ILO estimate),SL.AGR.EMPL.ZS,Uzbekistan,UZB,..,39.9410018920898,30.07200050354,29.201000213623,28.3309993743896,27.5109996795654,26.673999786377,25.931999206543,25.2929992675781,24.5949993133545,23.923999786377,23.2980003356934
Employment in agriculture (% of total employment) (modeled ILO estimate),SL.AGR.EMPL.ZS,Vanuatu,VUT,..,66.0869979858398,60.3479995727539,60.4099998474121,59.8919982910156,59.6080017089844,58.3289985656738,57.423999786377,57.1500015258789,56.4169998168945,55.8419990539551,55.2569999694824
Employment in agriculture (% of total employment) (modeled ILO estimate),SL.AGR.EMPL.ZS,"Venezuela, RB",VEN,..,10.6120004653931,8.00300025939941,7.65399980545044,7.44700002670288,7.38700008392334,7.39099979400635,7.60500001907349,7.76100015640259,7.94899988174438,8.30599975585938,8.39099979400635
Employment in agriculture (% of total employment) (modeled ILO estimate),SL.AGR.EMPL.ZS,Vietnam,VNM,..,65.2529983520508,48.3139991760254,47.367000579834,46.8129997253418,46.3359985351563,44.0190010070801,41.8650016784668,40.1549987792969,38.6030006408691,37.3580017089844,36.2309989929199
Employment in agriculture (% of total employment) (modeled ILO estimate),SL.AGR.EMPL.ZS,Virgin Islands (U.S.),VIR,..,5.54199981689453,4.08799982070923,4.02400016784668,3.93499994277954,3.82299995422363,3.70700001716614,3.59400010108948,3.49600005149841,3.38899993896484,3.29099988937378,3.20199990272522
Employment in agriculture (% of total employment) (modeled ILO estimate),SL.AGR.EMPL.ZS,West Bank and Gaza,PSE,..,14.0600004196167,11.6330003738403,11.4829998016357,10.5450000762939,10.3990001678467,8.65799999237061,7.36100006103516,6.71000003814697,6.32100009918213,6.08500003814697,5.9210000038147
Employment in agriculture (% of total employment) (modeled ILO estimate),SL.AGR.EMPL.ZS,"Yemen, Rep.",YEM,..,40.6100006103516,26.0540008544922,27.0849990844727,28.0310001373291,29.2450008392334,29.193000793457,29.3910007476807,29.6159992218018,29.3610000610352,28.9759998321533,28.6319999694824
Employment in agriculture (% of total employment) (modeled ILO estimate),SL.AGR.EMPL.ZS,Zambia,ZMB,..,70.9290008544922,60.4309997558594,56.0289993286133,54.2490005493164,52.8019981384277,51.6660003662109,50.7319984436035,49.9729995727539,49.2610015869141,48.8390007019043,48.4990005493164
Employment in agriculture (% of total employment) (modeled ILO estimate),SL.AGR.EMPL.ZS,Zimbabwe,ZWE,..,60.6139984130859,65.8629989624023,66.0019989013672,66.7750015258789,67.25,67.1689987182617,67.0660018920898,66.7649993896484,66.306999206543,66.5439987182617,66.2699966430664
Employment in agriculture (% of total employment) (modeled ILO estimate),SL.AGR.EMPL.ZS,Arab World,ARB,..,30.7922903679762,23.3481422217183,22.4798706607439,22.339434394909,22.1906729383876,21.5924958827371,21.1843760488152,20.7942746530319,20.4253649477996,20.1820822527859,19.9395811311665
Employment in agriculture (% of total employment) (modeled ILO estimate),SL.AGR.EMPL.ZS,Caribbean small states,CSS,..,15.4792529607418,12.3848059415932,12.514636622164,12.3833043503244,12.4594809621076,12.1329030237963,11.7624186393856,11.7596541165669,11.487411304351,11.3372680048844,11.1901493593115
Employment in agriculture (% of total employment) (modeled ILO estimate),SL.AGR.EMPL.ZS,Central Europe and the Baltics,CEB,..,21.3155019133889,12.9893129151602,12.8872589516233,12.4562823721232,12.0235422398165,11.3921202640974,10.3654770740341,10.1480714802385,9.70016046398462,9.34723694772677,9.07966184121924
Employment in agriculture (% of total employment) (modeled ILO estimate),SL.AGR.EMPL.ZS,Early-demographic dividend,EAR,..,49.5164857106523,40.7032693548333,39.4100025724248,38.7570198083979,38.2337945763151,37.6264526070713,37.0465298708193,36.0849245208926,35.2671464740841,34.6173899860407,33.9725877205459
Employment in agriculture (% of total employment) (modeled ILO estimate),SL.AGR.EMPL.ZS,East Asia & Pacific,EAS,..,45.5054233647802,33.3288725657942,32.3971472991867,30.6984663622375,29.1281683491273,28.1802169114645,27.1983313661025,26.46887102804,25.6721919660099,24.9748877337283,24.3692104836721
Employment in agriculture (% of total employment) (modeled ILO estimate),SL.AGR.EMPL.ZS,East Asia & Pacific (excluding high income),EAP,..,50.0967581136889,36.6285925782206,35.5982769006594,33.7397391030986,32.0198403496504,30.9971896436085,29.935111131291,29.145141326694,28.2730385470867,27.5003621848354,26.8218866534208
Employment in agriculture (% of total employment) (modeled ILO estimate),SL.AGR.EMPL.ZS,East Asia & Pacific (IDA & IBRD countries),TEA,..,50.0082820104753,36.3873564128633,35.3468703353722,33.4655359846248,31.7248472245347,30.688147402814,29.6185308019866,28.8141754703678,27.9276682885768,27.1440754658277,26.45705300102
Employment in agriculture (% of total employment) (modeled ILO estimate),SL.AGR.EMPL.ZS,Euro area,EMU,..,5.28841028801239,3.53487052337314,3.51146368064786,3.44160990498069,3.37207276953136,3.26736084631894,3.2255002744875,3.12682812400892,3.03130085961074,2.9526104729301,2.87928275979341
Employment in agriculture (% of total employment) (modeled ILO estimate),SL.AGR.EMPL.ZS,Europe & Central Asia,ECS,..,14.8744799400173,10.2617091279801,10.0882918314257,9.89779079084567,9.26945311574002,9.03655842394723,8.78817769789285,8.50094021600069,8.26601275427283,8.06413271435899,7.89689631372967
Employment in agriculture (% of total employment) (modeled ILO estimate),SL.AGR.EMPL.ZS,Europe & Central Asia (excluding high income),ECA,..,25.0667870474472,17.5630500887749,17.1068184987024,16.8101805678058,15.5408942195274,15.2977761286001,15.0631130394686,14.5743397576281,14.265777862487,14.0336366493699,13.7867460317365
Employment in agriculture (% of total employment) (modeled ILO estimate),SL.AGR.EMPL.ZS,Europe & Central Asia (IDA & IBRD countries),TEC,..,25.7221628721867,17.6613018907083,17.2457932965848,16.9046029386256,15.7103306540801,15.3697778475067,14.954040983045,14.4851829400173,14.1369931146096,13.8712365595425,13.609429854221
Employment in agriculture (% of total employment) (modeled ILO estimate),SL.AGR.EMPL.ZS,European Union,EUU,..,8.97219671963926,5.59944565939445,5.57737611332577,5.43186431052352,5.28626534407624,5.07349691742092,4.81402001126946,4.69656384359387,4.51683526501049,4.36608046544071,4.24329530433808
Employment in agriculture (% of total employment) (modeled ILO estimate),SL.AGR.EMPL.ZS,Fragile and conflict affected situations,FCS,..,57.3563484117697,49.7978710364588,49.0625942176084,48.4298177309151,47.8690147368704,47.3106867220237,47.2124195200612,46.9948843606559,46.6460284452411,46.3976310496099,46.1087535511402
Employment in agriculture (% of total employment) (modeled ILO estimate),SL.AGR.EMPL.ZS,Heavily indebted poor countries (HIPC),HPC,..,69.0090333669013,62.6194047821287,61.6256049283239,60.966653277725,59.8767328698779,58.945584331366,58.439159793104,57.8900876351348,57.3107978802073,56.8919371731595,56.51627347483
Employment in agriculture (% of total employment) (modeled ILO estimate),SL.AGR.EMPL.ZS,High income,HIC,..,5.58893651081139,3.81328160810751,3.73863253864394,3.62263700443067,3.5706178618958,3.48700897469922,3.34076212882723,3.246080615695,3.15194321935637,3.06340435350587,2.98542930861905
Employment in agriculture (% of total employment) (modeled ILO estimate),SL.AGR.EMPL.ZS,IBRD only,IBD,..,44.777964708778,33.5656825888247,32.4192426511053,31.2109832026656,30.0371278335357,29.3996121729771,28.7240565711109,28.0082240183071,27.3316406493302,26.7250224278265,26.1593956487018
Employment in agriculture (% of total employment) (modeled ILO estimate),SL.AGR.EMPL.ZS,IDA & IBRD total,IBT,..,47.8160690855622,37.8291823312839,36.7923143065391,35.748554132989,34.7258098088359,34.1131453316187,33.5799916576299,32.8958147843745,32.2542668414862,31.7501017667966,31.2867954643117
Employment in agriculture (% of total employment) (modeled ILO estimate),SL.AGR.EMPL.ZS,IDA blend,IDB,..,48.0977318683409,44.7576968054113,44.0005712131647,43.2519025426028,42.8143922465273,41.9815963122524,42.2443924577932,41.0179304727433,39.7182763337445,39.1342752209775,38.5561644340284
Employment in agriculture (% of total employment) (modeled ILO estimate),SL.AGR.EMPL.ZS,IDA only,IDX,..,67.3247102896258,58.6510199791769,57.8287249429468,57.2246572464972,56.339603151497,55.4844136230745,54.8866566752593,54.0313613610023,53.375830216369,52.8806360449573,52.4358069504037
Employment in agriculture (% of total employment) (modeled ILO estimate),SL.AGR.EMPL.ZS,IDA total,IDA,..,61.4348218302929,54.2813197281585,53.5029923676589,52.8869884200264,52.1375890602444,51.2903318992921,50.9978001480103,50.0655002488264,49.2259537635268,48.7113864599532,48.2303423013861
Employment in agriculture (% of total employment) (modeled ILO estimate),SL.AGR.EMPL.ZS,Late-demographic dividend,LTE,..,43.7655443636199,30.5740440684956,29.6492449374455,27.9865564401969,26.3387200924809,25.5268642425045,24.7531755903641,24.0732735574464,23.3808273807015,22.7646631819228,22.2244261821013
Employment in agriculture (% of total employment) (modeled ILO estimate),SL.AGR.EMPL.ZS,Latin America & Caribbean,LCN,..,18.8355361661456,15.0150724262799,14.7189245740066,14.3624170513597,14.0611090433977,13.8543913759291,13.8371054341562,13.8358657032374,13.7493298986447,13.710711982288,13.633139953923
Employment in agriculture (% of total employment) (modeled ILO estimate),SL.AGR.EMPL.ZS,Latin America & Caribbean (excluding high income),LAC,..,19.1940204736141,15.2960082671954,14.9949705849101,14.6326258564444,14.3209785674149,14.1129214442451,14.091577923273,14.0999246120096,14.0113348339152,13.9809855229337,13.9078049221114
Employment in agriculture (% of total employment) (modeled ILO estimate),SL.AGR.EMPL.ZS,Latin America & the Caribbean (IDA & IBRD countries),TLA,..,18.783465446256,14.9991299525742,14.7044526780967,14.3506780373243,14.0356059505025,13.8300366383022,13.8169799370354,13.8211111722317,13.7368834085614,13.7020218517895,13.6256219806509
Employment in agriculture (% of total employment) (modeled ILO estimate),SL.AGR.EMPL.ZS,Least developed countries: UN classification,LDC,..,68.6831563743346,60.4430620373747,59.5984174021116,59.0129647738433,58.2630229016424,57.5161269600697,56.9581075409854,56.0774418203718,55.4537359991689,54.9688484083163,54.5293499008227
Employment in agriculture (% of total employment) (modeled ILO estimate),SL.AGR.EMPL.ZS,Low & middle income,LMY,..,48.2097460870106,38.2241568801303,37.1792526148058,36.1302522519786,35.1081666249039,34.4989082347722,33.9729863546916,33.2902808991309,32.649581287925,32.1432918852833,31.6760532387921
Employment in agriculture (% of total employment) (modeled ILO estimate),SL.AGR.EMPL.ZS,Low income,LIC,..,68.6763808903608,63.1594688273109,62.414812429063,62.0300722847876,61.3371439759404,60.6957471076798,60.3221859742003,59.8866186189068,59.4633272473427,59.1162082823881,58.7825490897251
Employment in agriculture (% of total employment) (modeled ILO estimate),SL.AGR.EMPL.ZS,Lower middle income,LMC,..,55.3931572302941,46.1539803731806,44.8037387728442,44.1286083029284,43.4833388857322,42.8524062612543,42.2748170886437,41.2050374770703,40.3080577698997,39.5178858391765,38.7770183572455
Employment in agriculture (% of total employment) (modeled ILO estimate),SL.AGR.EMPL.ZS,Middle East & North Africa,MEA,..,25.284059781586,18.7238542535939,18.0126608368523,17.9042409389474,17.6821152885652,17.1675624785876,16.8045168141637,16.3370547018629,15.9876484866284,15.807930455146,15.5537640445297
Employment in agriculture (% of total employment) (modeled ILO estimate),SL.AGR.EMPL.ZS,Middle East & North Africa (excluding high income),MNA,..,28.9665128060175,22.9265592940783,22.1908044149281,22.1246541253784,21.8915410937598,21.2549501873205,20.9685882785982,20.5945629159821,20.2869504445259,20.0885774410599,19.7865568567583
Employment in agriculture (% of total employment) (modeled ILO estimate),SL.AGR.EMPL.ZS,Middle East & North Africa (IDA & IBRD countries),TMN,..,29.0859555413106,23.0198951763645,22.2800587268745,22.221370353807,21.9900132911676,21.3665226194357,21.0883790278584,20.7170692649052,20.4094420251171,20.2137124721913,19.91269047582
Employment in agriculture (% of total employment) (modeled ILO estimate),SL.AGR.EMPL.ZS,Middle income,MIC,..,46.6616222185367,36.040272713973,34.9359521491681,33.7862548425197,32.693748204504,32.0396980649996,31.4431169192602,30.683943765046,29.9685897164273,29.3861536542619,28.8440984273534
Employment in agriculture (% of total employment) (modeled ILO estimate),SL.AGR.EMPL.ZS,North America,NAC,..,1.71479130902172,1.48266352755556,1.42156012987327,1.36719341420036,1.3868014392465,1.45914301516067,1.44591836409189,1.43676509240466,1.38157931179585,1.35214772057294,1.3238861798442
Employment in agriculture (% of total employment) (modeled ILO estimate),SL.AGR.EMPL.ZS,Not classified,INX,..,..,..,..,..,..,..,..,..,..,..,..
Employment in agriculture (% of total employment) (modeled ILO estimate),SL.AGR.EMPL.ZS,OECD members,OED,..,7.27614520692196,5.53666243389852,5.48003515404571,5.35863114346986,5.23753828161627,5.15782498804305,5.03508980448283,5.01657794003885,4.91498055342964,4.82842440759108,4.7618463939304
Employment in agriculture (% of total employment) (modeled ILO estimate),SL.AGR.EMPL.ZS,Other small states,OSS,..,25.9589578292327,20.751851350738,20.4080756341914,20.4209185322675,20.202248226651,19.7331423064622,19.2655355895595,19.0751630643045,18.8614138171735,18.6446443343466,18.5088273639537
Employment in agriculture (% of total employment) (modeled ILO estimate),SL.AGR.EMPL.ZS,Pacific island small states,PSS,..,50.1569337599445,44.1350576187362,43.5998814318548,42.7232030846365,42.0526234385258,41.0981119401924,40.5701350555342,39.9252113057449,39.1313754150657,38.5851272085602,38.0666004871562
Employment in agriculture (% of total employment) (modeled ILO estimate),SL.AGR.EMPL.ZS,Post-demographic dividend,PST,..,5.26093485019357,3.84146379754497,3.73619011122375,3.64634171209625,3.37051543551715,3.32679650808597,3.27171844143438,3.21543740778574,3.14933988767009,3.06425777848294,2.9869947229447
Employment in agriculture (% of total employment) (modeled ILO estimate),SL.AGR.EMPL.ZS,Pre-demographic dividend,PRE,..,62.1479975481855,56.7153404037651,55.8505316381187,55.3482632383585,54.6460391295513,54.0256838264179,53.78612948841,53.4265020263212,52.9234501169486,52.5242584675653,52.1496443952535
Employment in agriculture (% of total employment) (modeled ILO estimate),SL.AGR.EMPL.ZS,Small states,SST,..,24.9819313187189,20.4716577652922,20.211480053454,20.1370816003264,19.9317566673657,19.460333821762,18.9999251845459,18.812003575288,18.5601914618322,18.3476312924486,18.2058448774259
Employment in agriculture (% of total employment) (modeled ILO estimate),SL.AGR.EMPL.ZS,South Asia,SAS,..,58.8714128886113,48.4988842524803,46.8183148532992,46.1419800532319,45.6352141841009,45.2596496873358,44.8806002623486,43.5419768865947,42.5950124613434,41.703739144102,40.8532490438449
Employment in agriculture (% of total employment) (modeled ILO estimate),SL.AGR.EMPL.ZS,South Asia (IDA & IBRD),TSA,..,58.8714128886113,48.4988842524803,46.8183148532992,46.1419800532319,45.6352141841009,45.2596496873358,44.8806002623486,43.5419768865947,42.5950124613434,41.703739144102,40.8532490438449
Employment in agriculture (% of total employment) (modeled ILO estimate),SL.AGR.EMPL.ZS,Sub-Saharan Africa,SSF,..,61.7356332516203,57.0619161438662,56.3057218684779,55.767956133194,54.9410762372741,54.2200416157064,53.9578713813086,53.4899008356852,52.9935367408367,52.6496075383887,52.3078612658245
Employment in agriculture (% of total employment) (modeled ILO estimate),SL.AGR.EMPL.ZS,Sub-Saharan Africa (excluding high income),SSA,..,61.8341264586784,57.1417806491979,56.38378022684,55.8458564511406,55.0169503245795,54.2940177981324,54.0301136003897,53.5606288977578,53.0618804614108,52.7159128322742,52.3722016265508
Employment in agriculture (% of total employment) (modeled ILO estimate),SL.AGR.EMPL.ZS,Sub-Saharan Africa (IDA & IBRD countries),TSS,..,61.7356332516203,57.0619161438662,56.3057218684779,55.767956133194,54.9410762372741,54.2200416157064,53.9578713813086,53.4899008356852,52.9935367408367,52.6496075383887,52.3078612658245
Employment in agriculture (% of total employment) (modeled ILO estimate),SL.AGR.EMPL.ZS,Upper middle income,UMC,..,40.9254633921318,28.7325695242224,27.8283936673298,26.2766445375443,24.7967742734193,24.0621957678252,23.3803878893562,22.8040645370882,22.1619969899922,21.6160829976079,21.1118664667184
Employment in agriculture (% of total employment) (modeled ILO estimate),SL.AGR.EMPL.ZS,World,WLD,..,39.9678480670312,31.9996182697681,31.1404380709605,30.2761036677114,29.4134303453542,28.8838686969554,28.401496805954,27.8128081779024,27.2656484259056,26.8553467345358,26.4979224037923
,,,,,,,,,,,,,,,
,,,,,,,,,,,,,,,
,,,,,,,,,,,,,,,
Data from database: World Development Indicators,,,,,,,,,,,,,,,
Last Updated: 10/15/2020,,,,,,,,,,,,,,,
