year,iso,gini,share1q_pred
2015,abw,49.11543323,4.252557204998652
2015,afg,33.836907,7.52267063662735
2015,ago,48.69678638,4.342161573030296
2015,alb,29.29675829,8.494413660441413
2015,are,41.38078467,5.908029582649803
2015,arg,43.28076904,5.501369652582607
2015,arm,31.19795103,8.08749509895206
2015,aus,34.76960881,7.3230413876624505
2015,aut,26.920372,9.003039466928463
2015,aze,16.83387678,11.16188535300714
2015,bdi,39.396907,6.33264547280266
2015,bel,27.400576,8.900259818768522
2015,ben,49.42039088,4.1872861119409475
2015,bfa,45.66019895,4.992092410054349
2015,bgd,38.016907,6.6280114307303695
2015,bgr,36.993893,6.84697049600824
2015,bhr,41.38078467,5.908029582649803
2015,bhs,42.8157224,5.600905120919322
2015,bih,32.89479219,7.724314581071939
2015,blr,37.910557,6.650773872488061
2015,blz,53.24656233,3.368357999241738
2015,bol,53.894245,3.229732338185416
2015,bra,57.23143,2.5154636104267283
2015,brb,46.76660582,4.755284493376561
2015,brn,45.07396904,5.117565133918861
2015,btn,44.22691212,5.298863524205164
2015,bwa,66.44656233,0.5431184016723325
2015,caf,62.22656233,1.4463389396831587
2015,can,28.171631,8.73522837044247
2015,che,31.64360818,7.992109627200549
2015,chl,55.225136,2.9448773417271763
2015,chn,46.318787,4.851132634497834
2015,civ,49.15908925,4.243213362848934
2015,cmr,48.797287,4.320651093393609
2015,cod,48.3387529,4.418792661284202
2015,cog,46.12935994,4.891676333798072
2015,col,54.65794,3.0662761749683103
2015,com,61.91656233,1.5126892635654716
2015,cpv,53.17656233,3.3833403304409693
2015,cri,44.666679,5.204738766396408
2015,cub,27.036907,8.978097095981285
2015,cyp,32.42975243,7.823848576859527
2015,cze,27.376951,8.905316355548264
2015,deu,29.823812,8.381606614112787
2015,dji,50.60328323,3.9341077553589816
2015,dnk,24.247877,9.57504239861833
2015,dom,51.410946,3.7612410251099977
2015,dza,41.09154434,5.969936645796018
2015,ecu,39.319469,6.349219783708463
2015,egy,36.786907,6.891272393231157
2015,eri,49.87470165,4.090048477319263
2015,esp,32.089947,7.896578255367489
2015,est,35.27158,7.21560283593313
2015,eth,39.206907,6.373311800343432
2015,fin,25.387938,9.331031377342226
2015,fji,48.75708675,4.32925528567635
2015,fra,28.474508,8.670402605776331
2015,gab,48.154083,4.458318169917474
2015,gbr,33.743347,7.542695592441636
2015,geo,41.77350643,5.823974047257442
2015,gha,48.74703669,4.331406333211952
2015,gin,40.76756951,6.039278048699943
2015,gmb,53.316562329999996,3.353375668042508
2015,gnb,56.64656233,2.640644769564771
2015,gnq,49.87470165,4.090048477319263
2015,grc,32.843105,7.735377361062476
2015,gtm,54.698929,3.05750316391795
2015,guy,44.24098695,5.295851041853265
2015,hkg,54.68656233,3.060150043143258
2015,hnd,57.38656233,2.482260125458609
2015,hrv,31.77468381,7.964055077189008
2015,hti,60.65747142,1.782176649616357
2015,hun,26.851669,9.017744196933904
2015,idn,41.25558222,5.934827076547734
2015,ind,37.555603,6.7267458494665195
2015,irl,31.199495,8.087164637953464
2015,irn,45.57223126,5.010920425288798
2015,irq,36.936907,6.859167397804232
2015,isl,27.22387678,8.938079336435464
2015,isr,37.166534,6.810019572571575
2015,ita,31.306206,8.064324930173447
2015,jam,61.346275,1.634749744376693
2015,jor,39.696907,6.26843548194881
2015,jpn,32.0535019,7.904378720493048
2015,kaz,27.60981728,8.855475216518363
2015,ken,54.49656233,3.1008163706840293
2015,kgz,27.78221429,8.81857651506726
2015,khm,37.736907,6.687940755527297
2015,kor,38.686907,6.484609117823439
2015,kwt,41.38078467,5.908029582649803
2015,lao,43.33788003,5.489145998764094
2015,lbn,42.8157224,5.600905120919322
2015,lbr,42.39146932,5.691709408874381
2015,lby,41.38078467,5.908029582649803
2015,lca,42.47305645,5.6742470459707395
2015,lka,43.45754116,5.463534531887889
2015,lso,60.16656233,1.8872475435462643
2015,ltu,36.483173,6.956281584437834
2015,lux,27.566338,8.864781230422135
2015,lva,36.22350643,7.011858878053669
2015,mac,44.03317117,5.340330539630216
2015,mar,46.4338954,4.826495603460497
2015,mda,30.59380465,8.216802544066017
2015,mdg,46.32695276,4.849384889914786
2015,mdv,42.63623071,5.639322320163462
2015,mex,54.597805,3.079147067634965
2015,mkd,44.24350643,5.29531178922741
2015,mli,39.076907,6.401136129713434
2015,mlt,27.697582,8.836690643623394
2015,mmr,43.71318083,5.408819128979285
2015,mne,30.666907,8.2011562066497
2015,mng,39.916907,6.221348155322653
2015,moz,51.56104443,3.729114962385074
2015,mrt,43.20734063,5.517085777697652
2015,mus,41.84347577,5.808998278319276
2015,mwi,52.1054263,3.612599112739403
2015,mys,52.24656233,3.582391302087906
2015,nam,66.95656233,0.4339614172207895
2015,ncl,42.09794639,5.754533091043365
2015,ner,37.486907,6.741449081238839
2015,nga,48.94803794,4.288385371798245
2015,nic,45.62501187,4.9996236170042625
2015,nld,26.848343,9.01845607169917
2015,nor,25.73387678,9.256988957676253
2015,npl,38.786907,6.463205787538822
2015,nzl,32.907761,7.7215388238336535
2015,omn,41.38078467,5.908029582649803
2015,pak,35.626907,7.139551024532709
2015,pan,54.069603,3.192199886264916
2015,per,47.930405,4.506192711031499
2015,phl,43.382694,5.479554316751345
2015,png,49.86259363,4.092639996830789
2015,pol,36.986496,6.848553700349393
2015,pri,55.99350643,2.7804204807849473
2015,prt,36.466221,6.959909876987683
2015,pry,52.58656233,3.5096199791202096
2015,pse,40.496907,6.097208839671877
2015,pyf,42.09794639,5.754533091043365
2015,qat,46.05365491,4.907879731411041
2015,rou,27.40387678,8.899553341923154
2015,rus,41.23350643,5.939552030794372
2015,rwa,57.32656233,2.495102123629378
2015,sau,41.38078467,5.908029582649803
2015,sdn,41.13255381,5.961159253483947
2015,sen,45.91106473,4.938398778589871
2015,sgp,53.28656233,3.359796667127892
2015,slb,46.05898579,4.906738745557565
2015,sle,40.026907,6.197804492009574
2015,slv,42.35067576,5.700440589256033
2015,som,45.5898248,5.007154821813842
2015,srb,29.69549693,8.409070312349826
2015,stp,36.856907,6.8762900620319245
2015,sur,57.59656233,2.437313131860913
2015,svk,28.220137,8.724846471054615
2015,svn,25.06387678,9.400391270583185
2015,swe,27.43387678,8.89313234283777
2015,swz,57.43656233,2.4715584603162988
2015,syr,41.39228046,5.905569100747275
2015,tcd,49.29979013,4.213098688789172
2015,tgo,52.00461484,3.634176122487945
2015,tha,40.470337,6.1028957045285
2015,tjk,30.71734039,8.19036178161427
2015,tkm,40.96350643,5.997341022562837
2015,tls,37.596907,6.717905417925762
2015,ton,38.136907,6.602327434388831
2015,tto,40.306907,6.137875167212648
2015,tun,41.84483555,5.808707240114732
2015,tur,40.23350643,6.153585333640541
2015,twn,39.836907,6.238470819550347
2015,tza,43.45210202,5.464698688986733
2015,uga,48.958088,4.286234324262644
2015,ukr,24.74387678,9.468881927493957
2015,ury,43.11759478,5.536294378389888
2015,usa,40.736275,6.045976116036195
2015,uzb,35.2351463,7.223400861079037
2015,vct,49.11543323,4.252557204998652
2015,ven,46.69531073,4.7705440169659745
2015,vnm,46.39824785,4.83412536632537
2015,vut,42.96257924,5.569472866408571
2015,wsm,48.66663619,4.348614717777435
2015,yem,41.91010526,5.794737348507621
2015,zaf,69.36656233,0
2015,zmb,61.60656233,1.5790395874477827
2015,zwe,45.2770508,5.074098874078249
2020,abw,49.00673338,4.275822592913036
2020,afg,34.1037655,7.465554030479775
2020,ago,48.68894751,4.343839352266979
2020,alb,29.57056046,8.435810877669866
2020,are,41.38258793,5.907643624956112
2020,arg,42.9946009,5.562619164756152
2020,arm,31.42836719,8.038178367198128
2020,aus,34.93233728,7.288212075761248
2020,aut,27.575418,8.862837808032292
2020,aze,17.06295389,11.112855222547385
2020,bdi,39.6637655,6.275528866655087
2020,bel,27.533012,8.871914104272786
2020,ben,49.4014511,4.191339855609526
2020,bfa,45.56950624,5.011503670319719
2020,bgd,38.2837655,6.570894824582798
2020,bgr,38.75853,6.469279410573687
2020,bhr,41.38258793,5.907643624956112
2020,bhs,42.7075219,5.624063631303926
2020,bih,33.07642764,7.685438545794489
2020,blr,39.303177,6.352706814278433
2020,blz,53.20861611,3.3764797540388667
2020,bol,52.841896,3.4549700704022754
2020,bra,57.533878,2.4507296660475113
2020,brb,46.50790634,4.810654797525547
2020,brn,44.92965562,5.148453011846488
2020,btn,43.87050499,5.375146519396987
2020,bwa,66.40861611,0.5512401564694613
2020,caf,62.18861611,1.4544606944802876
2020,can,28.561661,8.65174896133338
2020,che,31.80363367,7.9578588430362736
2020,chl,55.175625,2.9554743445843936
2020,chn,45.779411,4.966577061253787
2020,civ,49.14415814,4.246409117637393
2020,cmr,48.78790634,4.322658867036285
2020,cod,48.33640667,4.41929483264034
2020,cog,46.12564413,4.892471640885121
2020,col,54.828072,3.0298622610884873
2020,com,61.87861611,1.520811018362597
2020,cpv,53.13861611,3.391462085238098
2020,cri,43.159595,5.5273049325830215
2020,cub,27.3037655,8.92098048983371
2020,cyp,32.57461983,7.792842128762789
2020,cze,28.201736,8.728784897860287
2020,deu,30.476873,8.241829811322766
2020,dji,50.56619656,3.942045537830648
2020,dnk,24.67658,9.48328567958827
2020,dom,52.290409,3.573006654489001
2020,dza,40.891475,6.01275814743447
2020,ecu,39.083755,6.399670429655544
2020,egy,37.0537655,6.834155787083583
2020,eri,49.86352999,4.092439584607336
2020,esp,32.183769,7.876497222827856
2020,est,35.245155,7.221258665960841
2020,eth,39.4737655,6.316195194195858
2020,fin,26.087809,9.181235675645976
2020,fji,48.74832281,4.331131060700496
2020,fra,28.583586,8.647056281168478
2020,gab,48.15456982,4.458213974224984
2020,gbr,33.954136,7.497579726567996
2020,geo,42.20943907,5.730669944499793
2020,gha,48.73842693,4.333249108581464
2020,gin,40.82189534,6.0276505118751835
2020,gmb,53.27861611,3.3614974228396335
2020,gnb,56.60861611,2.648766524361898
2020,gnq,49.86352999,4.092439584607336
2020,grc,33.274906,7.642957566860198
2020,gtm,54.423077,3.1165446785746713
2020,guy,43.88718913,5.371575557807638
2020,hkg,54.64861611,3.068271797940387
2020,hnd,57.34861611,2.4903818802557343
2020,hrv,31.91400617,7.934235452317885
2020,hti,60.6195252,1.790298404413484
2020,hun,27.439541,8.891920011123123
2020,idn,40.92670521,6.005217709228205
2020,ind,39.126877,6.390440885570211
2020,irl,31.768961,7.965279949114868
2020,irn,45.46523039,5.03382217490231
2020,irq,37.2037655,6.802050791656657
2020,isl,27.45295389,8.88904920597571
2020,isr,37.432125,6.753174253635358
2020,ita,31.550194,8.012103372678617
2020,jam,61.465569,1.6092168555469613
2020,jor,39.9637655,6.211318875801236
2020,jpn,32.35563028,7.839713185438086
2020,kaz,27.84051376,8.806098486948978
2020,ken,54.45861611,3.1089381254811563
2020,kgz,28.08375818,8.754036080337478
2020,khm,38.0037655,6.630824149379723
2020,kor,38.9537655,6.427492511675865
2020,kwt,41.38258793,5.907643624956112
2020,lao,43.02985621,5.555073354313988
2020,lbn,42.7075219,5.624063631303926
2020,lbr,42.44562527,5.680118232027107
2020,lby,41.38258793,5.907643624956112
2020,lca,42.49599,5.6693385025182526
2020,lka,43.10372449,5.539263082370022
2020,lso,60.12861611,1.8953692983433896
2020,ltu,37.819622,6.670236990882376
2020,lux,27.64826,8.847247194186373
2020,lva,36.65943907,6.918554775296021
2020,mac,43.9736196,5.3530765588469915
2020,mar,46.10890725,4.896053890590862
2020,mda,30.91465957,8.148128905803972
2020,mdg,45.98065755,4.9235035974708925
2020,mdv,42.59671948,5.647779039219877
2020,mex,54.181522,3.168245493043676
2020,mkd,44.67943907,5.202007686469761
2020,mli,39.3437655,6.3440195235658585
2020,mlt,28.017685,8.768177941282428
2020,mmr,43.261534,5.505486591724187
2020,mne,30.9337655,8.144039600502126
2020,mng,40.1837655,6.16423154917508
2020,moz,51.54009188,3.7335995058646247
2020,mrt,42.94927263,5.572320924096555
2020,mus,42.10734212,5.752522091918813
2020,mwi,52.07097877,3.6199720313601933
2020,mys,52.20861611,3.590513056885033
2020,nam,66.91861611,0.4420831720179166
2020,ncl,42.22299447,5.727768637466392
2020,ner,37.7537655,6.684332475091265
2020,nga,48.93634459,4.290888138120081
2020,nic,45.5277959,5.020431072152757
2020,nld,27.240993,8.934415895336622
2020,nor,25.96295389,9.207958827216498
2020,npl,39.0537655,6.406089181391248
2020,nzl,33.214157,7.6559598759747995
2020,omn,41.38258793,5.907643624956112
2020,pak,35.8937655,7.082434418385136
2020,pan,53.709229,3.269331923744801
2020,per,48.476662,4.3892755211186625
2020,phl,43.237034,5.510730407643917
2020,png,49.83686997,4.098145716741881
2020,pol,37.425453,6.754602283831948
2020,pri,56.42943907,2.687116378027298
2020,prt,36.473957,6.958254115356865
2020,pry,52.54861611,3.5177417339173367
2020,pse,40.7637655,6.0400922335243035
2020,pyf,42.22299447,5.727768637466392
2020,qat,45.6529083,4.993652851953746
2020,rou,27.63295389,8.850523211463399
2020,rus,41.66943907,5.846247928036723
2020,rwa,57.28861611,2.503223878426505
2020,sau,41.38258793,5.907643624956112
2020,sdn,40.90028255,6.010873038417987
2020,sen,45.48190869,5.030252463267452
2020,sgp,53.24861611,3.367918421925019
2020,slb,46.04222345,4.910326444551194
2020,sle,40.2937655,6.140687885862002
2020,slv,42.4204429,5.685508097851702
2020,som,45.48608556,5.029358473985793
2020,srb,29.98376407,8.347371544273607
2020,stp,37.1237655,6.819173455884352
2020,sur,57.55861611,2.44543488665804
2020,svk,30.115946,8.319080209219125
2020,svn,25.29295389,9.35136114012343
2020,swe,27.66295389,8.844102212378015
2020,swz,57.39861611,2.479680215113426
2020,syr,40.95606371,5.998934012506597
2020,tcd,49.28270051,4.216756436602159
2020,tgo,51.97266638,3.6410141569025942
2020,tha,39.4132,6.329158228199388
2020,tjk,31.02366805,8.124797460791331
2020,tkm,41.39943907,5.904036919805188
2020,tls,37.8637655,6.660788811778188
2020,ton,38.4037655,6.545210828241258
2020,tto,40.5737655,6.080758561065075
2020,tun,42.10818153,5.75234243022407
2020,tur,40.66943907,6.0602812308828895
2020,twn,40.1037655,6.1813542134027735
2020,tza,43.10036684,5.539981731289323
2020,uga,48.94624048,4.288770088098778
2020,ukr,24.97295389,9.4198517970342035
2020,ury,42.89387142,5.584178628054529
2020,usa,41.925358,5.791472754187966
2020,uzb,35.49963253,7.166791999714806
2020,vct,49.00673338,4.275822592913036
2020,ven,46.42240654,4.828954602112233
2020,vnm,46.06615735,4.905203792884205
2020,vut,42.79817842,5.604660116903789
2020,wsm,48.65925986,4.350193498050219
2020,yem,42.14847332,5.7437186453327875
2020,zaf,69.32861611,0
2020,zmb,61.56861611,1.5871613422449098
2020,zwe,45.11532697,5.108713159562081
2025,abw,48.78532476,4.323211411130247
2025,afg,33.928608,7.5030435687230534
2025,ago,48.68422572,4.344849972576023
2025,alb,29.82036596,8.382344181435727
2025,are,41.26956618,5.931834043402066
2025,arg,42.8648042,5.590399981155686
2025,arm,31.65339987,7.990013879449404
2025,aus,35.0723547,7.258243684902649
2025,aut,28.025764,8.766448766228734
2025,aze,17.23475194,11.076084718483354
2025,bdi,39.488608,6.313018404898365
2025,bel,27.638866,8.849257823033309
2025,ben,49.34316302,4.203815445888489
2025,bfa,45.5787805,5.009518669820466
2025,bgd,38.108608,6.608384362826076
2025,bgr,40.654339,6.063513148738199
2025,bhr,41.26956618,5.931834043402066
2025,bhs,42.56312779,5.654968779578759
2025,bih,33.23616575,7.651249270520784
2025,blr,40.817776,6.028532187820929
2025,blz,53.05861433,3.4085851304450703
2025,bol,51.333591,3.7777975712516643
2025,bra,57.774605,2.3992060711532623
2025,brb,46.45876735,4.8211721778537715
2025,brn,44.71698373,5.1939718788857245
2025,btn,43.78739463,5.39293490424852
2025,bwa,66.25861433,0.5833455328756649
2025,caf,62.03861433,1.4865660708864894
2025,can,29.024796,8.552622647619721
2025,che,31.94510642,7.927578963091044
2025,chl,55.07814,2.9763393811123517
2025,chn,45.437897,5.039672430641994
2025,civ,49.10521344,4.254744580406747
2025,cmr,48.77574479,4.325261843750516
2025,cod,48.35818904,4.414632680045424
2025,cog,46.16515885,4.8840141748524815
2025,col,55.093018,2.9731549936326065
2025,com,61.72861433,1.5529163947688023
2025,cpv,52.98861433,3.4235674616443035
2025,cri,41.573944,5.866687053274351
2025,cub,27.128608,8.958470028076988
2025,cyp,32.69809858,7.766413564068974
2025,cze,29.043148,8.548694708445888
2025,deu,31.05747,8.117562717790191
2025,dji,50.42034245,3.973263174727636
2025,dnk,25.039736,9.405558201459867
2025,dom,52.999332,3.421273523335387
2025,dza,40.75461624,6.042050479860702
2025,ecu,38.664852,6.48932962231771
2025,egy,36.878608,6.87164532532686
2025,eri,49.76062469,4.114464745846712
2025,esp,32.284042,7.855035461451562
2025,est,35.223789,7.225831701509452
2025,eth,39.298608,6.353684732439136
2025,fin,26.633448,9.064450758314297
2025,fji,48.73913717,4.333097093568451
2025,fra,28.702557,8.621592525095567
2025,gab,48.19002275,4.450625866521509
2025,gbr,34.113461,7.46347887059203
2025,geo,42.63441871,5.639710148508218
2025,gha,48.72998526,4.335055907093103
2025,gin,40.66417037,6.061408908145596
2025,gmb,53.12861433,3.393602799245839
2025,gnb,56.45861433,2.6808719007681017
2025,gnq,49.76062469,4.114464745846712
2025,grc,33.628994,7.567170942722004
2025,gtm,53.648705,3.2822860753662635
2025,guy,43.80498598,5.389169769506498
2025,hkg,54.49861433,3.1003771743465887
2025,hnd,57.19861433,2.5224872566619396
2025,hrv,32.03090246,7.909215753278722
2025,hti,60.46952342,1.8224037808196876
2025,hun,27.991335,8.773817718812424
2025,idn,40.80041162,6.032248743424207
2025,ind,40.633804,6.067908322612146
2025,irl,32.174206,7.878544023302974
2025,irn,45.46883456,5.033050762493193
2025,irq,37.028608,6.839540329899935
2025,isl,27.62475194,8.852278701911679
2025,isr,37.598209,6.717626746565456
2025,ita,31.796465,7.9593931771533875
2025,jam,61.453434,1.6118141496770004
2025,jor,39.788608,6.248808414044513
2025,jpn,32.66579169,7.773328314440362
2025,kaz,28.01513625,8.768723458663056
2025,ken,54.30861433,3.1410435018873617
2025,kgz,28.38194954,8.690213198676487
2025,khm,37.828608,6.668313687623002
2025,kor,38.778608,6.4649820499191435
2025,kwt,41.26956618,5.931834043402066
2025,lao,42.90185218,5.582470479632507
2025,lbn,42.56312779,5.654968779578759
2025,lbr,42.28791423,5.713873646813612
2025,lby,41.26956618,5.931834043402066
2025,lca,42.34083992,5.702545786577499
2025,lka,42.97947652,5.565856285761054
2025,lso,59.97861433,1.927474674749595
2025,ltu,39.077595,6.400988874801076
2025,lux,27.764473,8.82237374196271
2025,lva,37.08441871,6.827594979304445
2025,mac,43.79938414,5.390368749823713
2025,mar,46.03672077,4.9115042013261
2025,mda,31.24653237,8.077097074295168
2025,mdg,45.90106294,4.940539494737944
2025,mdv,42.44669129,5.679890068245609
2025,mex,53.141003,3.3909512112878684
2025,mkd,45.10441871,5.111047890478186
2025,mli,39.168608,6.381509061809139
2025,mlt,28.213514,8.726264013619364
2025,mmr,43.14531033,5.530362327683189
2025,mne,30.758608,8.181529138745402
2025,mng,40.008608,6.201721087418356
2025,moz,51.47209132,3.7481538903168143
2025,mrt,42.81717108,5.6005950551541535
2025,mus,41.93243004,5.789959102108906
2025,mwi,51.9378596,3.6484639669874337
2025,mys,52.05861433,3.6226184332912386
2025,nam,66.76861433,0.4741885484241184
2025,ncl,42.15290505,5.7427701075235635
2025,ner,37.578608,6.721822013334542
2025,nga,48.9130234,4.2958796494420834
2025,nic,45.53480212,5.018931507745689
2025,nld,27.503706,8.878186564245997
2025,nor,26.13475194,9.171188323152467
2025,npl,38.878608,6.443578719634527
2025,nzl,33.450443,7.60538680297849
2025,omn,41.26956618,5.931834043402066
2025,pak,35.718608,7.119923956628413
2025,pan,53.227417,3.3724557374557182
2025,per,48.983795,4.280732170146376
2025,phl,42.904739,5.581852604013184
2025,png,49.74584692,4.117627680768512
2025,pol,37.913906,6.65005707495683
2025,pri,56.85441871,2.5961565820357233
2025,prt,36.413429,6.971209123111537
2025,pry,52.39861433,3.5498471103235403
2025,pse,40.588608,6.07758177176758
2025,pyf,42.15290505,5.7427701075235635
2025,qat,45.55438182,5.014740799885951
2025,rou,27.80475194,8.813752707399368
2025,rus,42.09441871,5.755288132045148
2025,rwa,57.13861433,2.5353292548327087
2025,sau,41.26956618,5.931834043402066
2025,sdn,40.76606508,6.039600046821745
2025,sen,45.37350471,5.053454525148522
2025,sgp,53.09861433,3.4000237983312243
2025,slb,46.0772021,4.902839848562595
2025,sle,40.118608,6.178177424105279
2025,slv,42.26145139,5.7195375758615015
2025,som,45.49082375,5.028344343530581
2025,srb,30.25879874,8.288504965456301
2025,stp,36.948608,6.856662994127628
2025,sur,57.40861433,2.4775402630642436
2025,svk,31.963097,7.923728379833525
2025,svn,25.46475194,9.3145906360594
2025,swe,27.83475194,8.807331708313983
2025,swz,57.24861433,2.5117855915196294
2025,syr,40.83857443,6.024080631154014
2025,tcd,49.23334014,4.227321199622967
2025,tgo,51.85160621,3.6669250649308136
2025,tha,38.328751,6.561266429437611
2025,tjk,31.33881438,8.057345650901585
2025,tkm,41.82441871,5.813077123813613
2025,tls,37.688608,6.698278350021464
2025,ton,38.228608,6.582700366484534
2025,tto,40.398608,6.118248099308351
2025,tun,41.93331214,5.789770303332466
2025,tur,41.09441871,5.969321434891315
2025,twn,39.928608,6.218843751646052
2025,tza,42.97594814,5.56661147658615
2025,uga,48.9221753,4.293920838057765
2025,ukr,25.14475194,9.383081292970171
2025,ury,42.75895283,5.613055699487578
2025,usa,42.800133,5.60424177169071
2025,uzb,35.74578712,7.114106719806361
2025,vct,48.78532476,4.323211411130247
2025,ven,46.3683288,4.840529039414889
2025,vnm,45.99150149,4.9211826331768265
2025,vut,42.65839403,5.6345786315818245
2025,wsm,48.65677,4.350726411009644
2025,yem,41.97565269,5.780708015571642
2025,zaf,69.17861433,0
2025,zmb,61.41861433,1.6192667186511152
2025,zwe,45.09990484,5.112014008982904
2030,abw,48.48120096,4.3883040325183735
2030,afg,33.66434283,7.559605115885356
2030,ago,48.62291693,4.357972095393226
2030,alb,29.9887282,8.346309055133949
2030,are,41.09599202,5.9689846941556155
2030,arg,42.69720804,5.626271140824821
2030,arm,31.88841358,7.939713118883972
2030,aus,35.33516673,7.2019931580940435
2030,aut,28.408085,8.684619339851285
2030,aze,17.356093,11.050113690640698
2030,bdi,39.22434283,6.369579952060668
2030,bel,27.713543,8.833274458076666
2030,ben,49.22479853,4.22914938862289
2030,bfa,45.54081905,5.017643684344796
2030,bgd,37.84434283,6.664945909988377
2030,bgr,42.234535,5.725298579713897
2030,bhr,41.09599202,5.9689846941556155
2030,bhs,42.36442291,5.697498241336811
2030,bih,33.50484771,7.593742383206802
2030,blr,42.218891,5.728646916703623
2030,blz,52.84256178,3.4548275713099077
2030,bol,49.558903,4.157639905413122
2030,bra,57.964188,2.358628995499778
2030,brb,46.37393069,4.8393300483960076
2030,brn,44.44038152,5.253173963466573
2030,btn,43.67529676,5.41692758160664
2030,bwa,66.04256178,0.6295879737405023
2030,caf,61.82256178,1.5328085117513268
2030,can,29.527136,8.445105158267978
2030,che,32.19260373,7.874606296386202
2030,chl,54.911354,3.012037139560853
2030,chn,44.964489,5.140997508475792
2030,civ,49.0074524,4.275668698687623
2030,cmr,48.7065116,4.340080052072791
2030,cod,48.32511093,4.421712497180632
2030,cog,46.15146465,4.886945189708316
2030,col,55.314121,2.925831588273411
2030,com,61.51256178,1.5991588356336397
2030,cpv,52.77256178,3.469809902509139
2030,cri,39.971855,6.209587453397862
2030,cub,26.86434283,9.015031575239293
2030,cyp,32.94828413,7.71286552447809
2030,cze,29.785435,8.389820570176116
2030,deu,31.56377,8.009197656559177
2030,dji,50.20870775,4.018560048565494
2030,dnk,25.321007,9.345356840335022
2030,dom,53.631264,3.286019030201203
2030,dza,40.57197002,6.081142853579669
2030,ecu,38.145557,6.600476046319212
2030,egy,36.61434283,6.928206872489164
2030,eri,49.59488313,4.149938959352388
2030,esp,32.352077,7.840473705692423
2030,est,35.101227,7.252064051172883
2030,eth,39.03434283,6.41024627960144
2030,fin,27.09026,8.966677777174533
2030,fji,48.67307373,4.3472368698290325
2030,fra,28.780186,8.604977333828922
2030,gab,48.17150573,4.454589125470978
2030,gbr,34.203907,7.444120414482805
2030,geo,42.98205071,5.565305323373199
2030,gha,48.66471426,4.3490260748031755
2030,gin,40.4370559,6.110018968283853
2030,gmb,52.91256178,3.4398452401106763
2030,gnb,56.24256178,2.727114341632939
2030,gnq,49.59488313,4.149938959352388
2030,grc,33.89819,7.509554033729027
2030,gtm,52.633564,3.4995600564508234
2030,guy,43.69361613,5.413006626339479
2030,hkg,54.28256178,3.146619615211426
2030,hnd,56.98256178,2.5687296975267753
2030,hrv,32.28207142,7.855457231197485
2030,hti,60.25347087,1.868646221684525
2030,hun,28.509083,8.663002404330426
2030,idn,40.64028096,6.066522037470943
2030,ind,41.810249,5.8161099136452865
2030,irl,32.43697,7.822303776513903
2030,irn,45.42632301,5.0421496499488025
2030,irq,36.76434283,6.8961018770622395
2030,isl,27.746093,8.8263076740690245
2030,isr,37.718216,6.691941251990796
2030,ita,32.019508,7.91165454718667
2030,jam,61.387081,1.626015901420752
2030,jor,39.52434283,6.305369961206818
2030,jpn,32.88808742,7.725749625139863
2030,kaz,28.13817981,8.742388039122305
2030,ken,54.09256178,3.187285942752199
2030,kgz,28.57947772,8.647935589905895
2030,khm,37.56434283,6.724875234785305
2030,kor,38.51434283,6.521543597081447
2030,kwt,41.09599202,5.9689846941556155
2030,lao,42.73807639,5.617523952892446
2030,lbn,42.36442291,5.697498241336811
2030,lbr,42.06082945,5.762477352303106
2030,lby,41.09599202,5.9689846941556155
2030,lca,42.11921281,5.749981368931051
2030,lka,42.82370532,5.599196510185363
2030,lso,59.76256178,1.9737171156144306
2030,ltu,40.160866,6.169132804793605
2030,lux,27.82338,8.809765682191951
2030,lva,37.43205071,6.7531901541694275
2030,mac,43.54919197,5.443918206315063
2030,mar,45.93338904,4.933620632786809
2030,mda,31.46436299,8.030474067235538
2030,mdg,45.79178637,4.963928319938745
2030,mdv,42.23597952,5.724989404327269
2030,mex,51.793068,3.6794541913598167
2030,mkd,45.45205071,5.036643065343167
2030,mli,38.90434283,6.438070608971442
2030,mlt,28.323486,8.702726343238766
2030,mmr,43.00663983,5.560042432805519
2030,mne,30.49434283,8.238090685907707
2030,mng,39.74434283,6.258282634580661
2030,moz,51.34338168,3.7757020396741545
2030,mrt,42.64466302,5.637517525003538
2030,mus,41.66868791,5.846408701292489
2030,mwi,51.7397894,3.6908575860888355
2030,mys,51.84256178,3.668860874156074
2030,nam,66.55256178,0.5204309892889558
2030,ncl,42.01210532,5.772905938775313
2030,ner,37.31434283,6.778383560496847
2030,nga,48.8319036,4.313241988162305
2030,nic,45.49502064,5.027446069302199
2030,nld,27.728508,8.830071449699574
2030,nor,26.256093,9.145217295309813
2030,npl,38.61434283,6.50014026679683
2030,nzl,33.628448,7.567287804905359
2030,omn,41.09599202,5.9689846941556155
2030,pak,35.45434283,7.176485503790717
2030,pan,52.666756,3.4924558630627534
2030,per,49.408493,4.189832654494214
2030,phl,42.49836,5.668831243590507
2030,png,49.59261506,4.150424401865575
2030,pol,38.325047,6.562059208791354
2030,pri,57.20205071,2.521751756900704
2030,prt,36.322853,6.990595403550131
2030,pry,52.18256178,3.5960895511883777
2030,pse,40.32434283,6.134143318929885
2030,pyf,42.01210532,5.772905938775313
2030,qat,45.42991288,5.041381298215914
2030,rou,27.926093,8.787781679556712
2030,rus,42.44205071,5.680883306910131
2030,rwa,56.92256178,2.5815716956975443
2030,sau,41.09599202,5.9689846941556155
2030,sdn,40.58904775,6.077487650622654
2030,sen,45.24110932,5.081791547751829
2030,sgp,52.88256178,3.44626623919606
2030,slb,46.05986781,4.906549963903789
2030,sle,39.85434283,6.234738971267582
2030,slv,42.03163777,5.768725343989136
2030,som,45.44922222,5.037248456399933
2030,srb,30.44236858,8.249214906298159
2030,stp,36.68434283,6.9132245412899325
2030,sur,57.19256178,2.523782703929081
2030,svk,33.768475,7.537317363607718
2030,svn,25.586093,9.288619608216743
2030,swe,27.956093,8.781360680471328
2030,swz,57.03256178,2.558028032384467
2030,syr,40.69720675,6.054338022620115
2030,tcd,49.12448493,4.250619839751279
2030,tgo,51.66638057,3.706569520431808
2030,tha,37.142448,6.815174778703927
2030,tjk,31.56036538,8.009926358622714
2030,tkm,42.17205071,5.738672298678594
2030,tls,37.42434283,6.754839897183768
2030,ton,37.96434283,6.639261913646838
2030,tto,40.13434283,6.174809646470656
2030,tun,41.66966096,5.846200436187155
2030,tur,41.44205071,5.894916609756297
2030,twn,39.66434283,6.275405298808353
2030,tza,42.81981309,5.600029577027701
2030,uga,48.84026306,4.311452785328495
2030,ukr,25.266093,9.357110265127517
2030,ury,42.58044133,5.651263105428601
2030,usa,43.404396,5.474909366012978
2030,uzb,36.04019124,7.051094433631243
2030,vct,48.48120096,4.3883040325183735
2030,ven,46.27952891,4.859535173163966
2030,vnm,45.88618815,4.9437231951707865
2030,vut,42.46951295,5.675005472979375
2030,wsm,48.59783853,4.3633397081753245
2030,yem,41.71636765,5.836203649061442
2030,zaf,68.96256178,0.004610729429694871
2030,zmb,61.20256178,1.665509159515949
2030,zwe,45.04212515,5.124380786871033
2035,abw,48.0661129,4.477146700972183
2035,afg,33.33869867,7.629303811002722
2035,ago,48.09333486,4.471320294963437
2035,alb,30.10707345,8.320979230400294
2035,are,40.80145211,6.032026043912927
2035,arg,42.44336714,5.680601547049264
2035,arm,32.04956002,7.905222414088871
2035,aus,35.5184518,7.162764049199551
2035,aut,28.703663,8.62135580426262
2035,aze,17.44102306,11.031935829387976
2035,bdi,38.89869867,6.439278647178034
2035,bel,27.73856,8.827919986939364
2035,ben,48.83045792,4.313551411827563
2035,bfa,44.9791032,5.137869582981338
2035,bgd,37.51869867,6.7346446051057445
2035,bgr,43.504463,5.453491695497069
2035,bhr,40.80145211,6.032026043912927
2035,bhs,42.08747524,5.756774265862461
2035,bih,33.69661519,7.552697756083916
2035,blr,43.407436,5.474258704772325
2035,blz,52.67977522,3.4896693164056725
2035,bol,47.540813,4.589578373553943
2035,bra,58.045914,2.34113690979137
2035,brb,45.96551615,4.926744361322607
2035,brn,44.02581188,5.341905672775519
2035,btn,43.35603762,5.485259669804666
2035,bwa,65.87977522,0.6644297188362689
2035,caf,61.65977522,1.5676502568470934
2035,can,30.004665,8.342898049193149
2035,che,32.35910539,7.838969396167031
2035,chl,54.649979,3.0679800940922686
2035,chn,44.248009,5.294348089299014
2035,civ,48.56427459,4.370523509110054
2035,cmr,48.19571306,4.4494079506779904
2035,cod,47.72861251,4.549383024155752
2035,cog,45.51038489,5.024157608128945
2035,col,55.44606,2.8975922483291896
2035,com,61.34977522,1.6340005807294045
2035,cpv,52.60977522,3.504651647604904
2035,cri,38.327179,6.561602889789684
2035,cub,26.53869867,9.084730270356658
2035,cyp,33.115939,7.676981798913745
2035,cze,30.3873,8.261001416358607
2035,deu,31.977688,7.920605419911697
2035,dji,50.03544937,4.05564311188267
2035,dnk,25.518581,9.303069424558494
2035,dom,54.149158,3.1751724668569903
2035,dza,40.30695031,6.137865897430302
2035,ecu,37.498863,6.7388900990700105
2035,egy,36.28869867,6.997905567606529
2035,eri,49.26953522,4.219574247103784
2035,esp,32.371445,7.836328308682899
2035,est,34.842571,7.307425049153862
2035,eth,38.70869867,6.479944974718807
2035,fin,27.446564,8.890416855237234
2035,fji,48.15476178,4.458172888392168
2035,fra,28.799032,8.600943662203484
2035,gab,47.54049256,4.589646958385508
2035,gbr,34.204777,7.44393420550933
2035,geo,43.287906,5.499842105461527
2035,gha,48.14452396,4.460364122820714
2035,gin,40.13900631,6.173811506443499
2035,gmb,52.74977522,3.474686985206441
2035,gnb,56.07977522,2.761956086728704
2035,gnq,49.26953522,4.219574247103784
2035,grc,34.087425,7.4690514416649325
2035,gtm,51.414951,3.7603838217321
2035,guy,43.37197607,5.4818483107089175
2035,hkg,54.11977522,3.1814613603071926
2035,hnd,56.81977522,2.603571442622542
2035,hrv,32.45014814,7.8194832156843335
2035,hti,60.09068431,1.9034879667802898
2035,hun,28.964535,8.565520508482534
2035,idn,40.39198524,6.119665590505111
2035,ind,42.59919,5.647250265664528
2035,irl,32.591831,7.7891583652018435
2035,irn,44.87948788,5.159190578935016
2035,irq,36.43869867,6.965800572179604
2035,isl,27.83102306,8.8081298128163
2035,isr,37.755096,6.684047703781829
2035,ita,32.202309,7.8725290453930885
2035,jam,61.239273,1.657651735847839
2035,jor,39.19869867,6.375068656324183
2035,jpn,33.04377811,7.692426632536764
2035,kaz,28.22431974,8.723951225397467
2035,ken,53.92977522,3.222127687847964
2035,kgz,28.7185495,8.618169597499799
2035,khm,37.23869867,6.794573929902671
2035,kor,38.18869867,6.591242292198812
2035,kwt,40.80145211,6.032026043912927
2035,lao,42.48707316,5.671247003234402
2035,lbn,42.08747524,5.756774265862461
2035,lbr,41.76280192,5.826265168888092
2035,lby,40.80145211,6.032026043912927
2035,lca,41.8252391,5.812901533032292
2035,lka,42.57864768,5.65164700626225
2035,lso,59.59977522,2.008558860710197
2035,ltu,41.036465,5.981725458854804
2035,lux,27.833199,8.807664089191306
2035,lva,37.737906,6.687726936257754
2035,mac,43.19938488,5.51878857314677
2035,mar,45.58546099,5.008088822481135
2035,mda,31.61786253,7.9976200537039714
2035,mdg,45.4633004,5.034235257036471
2035,mdv,41.95011345,5.786174263461023
2035,mex,50.262959,4.00694847434446
2035,mkd,45.757906,4.971179847431495
2035,mli,38.57869867,6.507769304088807
2035,mlt,28.327551,8.701856297862697
2035,mmr,42.77428417,5.609774282150319
2035,mne,30.16869867,8.30778938102507
2035,mng,39.41869867,6.3279813296980265
2035,moz,50.97356262,3.854855634541419
2035,mrt,42.38717368,5.69262881889142
2035,mus,41.34343223,5.916024248752366
2035,mwi,51.53437851,3.734822357316105
2035,mys,51.67977522,3.703702619251839
2035,nam,66.38977522,0.5552727343847224
2035,ncl,41.53469565,5.8750875072561115
2035,ner,36.98869867,6.848082255614213
2035,nga,48.34928037,4.41653943210949
2035,nic,44.93925707,5.1463979817908765
2035,nld,27.894594,8.794523514563064
2035,nor,26.34102306,9.127039434057089
2035,npl,38.28869867,6.569838961914195
2035,nzl,33.714321,7.54890812309005
2035,omn,40.80145211,6.032026043912927
2035,pak,35.12869867,7.246184198908083
2035,pan,52.020683,3.630737001132486
2035,per,49.701164,4.127191313716924
2035,phl,41.959961,5.784066559809581
2035,png,49.28092202,4.217137092690937
2035,pol,38.606853,6.501743339849487
2035,pri,57.507906,2.456288538989032
2035,prt,36.187218,7.019625810581672
2035,pry,52.01977522,3.6309312962841425
2035,pse,39.99869867,6.2038420140472486
2035,pyf,41.53469565,5.8750875072561115
2035,qat,45.15111224,5.101053920030738
2035,rou,28.01102306,8.76960381830399
2035,rus,42.747906,5.615420088998457
2035,rwa,56.75977522,2.616413440793311
2035,sau,40.80145211,6.032026043912927
2035,sdn,40.32820904,6.133315821234088
2035,sen,44.98823145,5.135915833484631
2035,sgp,52.71977522,3.4811079842918264
2035,slb,45.43069264,5.041214403607688
2035,sle,39.52869867,6.304437666384949
2035,slv,41.73158334,5.83294698467566
2035,som,44.89941095,5.154926378460081
2035,srb,30.57152098,8.221571991555649
2035,stp,36.35869867,6.982923236407297
2035,sur,57.02977522,2.5586244490248475
2035,svk,35.492752,7.168264662276037
2035,svn,25.67102306,9.270441746964021
2035,swe,28.04102306,8.763182819218605
2035,swz,56.86977522,2.5928697774802334
2035,syr,40.46284769,6.104498666283838
2035,tcd,48.70760408,4.339846224970097
2035,tgo,51.43052372,3.7570507410362026
2035,tha,35.798397,7.10284645342762
2035,tjk,31.71573659,7.976671745379208
2035,tkm,42.477906,5.673209080766924
2035,tls,37.09869867,6.824538592301135
2035,ton,37.63869867,6.708960608764205
2035,tto,39.80869867,6.244508341588022
2035,tun,41.34447285,5.915801521416757
2035,tur,41.747906,5.829453391844625
2035,twn,39.33869867,6.34510399392572
2035,tza,42.57448521,5.65253791346435
2035,uga,48.35951819,4.414348197680944
2035,ukr,25.35102306,9.338932403874795
2035,ury,42.31849279,5.707328816620532
2035,usa,43.814602,5.387111620985662
2035,uzb,36.26912887,7.002094156536568
2035,vct,48.0661129,4.477146700972183
2035,ven,45.88407576,4.944175316979386
2035,vnm,45.5447408,5.016804299239359
2035,vut,42.19986215,5.732719724318487
2035,wsm,48.0626214,4.477893998249071
2035,yem,41.39442259,5.905110613588251
2035,zaf,68.79977522,0.039452474525459635
2035,zmb,61.03977522,1.7003509046117156
2035,zwe,44.54522315,5.230734363121899
2040,abw,47.52085876,4.593849245446927
2040,afg,32.694846,7.767109724509146
2040,ago,47.40458832,4.618734991743505
2040,alb,30.19976441,8.301140278087512
2040,are,40.36310543,6.12584683162498
2040,arg,42.20773247,5.73103521373443
2040,arm,32.10101974,7.894208320253733
2040,aus,35.52339801,7.161705395536681
2040,aut,28.930923,8.5727145958578
2040,aze,17.49584394,11.020202335376641
2040,bdi,38.254846,6.577084560684456
2040,bel,27.718424,8.832229761525474
2040,ben,48.31406714,4.424076236030272
2040,bfa,44.28945147,5.28547802056681
2040,bgd,36.874846,6.872450518612168
2040,bgr,44.687096,5.2003688484522
2040,bhr,40.36310543,6.12584683162498
2040,bhs,41.72047331,5.83532490109128
2040,bih,33.72675173,7.546247532891361
2040,blr,44.558197,5.227957527155768
2040,blz,52.45848383,3.537033043498793
2040,bol,45.066761,5.11910789452711
2040,bra,58.085651,2.3326318684361738
2040,brb,45.54404177,5.016953914939046
2040,brn,43.48159532,5.4583861405759
2040,btn,43.09052705,5.542087774042336
2040,bwa,65.65848383,0.7117934459293878
2040,caf,61.43848383,1.6150139839402122
2040,can,30.488886,8.239258629255676
2040,che,32.34750029,7.841453274049893
2040,chl,54.254826,3.1525559958118414
2040,chn,43.287773,5.499870571890806
2040,civ,47.98564423,4.494369676187921
2040,cmr,47.53090482,4.591699054044538
2040,cod,46.95458578,4.71505052166887
2040,cog,44.68189809,5.201481374297396
2040,col,55.555416,2.8741864224631453
2040,com,61.12848383,1.6813643078225233
2040,cpv,52.38848383,3.5520153746980245
2040,cri,36.3624,6.982131028522474
2040,cub,25.894846,9.222536183863081
2040,cyp,33.09075336,7.682372364627239
2040,cze,30.903147,8.150592979185319
2040,deu,32.33165,7.844845763969661
2040,dji,49.800812380000004,4.105863241822252
2040,dnk,25.642096,9.27663310115745
2040,dom,54.67717,3.06216031455458
2040,dza,40.00776159,6.201902247346219
2040,ecu,36.663708,6.917641082108501
2040,egy,35.644846,7.135711481112953
2040,eri,48.81905856,4.3159912544986945
2040,esp,32.355968,7.839640902111049
2040,est,34.450535,7.391333809068461
2040,eth,38.064846,6.617750888225228
2040,fin,27.726252,8.830554308830795
2040,fji,47.48037822,4.602513429124125
2040,fra,28.773661,8.606373901129992
2040,gab,46.7224792,4.764729059598597
2040,gbr,34.126785,7.460627090864908
2040,geo,43.65685021,5.420875757629258
2040,gha,47.46774657,4.605217022894021
2040,gin,39.65203516,6.2780395500687955
2040,gmb,52.52848383,3.52205071229956
2040,gnb,55.85848383,2.8093198138218245
2040,gnq,48.81905856,4.3159912544986945
2040,grc,34.266701,7.430680407263884
2040,gtm,49.849289,4.095487630732835
2040,guy,43.10230045,5.539567874354606
2040,hkg,53.898483830000004,3.2288250874003115
2040,hnd,56.59848383,2.6509351697156607
2040,hrv,32.41999456,7.82593708600437
2040,hti,59.86939292,1.9508516938734086
2040,hun,29.376463,8.477354198107719
2040,idn,40.18787623,6.16335171605607
2040,ind,43.373405,5.4815424721014825
2040,irl,32.682323,7.769790063560689
2040,irn,44.21586773,5.301227391474784
2040,irq,35.794846,7.1036064856860275
2040,isl,27.88584394,8.796396318804966
2040,isr,37.698238,6.696217209315055
2040,ita,32.373108,7.835972371300265
2040,jam,60.949226,1.7197314532384596
2040,jor,38.554846,6.512874569830608
2040,jpn,33.15948667,7.66766114727239
2040,kaz,28.28051179,8.711924255342272
2040,ken,53.70848383,3.2694914149410828
2040,kgz,28.83473021,8.593303056411486
2040,khm,36.594846,6.932379843409095
2040,kor,37.544846,6.729048205705235
2040,kwt,40.36310543,6.12584683162498
2040,lao,42.26757131,5.718227709170748
2040,lbn,41.72047331,5.83532490109128
2040,lbr,41.27595618,5.9304663705968785
2040,lby,40.36310543,6.12584683162498
2040,lca,41.36144024,5.912169934894379
2040,lka,42.39294794,5.691392934952125
2040,lso,59.37848383,2.055922587803316
2040,ltu,41.815685,5.814946428611014
2040,lux,27.795967,8.815632977122874
2040,lva,38.10685021,6.6087605884254845
2040,mac,42.67982592,5.629991493378888
2040,mar,45.26979851,5.075651105660146
2040,mda,31.75039449,7.969253800572495
2040,mdg,45.18164889,5.094518059973382
2040,mdv,41.53240837,5.875577061349047
2040,mex,48.356915,4.4149053670345815
2040,mkd,46.12685021,4.892213499599224
2040,mli,37.934846,6.64557521759523
2040,mlt,28.242727,8.72001145874332
2040,mmr,42.660798,5.634064101942782
2040,mne,29.524846,8.445595294531495
2040,mng,38.774846,6.465787243204451
2040,moz,50.48842283,3.9586917061372144
2040,mrt,42.13079681,5.74750200715088
2040,mus,40.70178822,6.053357435464125
2040,mwi,51.25876539,3.7938127436974423
2040,mys,51.45848383,3.7510663463449596
2040,nam,66.16848383,0.6026364614778412
2040,ncl,40.80893855,6.030423696433168
2040,ner,36.344846,6.985888169120637
2040,nga,47.72037958,4.551145145355754
2040,nic,44.26001797,5.291777769786133
2040,nld,28.006542,8.770562914376042
2040,nor,26.39584394,9.115305940045756
2040,npl,37.644846,6.707644875420618
2040,nzl,33.699543,7.55207110723951
2040,omn,40.36310543,6.12584683162498
2040,pak,34.484846,7.383990112414507
2040,pan,51.257782,3.7940232219071284
2040,per,49.960621,4.071658875060365
2040,phl,41.219402,5.942570848532034
2040,png,48.86985976,4.305118105874147
2040,pol,38.779621,6.464765234183361
2040,pri,57.87685021,2.377322191156763
2040,prt,36.012779,7.056961565896853
2040,pry,51.79848383,3.6782950233772613
2040,pse,39.354846,6.341647927553673
2040,pyf,40.80893855,6.030423696433168
2040,qat,44.95637764,5.142733609647166
2040,rou,28.06584394,8.757870324292657
2040,rus,43.11685021,5.536453741166188
2040,rwa,56.53848383,2.6637771678864315
2040,sau,40.36310543,6.12584683162498
2040,sdn,40.05279025,6.1922646145236815
2040,sen,44.83884482,5.167889547304592
2040,sgp,52.49848383,3.5284717113849453
2040,slb,44.62303109,5.214080872736043
2040,sle,38.884846,6.442243579891372
2040,slv,41.23321415,5.939614588448128
2040,som,44.23058447,5.2980775190054565
2040,srb,30.67645987,8.199111574331939
2040,stp,35.714846,7.12072914991372
2040,sur,56.80848383,2.6059881761179646
2040,svk,37.224297,6.797656366899272
2040,svn,25.72584394,9.258708252952687
2040,swe,28.09584394,8.751449325207272
2040,swz,56.648483830000004,2.6402335045733523
2040,syr,40.33797177,6.131226271887391
2040,tcd,48.16248734,4.456519361269033
2040,tgo,51.11610936,3.824345884969265
2040,tha,34.163132,7.452847622406359
2040,tjk,31.83520739,7.951101015461534
2040,tkm,42.84685021,5.594242732934653
2040,tls,36.454846,6.962344505807557
2040,ton,36.994846,6.846766522270626
2040,tto,39.164846,6.382314255094446
2040,tun,40.70321296,6.053052493656226
2040,tur,42.11685021,5.750487044012354
2040,twn,38.694846,6.482909907432143
2040,tza,42.387249,5.692612697903048
2040,uga,47.73301123,4.5484415515858565
2040,ukr,25.40584394,9.327198909863462
2040,ury,42.03676434,5.767628087279764
2040,usa,44.137333,5.318036439124816
2040,uzb,36.40964996,6.9720179635243245
2040,vct,47.52085876,4.593849245446927
2040,ven,45.48527536,5.029531883767758
2040,vnm,45.24041531,5.081940089004336
2040,vut,41.87434462,5.8023913163987135
2040,wsm,47.36669337,4.626845773053196
2040,yem,40.77160021,6.038415344666161
2040,zaf,68.57848383,0.08681620161858028
2040,zmb,60.81848383,1.7477146317048362
2040,zwe,43.9689534,5.354075281044734
2045,abw,46.83681217,4.740257996405287
2045,afg,31.831187,7.951961512811963
2045,ago,46.95564746,4.714823286791905
2045,alb,30.27336327,8.285387670995998
2045,are,39.74874501,6.257340421455538
2045,arg,41.72470845,5.834418440089063
2045,arm,32.13246388,7.887478227114374
2045,aus,35.50025704,7.166658333776845
2045,aut,29.099321,8.53667181572511
2045,aze,17.52465067,11.014036735810544
2045,bdi,37.391187,6.761936348987273
2045,bel,27.659145,8.844917441684892
2045,ben,47.92733241,4.506850347617492
2045,bfa,43.81413163,5.387212295830322
2045,bgd,36.011187,7.057302306914985
2045,bgr,45.836998,4.9542515254427855
2045,bhr,39.74874501,6.257340421455538
2045,bhs,41.11495843,5.96492525078018
2045,bih,33.72942764,7.545674799035942
2045,blr,45.726093,4.97798888889494
2045,blz,52.1782555,3.597011238519759
2045,bol,42.131599,5.74733031177567
2045,bra,58.110031,2.327413736512783
2045,brb,45.11814866,5.108109223931772
2045,brn,42.8364982,5.596458407826049
2045,btn,42.69337902,5.627090678622084
2045,bwa,65.3782555,0.7717716409503534
2045,caf,61.1582555,1.674992178961178
2045,can,30.98843,8.13233957701869
2045,che,32.30944689,7.849597968936419
2045,chl,53.73661,3.2634714778795715
2045,chn,42.207424,5.731101236587358
2045,civ,47.57644618,4.581951686347631
2045,cmr,47.0906037,4.685938157005005
2045,cod,46.47486584,4.817726564868236
2045,cog,44.1809901,5.30869236581913
2045,col,55.668617,2.8499576385476555
2045,com,60.8482555,1.741342502843489
2045,cpv,52.1082555,3.61199356971899
2045,cri,34.089363,7.468636645124017
2045,cub,25.031187,9.4073879721659
2045,cyp,33.0377342,7.693720230556168
2045,cze,31.358892,8.053048371579694
2045,deu,32.636009,7.779702801948705
2045,dji,49.51576739,4.166872362491706
2045,dnk,25.694754,9.265362535496177
2045,dom,55.242363,2.9411901900190465
2045,dza,39.46547782,6.317969033719191
2045,ecu,35.648415,7.134947596255095
2045,egy,34.781187,7.32056326941577
2045,eri,48.35611248,4.41507713304078
2045,esp,32.323895,7.846505592233234
2045,est,33.958927,7.496554293014059
2045,eth,37.201187,6.802602676528047
2045,fin,27.945198,8.783692573305837
2045,fji,47.0366212,4.697492209775898
2045,fra,28.715935,8.61872918757009
2045,gab,46.22688374,4.870802992777964
2045,gbr,33.991253,7.4896354524662545
2045,geo,44.00676086,5.345983225508709
2045,gha,47.02312558,4.700380721898455
2045,gin,38.93465731,6.431582300692977
2045,gmb,52.2482555,3.5820289073205256
2045,gnb,55.5782555,2.86929800884279
2045,gnq,48.35611248,4.41507713304078
2045,grc,34.459389,7.389438758205061
2045,gtm,47.928295,4.506644321300506
2045,guy,42.70438477,5.624735081599287
2045,hkg,53.6182555,3.288803282421277
2045,hnd,56.3182555,2.7109133647366264
2045,hrv,32.36150072,7.838456715775726
2045,hti,59.58916459,2.0108298888943743
2045,hun,29.743296,8.39883971952475
2045,idn,39.73424771,6.26044332645689
2045,ind,44.222713,5.2997622757278116
2045,irl,32.746876,7.755973571762059
2045,irn,43.74534567,5.401934782038566
2045,irq,34.931187,7.288458273988845
2045,isl,27.91465067,8.790230719238869
2045,isr,37.565804,6.724562495744186
2045,ita,32.540836,7.800072993480484
2045,jam,60.520531,1.811486460002099
2045,jor,37.691187,6.6977263581334245
2045,jpn,33.26173313,7.64577699973426
2045,kaz,28.31094031,8.70541153870595
2045,ken,53.4282555,3.3294696099620484
2045,kgz,28.9361124,8.571603891436009
2045,khm,35.731187,7.117231631711912
2045,kor,36.681187,6.9138999940080526
2045,kwt,39.74874501,6.257340421455538
2045,lao,41.79959003,5.818391288199324
2045,lbn,41.11495843,5.96492525078018
2045,lbr,40.55869525,6.083984096447292
2045,lby,39.74874501,6.257340421455538
2045,lca,40.66566894,6.061088164258949
2045,lka,41.95648478,5.784810586657601
2045,lso,59.0982555,2.1159007828242817
2045,ltu,42.525177,5.663091512508082
2045,lux,27.716206,8.832704487391187
2045,lva,38.45676086,6.533868056304934
2045,mac,41.99070628,5.777486045984251
2045,mar,44.86340718,5.162632384268093
2045,mda,31.87111668,7.943415231519973
2045,mdg,44.78152599,5.180157685804769
2045,mdv,40.87961632,6.015296299882266
2045,mex,46.081604,4.901897695366797
2045,mkd,46.47676086,4.817320967478675
2045,mli,37.071187,6.830427005898048
2045,mlt,28.093964,8.751851694974624
2045,mmr,42.291669,5.7130700009890845
2045,mne,28.661187,8.630447082834312
2045,mng,37.911187,6.650639031507268
2045,moz,50.11296711,4.039051733961301
2045,mrt,41.62843213,5.8550247788445375
2045,mus,39.84018865,6.237768437162062
2045,mwi,50.95893142,3.8579871986020216
2045,mys,51.1782555,3.8110445413659253
2045,nam,65.8882555,0.6626146564988069
2045,ncl,40.12857416,6.176044333963786
2045,ner,35.481187,7.170739957423454
2045,nga,47.29303807,4.64261046018432
2045,nic,43.78661725,5.393101289457487
2045,nld,28.063757,8.758316998953699
2045,nor,26.42465067,9.109140340479659
2045,npl,36.781187,6.892496663723436
2045,nzl,33.595184,7.574407408691233
2045,omn,39.74874501,6.257340421455538
2045,pak,33.621187,7.568841900717325
2045,pan,50.394787,3.978732892096856
2045,per,50.219948,4.0161542607331775
2045,phl,40.293236,6.140801216495859
2045,png,48.52113988,4.379755773558665
2045,pol,38.86808,6.445832062246891
2045,pri,58.22676086,2.302429659036214
2045,prt,35.805019,7.101429124896173
2045,pry,51.5182555,3.738273218398227
2045,pse,38.491187,6.526499715856492
2045,pyf,40.12857416,6.176044333963786
2045,qat,44.57227406,5.2249445675096045
2045,rou,28.09465067,8.751704724726558
2045,rus,43.46676086,5.461561209045639
2045,rwa,56.2582555,2.723755362907397
2045,sau,39.74874501,6.257340421455538
2045,sdn,39.53267029,6.303587607438699
2045,sen,44.46309914,5.24831163622517
2045,sgp,52.2182555,3.588449906405911
2045,slb,44.12596133,5.320470355213793
2045,sle,38.021187,6.62709536819419
2045,slv,40.50520841,6.095432061471296
2045,som,43.75910286,5.3989902852249845
2045,srb,30.76454541,8.18025833527275
2045,stp,34.851187,7.305580938216538
2045,sur,56.5282555,2.6659663711389303
2045,svk,38.957008,6.426798508691386
2045,svn,25.75465067,9.25254265338659
2045,swe,28.12465067,8.745283725641173
2045,swz,56.3682555,2.700211699594318
2045,syr,39.95822261,6.212505238855249
2045,tcd,47.76538492,4.541512503789837
2045,tgo,50.80227136,3.8915176686679
2045,tha,32.269508,7.8581462214751285
2045,tjk,31.94159986,7.928329483709472
2045,tkm,43.19676086,5.519350200814104
2045,tls,35.591187,7.147196294110375
2045,ton,36.131187,7.031618310573446
2045,tto,38.301187,6.567166043397263
2045,tun,39.84197154,6.237386839326749
2045,tur,42.46676086,5.675594511891806
2045,twn,37.831187,6.667761695734962
2045,tza,41.9493532,5.786336982279513
2045,uga,47.30653369,4.639721948061764
2045,ukr,25.43465067,9.321033310297363
2045,ury,41.51076108,5.880210302325414
2045,usa,44.395382,5.262805359358666
2045,uzb,36.52545598,6.947231618574256
2045,vct,46.83681217,4.740257996405287
2045,ven,45.0635612,5.119792758289556
2045,vnm,44.83611345,5.168474151446986
2045,vut,41.30751107,5.923712573269231
2045,wsm,46.91516059,4.723488825299908
2045,yem,39.92755049,6.2190700940041435
2045,zaf,68.2982555,0.14679439663954597
2045,zmb,60.5382555,1.807692826725802
2045,zwe,43.51453055,5.451336904519
2050,abw,45.99453697,4.920532939366703
2050,afg,30.84271717,8.163526975290653
2050,ago,46.51869402,4.808345874745099
2050,alb,30.33093973,8.273064391096009
2050,are,38.92547439,6.43354775139035
2050,arg,40.89118166,6.012820931963526
2050,arm,32.14930507,7.883873651594816
2050,aus,35.45601582,7.1761274282153895
2050,aut,29.214041,8.512117915222596
2050,aze,17.52999906,11.012892002233935
2050,bdi,36.40271717,6.9735018114659635
2050,bel,27.567831,8.864461678700987
2050,ben,47.56084642,4.58529055450404
2050,bfa,43.25748089,5.506354092244287
2050,bgd,35.02271717,7.268867769393674
2050,bgr,46.960976,4.713682801776356
2050,bhr,38.92547439,6.43354775139035
2050,bhs,40.23156994,6.153999806991168
2050,bih,33.71140338,7.549532590935099
2050,blr,46.921082,4.722221446360102
2050,blz,51.93242056,3.6496281026829482
2050,bol,38.716911,6.478187262604841
2050,bra,58.120216,2.325233807323295
2050,brb,44.45420501,5.250215276245012
2050,brn,42.05280182,5.764195532466035
2050,btn,41.96703707,5.78255204517631
2050,bwa,65.13242056,0.8243885051135429
2050,caf,60.91242056,1.7276090431243674
2050,can,31.515087,8.019617439841635
2050,che,32.25173808,7.86194957614404
2050,chl,53.096191,3.40054247165501
2050,chn,41.002777,5.9889358127610866
2050,civ,47.18451361,4.665838308797717
2050,cmr,46.66343741,4.777365968918248
2050,cod,46.00304569,4.91871178992211
2050,cog,43.67988476,5.415945596813183
2050,col,55.785229,2.824998787036158
2050,com,60.60242056,1.7939593670066785
2050,cpv,51.86242056,3.6646104338821797
2050,cri,31.512344,8.020204533191343
2050,cub,24.04271717,9.618953434644588
2050,cyp,32.96397161,7.709507881320356
2050,cze,31.759689,7.967264465898858
2050,deu,32.894775,7.724318260304414
2050,dji,49.26447612,4.220657062986215
2050,dnk,25.672459,9.270134407983132
2050,dom,55.839993,2.8132774672390912
2050,dza,38.60782848,6.501534554643225
2050,ecu,34.446087,7.392285829199522
2050,egy,33.79271717,7.532128731894459
2050,eri,47.83971484,4.525603425511948
2050,esp,32.280067,7.855886243830375
2050,est,33.404922,7.615129812957351
2050,eth,36.21271717,7.014168139006736
2050,fin,28.112972,8.747783349954124
2050,fji,46.60554005,4.789757932105122
2050,fra,28.633339,8.636407482251972
2050,gab,45.73707971,4.975637367066225
2050,gbr,33.809471,7.528542854324236
2050,geo,44.34135243,5.274369486677124
2050,gha,46.59106571,4.79285592290184
2050,gin,38.00573335,6.630402963944718
2050,gmb,52.00242056,3.634645771483715
2050,gnb,55.33242056,2.921914873005978
2050,gnq,47.83971484,4.525603425511948
2050,grc,34.665077,7.34541467620924
2050,gtm,45.63493,4.9975008068823055
2050,guy,41.97970919,5.779839789478647
2050,hkg,53.37242056,3.3414201465844666
2050,hnd,56.07242056,2.763530228899816
2050,hrv,32.28186544,7.855501317777206
2050,hti,59.34332965,2.0634467530575638
2050,hun,30.05471,8.332186752552214
2050,idn,38.91268677,6.43628472793449
2050,ind,45.151585,5.100952733646487
2050,irl,32.807182,7.743066079400619
2050,irn,43.17828016,5.523305686074012
2050,irq,33.94271717,7.500023736467535
2050,isl,27.91999906,8.78908598566226
2050,isr,37.371021,6.76625254457247
2050,ita,32.701458,7.765694536310726
2050,jam,59.957798,1.931930062612631
2050,jor,36.70271717,6.909291820612114
2050,jpn,33.35452396,7.625916671915523
2050,kaz,28.31817974,8.703862059592327
2050,ken,53.18242056,3.3820864741252397
2050,kgz,29.0260845,8.552346865709005
2050,khm,34.74271717,7.328797094190602
2050,kor,35.69271717,7.125465456486742
2050,kwt,38.92547439,6.43354775139035
2050,lao,40.9721866,5.995483177108472
2050,lbn,40.23156994,6.153999806991168
2050,lbr,39.62981889,6.282794571713817
2050,lby,38.92547439,6.43354775139035
2050,lca,39.74554025,6.258026346823167
2050,lka,41.14191126,5.9591564475542285
2050,lso,58.85242056,2.168517646987471
2050,ltu,43.186325,5.521583822397945
2050,lux,27.599035,8.857782983518975
2050,lva,38.79135243,6.46225431747335
2050,mac,41.14011947,5.959539950285935
2050,mar,44.1571301,5.31379920042504
2050,mda,31.9836394,7.919331622113138
2050,mdg,44.06164174,5.334236889499204
2050,mdv,39.97698296,6.208489899182199
2050,mex,43.436825,5.46796848003498
2050,mkd,46.81135243,4.745707228647092
2050,mli,36.08271717,7.041992468376737
2050,mlt,27.907803,8.79169634866577
2050,mmr,41.50450483,5.881549348176346
2050,mne,27.67271717,8.842012545313002
2050,mng,36.92271717,6.862204493985957
2050,moz,49.75925806,4.11475725017938
2050,mrt,40.78703244,6.03511233350898
2050,mus,38.85255713,6.449154473382642
2050,mwi,50.6908871,3.915357609720777
2050,mys,50.93242056,3.8636614055291147
2050,nam,65.64242056,0.7152315206619964
2050,ncl,39.37962067,6.336345323106649
2050,ner,34.49271717,7.382305419902143
2050,nga,46.88055249,4.730896111248139
2050,nic,43.2258006,5.51313472934811
2050,nld,28.065657,8.75791033567829
2050,nor,26.42999906,9.10799560690305
2050,npl,35.79271717,7.104062126202125
2050,nzl,33.412189,7.613574432945568
2050,omn,38.92547439,6.43354775139035
2050,pak,32.63271717,7.780407363196014
2050,pan,49.421871,4.186969316968737
2050,per,50.469944,3.9626467911548477
2050,phl,39.179722,6.379130295681305
2050,png,48.19771733,4.448978970150094
2050,pol,38.888596,6.441440955005698
2050,pri,58.56135243,2.2308159202046287
2050,prt,35.561222,7.153609802030161
2050,pry,51.27242056,3.7908900825614165
2050,pse,37.50271717,6.73806517833518
2050,pyf,39.37962067,6.336345323106649
2050,qat,43.81761592,5.386466541733547
2050,rou,28.09999906,8.750559991149949
2050,rus,43.80135243,5.389947470214054
2050,rwa,56.01242056,2.776372227070585
2050,sau,38.92547439,6.43354775139035
2050,sdn,38.68404305,6.485222098501126
2050,sen,43.69029811,5.413716793118988
2050,sgp,51.97242056,3.6410667705691004
2050,slb,43.61652418,5.4295068710208305
2050,sle,37.03271717,6.838660830672879
2050,slv,39.57195822,6.295178682018809
2050,som,43.19412031,5.519915366451933
2050,srb,30.83901348,8.164319688294071
2050,stp,33.86271717,7.5171464006952275
2050,sur,56.28242056,2.7185832353021215
2050,svk,40.680374,6.057940791698599
2050,svn,25.75999906,9.251397919809982
2050,swe,28.12999906,8.744138992064563
2050,swz,56.12242056,2.7528285637575074
2050,syr,39.16673535,6.381909871273711
2050,tcd,47.38715435,4.622466441924326
2050,tgo,50.5183632,3.9522834698576776
2050,tha,30.118036,8.318632879616178
2050,tjk,32.03883809,7.907517264179657
2050,tkm,43.53135243,5.447736461982519
2050,tls,34.60271717,7.358761756589065
2050,ton,35.14271717,7.2431837730521345
2050,tto,37.31271717,6.778731505875952
2050,tun,38.85448582,6.448741669491776
2050,tur,42.80135243,5.60398077306022
2050,twn,36.84271717,6.87932715821365
2050,tza,41.1341965,5.960807663117693
2050,uga,46.89502683,4.7277981204514195
2050,ukr,25.43999906,9.319888576720754
2050,ury,40.65973895,6.062357379604496
2050,usa,44.599464,5.219125014847215
2050,uzb,36.62231501,6.9265005604728795
2050,vct,45.99453697,4.920532939366703
2050,ven,44.3905461,5.263840403007899
2050,vnm,44.12530065,5.320611762736318
2050,vut,40.43986837,6.109417006040598
2050,wsm,46.475271,4.817639847135254
2050,yem,38.9470629,6.428927091291522
2050,zaf,68.05242056,0.19941126080273364
2050,zmb,60.29242056,1.8603096908889913
2050,zwe,42.91251773,5.580187696739337
