Country Name,Country Code,Series Name,Series Code,1997 [YR1997],1998 [YR1998],1999 [YR1999],2000 [YR2000],2001 [YR2001],2002 [YR2002],2003 [YR2003],2004 [YR2004],2005 [YR2005],2006 [YR2006],2007 [YR2007],2008 [YR2008],2009 [YR2009],2010 [YR2010],2011 [YR2011],2012 [YR2012],2013 [YR2013],2014 [YR2014],2015 [YR2015],2016 [YR2016]
Afghanistan,AFG,"Labor force, total",SL.TLF.TOTL.IN,4924653,5032304,5162557,5336840,5606987,5934968,6292828,6644955,6969404,7133722,7264788,7390836,7549815,7766590,8126681,8560749,9051268,9567711,10087598,10551800
Albania,ALB,"Labor force, total",SL.TLF.TOTL.IN,1368603,1363892,1354626,1350697,1338328,1338094,1319856,1301290,1282212,1266919,1250632,1234727,1226713,1225744,1271832,1325041,1249102,1275842,1333035,1331755
Algeria,DZA,"Labor force, total",SL.TLF.TOTL.IN,8298430,8507767,8719362,8930844,9157772,9379025,9598651,9819838,10042331,10254769,10460259,10661124,10861377,11136913,11358846,11597754,12064551,11642537,11798733,11937169
American Samoa,ASM,"Labor force, total",SL.TLF.TOTL.IN,..,..,..,..,..,..,..,..,..,..,..,..,..,..,..,..,..,..,..,..
Andorra,AND,"Labor force, total",SL.TLF.TOTL.IN,..,..,..,..,..,..,..,..,..,..,..,..,..,..,..,..,..,..,..,..
Angola,AGO,"Labor force, total",SL.TLF.TOTL.IN,6126032,6304184,6498101,6711619,6934595,7182006,7445833,7723412,8011142,8294270,8590630,8903075,9233513,9578368,9926136,10291553,10671132,11062740,11464498,11871028
Antigua and Barbuda,ATG,"Labor force, total",SL.TLF.TOTL.IN,..,..,..,..,..,..,..,..,..,..,..,..,..,..,..,..,..,..,..,..
Arab World,ARB,"Labor force, total",SL.TLF.TOTL.IN,76678130,78418820,81299424,83588481,85575070,87634804,90504535,93444014,96768576,100182027,104285189,108121955,111499427,115424170,118360432,121448601,124796602,126688290,129330976,131925883
Argentina,ARG,"Labor force, total",SL.TLF.TOTL.IN,15653101,15961436,16192192,16458400,16694710,16830712,17210175,17597867,17751236,18064580,18090391,18118705,18474862,18248453,18830069,19015971,19151572,19207364,19486951,19704082
Armenia,ARM,"Labor force, total",SL.TLF.TOTL.IN,1294450,1289196,1286912,1285259,1290071,1294489,1298703,1303286,1308394,1310512,1313226,1311694,1325693,1380524,1404422,1401345,1414410,1411931,1398274,1402993
Aruba,ABW,"Labor force, total",SL.TLF.TOTL.IN,..,..,..,..,..,..,..,..,..,..,..,..,..,..,..,..,..,..,..,..
Australia,AUS,"Labor force, total",SL.TLF.TOTL.IN,9220617,9322181,9416369,9603084,9789976,9947031,10126911,10247103,10556752,10801453,10969546,11259265,11494997,11692524,11859905,12026236,12205765,12355521,12592463,12741985
Austria,AUT,"Labor force, total",SL.TLF.TOTL.IN,3823947,3858935,3887965,3899183,3886923,3972924,3992277,3891230,4017205,4074463,4162650,4209485,4256778,4276558,4305299,4352343,4393513,4412005,4460834,4535197
Azerbaijan,AZE,"Labor force, total",SL.TLF.TOTL.IN,3340970,3386782,3439577,3508581,3586313,3663214,3742291,3829758,3927697,4021668,4123365,4260007,4390880,4472075,4540067,4626294,4700437,4788222,4873418,4966648
"Bahamas, The",BHS,"Labor force, total",SL.TLF.TOTL.IN,149330,152132,155091,158124,163117,168364,173699,179253,185054,189997,195076,200382,205986,211925,216028,220582,225022,228988,232360,235445
Bahrain,BHR,"Labor force, total",SL.TLF.TOTL.IN,271342,280118,291227,305448,325858,349795,378726,413257,453396,501657,556576,614060,668183,714129,727110,740032,747939,758823,777898,816373
Bangladesh,BGD,"Labor force, total",SL.TLF.TOTL.IN,43172218,44628349,46112850,47598773,48946794,50303954,51642722,52935998,54175076,55153622,56091457,57004748,57920440,58860664,59932582,61016510,62111483,63214859,64315695,65383994
Barbados,BRB,"Labor force, total",SL.TLF.TOTL.IN,143752,144304,144712,144991,146172,147195,148122,150322,150997,151471,151927,152299,152486,152250,152874,151111,153217,148959,150500,152668
Belarus,BLR,"Labor force, total",SL.TLF.TOTL.IN,4734066,4739762,4757665,4802442,4839071,4872922,4904624,4934871,4962595,4979529,5005628,5035410,5067067,5092010,5100899,5107252,5111689,5113318,5113974,5100187
Belgium,BEL,"Labor force, total",SL.TLF.TOTL.IN,4218297,4255095,4367000,4411179,4307572,4350497,4381761,4465111,4616055,4634917,4722788,4766098,4788134,4887403,4871419,4912346,4968932,4984375,5000910,5004722
Belize,BLZ,"Labor force, total",SL.TLF.TOTL.IN,76782,81011,85292,89462,93560,97633,101747,106027,110524,115926,121504,127233,133065,138942,145600,151971,155090,158175,161220,166784
Benin,BEN,"Labor force, total",SL.TLF.TOTL.IN,2488738,2563039,2639937,2720193,2800140,2884087,2983550,3084631,3186622,3279879,3374022,3469776,3568162,3669956,3771519,3887587,4008319,4133823,4264471,4397267
Bermuda,BMU,"Labor force, total",SL.TLF.TOTL.IN,..,..,..,..,..,..,..,..,..,..,..,..,..,..,..,..,..,..,..,..
Bhutan,BTN,"Labor force, total",SL.TLF.TOTL.IN,190056,198120,207884,219105,234269,250989,268487,285786,302195,316034,328786,340498,351556,352752,352709,349247,361128,360141,380655,387787
Bolivia,BOL,"Labor force, total",SL.TLF.TOTL.IN,3351429,3440151,3529476,3619879,3728987,3841508,3956829,4074072,4192826,4312839,4340127,4461403,4562872,4662547,4757848,4669681,4803674,5052899,4857588,4984659
Bosnia and Herzegovina,BIH,"Labor force, total",SL.TLF.TOTL.IN,1471855,1469684,1472629,1476986,1481224,1488928,1498405,1507645,1520922,1526001,1526931,1524360,1519557,1511947,1493318,1472565,1450915,1429288,1413554,1409620
Botswana,BWA,"Labor force, total",SL.TLF.TOTL.IN,601868,619040,628200,635691,658674,682037,705876,730338,755534,782726,799323,816294,833681,813670,891082,962234,1028360,1052477,1077373,1101759
Brazil,BRA,"Labor force, total",SL.TLF.TOTL.IN,73222937,75322303,77450662,79594358,81661448,84421018,86249044,88930591,90912552,92908412,93952059,95687739,97400070,97300825,97106421,98201510,99541859,100603554,102301658,103214044
British Virgin Islands,VGB,"Labor force, total",SL.TLF.TOTL.IN,..,..,..,..,..,..,..,..,..,..,..,..,..,..,..,..,..,..,..,..
Brunei Darussalam,BRN,"Labor force, total",SL.TLF.TOTL.IN,140812,145941,151408,157080,161006,164986,169227,173619,178028,180858,183801,186985,190511,194390,199021,203502,207899,212311,215384,217847
Bulgaria,BGR,"Labor force, total",SL.TLF.TOTL.IN,3661232,3587909,3513846,3437082,3508796,3419546,3350106,3392853,3334372,3442126,3517645,3583298,3509649,3426004,3343906,3353729,3378725,3371015,3344317,3273146
Burkina Faso,BFA,"Labor force, total",SL.TLF.TOTL.IN,4495695,4593755,4695676,4801334,4895917,4996386,5101563,5211557,5324990,5428598,5544104,5662809,5783758,5906179,6017265,6131581,6246727,6360090,6571496,6787147
Burundi,BDI,"Labor force, total",SL.TLF.TOTL.IN,2647273,2653527,2677085,2714429,2802498,2905730,3020850,3142756,3267144,3388958,3513541,3639043,3764253,3888282,3983756,4081386,4181126,4283003,4424012,4572248
Cabo Verde,CPV,"Labor force, total",SL.TLF.TOTL.IN,139797,143565,147434,151429,156053,160687,165306,169759,174114,178657,183003,187380,191891,196391,200755,205417,210239,215093,219928,224850
Cambodia,KHM,"Labor force, total",SL.TLF.TOTL.IN,4941942,5171509,5420890,5579244,6160983,6335845,6463487,6545539,6807867,7083268,7358541,7635162,7893797,8146598,8307572,8477494,8647778,8812637,8967963,9125204
Cameroon,CMR,"Labor force, total",SL.TLF.TOTL.IN,5922614,6084171,6253404,6430498,6606532,6791025,6984435,7187428,7400806,7614570,7840595,8077153,8322260,8574179,8825221,9084881,9352279,9627629,9910668,10196177
Canada,CAN,"Labor force, total",SL.TLF.TOTL.IN,15445238,15698979,15986015,16235249,16492176,16944708,17361674,17583893,17734768,17912036,18274723,18573598,18709052,18913515,19059145,19264216,19504718,19601132,19733477,19926490
Cayman Islands,CYM,"Labor force, total",SL.TLF.TOTL.IN,..,..,..,..,..,..,..,..,..,..,..,..,..,..,..,..,..,..,..,..
Central African Republic,CAF,"Labor force, total",SL.TLF.TOTL.IN,1448989,1482161,1515951,1550859,1580056,1609656,1640168,1670588,1701801,1730011,1758817,1786419,1810128,1828455,1833531,1832131,1830505,1829028,1833456,1855564
Chad,TCD,"Labor force, total",SL.TLF.TOTL.IN,2789188,2882835,2984167,3092958,3203478,3322884,3448378,3576382,3708247,3836695,3967955,4103925,4246442,4395388,4549278,4710196,4878863,5052851,5232367,5411573
Channel Islands,CHI,"Labor force, total",SL.TLF.TOTL.IN,70644,71429,72320,72972,73629,74484,75193,75659,76501,77099,77679,78180,78764,79279,79058,79422,79755,80255,80690,80991
Chile,CHL,"Labor force, total",SL.TLF.TOTL.IN,5829969,5977579,6088782,6059995,6168517,6240491,6388231,6680371,6738518,6937896,7238105,7466172,7534841,8005342,8276686,8379169,8503214,8640594,8755232,8841540
China,CHN,"Labor force, total",SL.TLF.TOTL.IN,709659006,717198752,725253179,734849258,740669268,747357876,754391730,760824124,766360863,770370795,774185350,777399187,779404706,779956733,782565087,784480961,785747229,786573327,787073203,787050042
Colombia,COL,"Labor force, total",SL.TLF.TOTL.IN,14940737,15536950,16146328,16763818,17406537,18049380,18695610,19352639,20023285,20681687,21357162,22041055,22718441,23318223,23993408,24690404,25001105,25321884,25773738,26020330
Comoros,COM,"Labor force, total",SL.TLF.TOTL.IN,117662,121147,124702,128029,131618,135335,139202,143256,147462,151738,156327,161164,166133,171302,176500,181907,187471,193283,199301,205152
"Congo, Dem. Rep.",COD,"Labor force, total",SL.TLF.TOTL.IN,17221312,17617575,18041943,18517562,19019366,19568668,20161969,20792332,21454895,22119643,22824378,23567154,24350550,25161388,25978726,26834662,27724675,28649762,29613110,30594477
"Congo, Rep.",COG,"Labor force, total",SL.TLF.TOTL.IN,1165057,1202236,1241820,1281008,1318591,1357425,1399171,1443710,1491337,1544069,1602535,1661952,1721011,1778110,1826034,1871491,1915819,1959944,2007089,2059688
Costa Rica,CRI,"Labor force, total",SL.TLF.TOTL.IN,1480606,1566144,1603613,1616228,1715417,1758312,1808814,1816444,1927456,1961761,2031009,2062200,2083466,2074923,2162195,2181973,2227090,2314225,2322227,2252807
Cote d'Ivoire,CIV,"Labor force, total",SL.TLF.TOTL.IN,5758639,5919904,6046665,6165381,6234839,6296159,6353591,6411916,6475346,6556256,6643909,6739504,6844066,6957112,7082245,7217611,7361291,7510643,7663648,7806149
Croatia,HRV,"Labor force, total",SL.TLF.TOTL.IN,2052220,2010606,2025874,1963084,1960885,1932679,1944364,1995734,1995069,1979110,1993075,1997206,1993136,1967855,1877365,1857668,1837999,1890446,1893618,1833268
Cuba,CUB,"Labor force, total",SL.TLF.TOTL.IN,4428579,4450434,4483036,4523466,4557926,4599492,4649334,4698705,4802184,4904117,5002933,5078019,5204889,5193434,5212438,5228129,5239365,5243258,5247083,5235377
Curacao,CUW,"Labor force, total",SL.TLF.TOTL.IN,..,..,..,..,..,..,..,..,..,..,..,..,..,..,..,..,..,..,..,..
Cyprus,CYP,"Labor force, total",SL.TLF.TOTL.IN,412582,421285,432165,445064,465087,475466,494612,509338,518104,531751,546653,557592,570712,585472,585620,589187,593803,604597,604351,611515
Czech Republic,CZE,"Labor force, total",SL.TLF.TOTL.IN,5134661,5155929,5184005,5153263,5132262,5133854,5128040,5124920,5180535,5186107,5185902,5205303,5249751,5241295,5232517,5269165,5321932,5322708,5336207,5387517
Denmark,DNK,"Labor force, total",SL.TLF.TOTL.IN,2857119,2845775,2878797,2863199,2854562,2890599,2870437,2898633,2900837,2931220,2930831,2962829,2952579,2929869,2928221,2911871,2894562,2907004,2931381,3024435
Djibouti,DJI,"Labor force, total",SL.TLF.TOTL.IN,237855,245971,254302,262452,268843,275003,281010,287008,293218,299773,306647,313811,321277,329048,337239,345705,354387,363137,371861,379954
Dominica,DMA,"Labor force, total",SL.TLF.TOTL.IN,..,..,..,..,..,..,..,..,..,..,..,..,..,..,..,..,..,..,..,..
Dominican Republic,DOM,"Labor force, total",SL.TLF.TOTL.IN,3345785,3429412,3512416,3593219,3677606,3760797,3837522,3916749,4004812,4094178,4186049,4177682,4163546,4333627,4512646,4614844,4700862,4810133,4918081,5004117
East Asia & Pacific,EAS,"Labor force, total",SL.TLF.TOTL.IN,1072335774,1086767488,1101617063,1117548732,1129896288,1141835723,1153614184,1164961252,1176127253,1185885659,1196091052,1204998616,1212857811,1219151532,1228009129,1234987880,1241357013,1248264185,1250894661,1257025739
East Asia & Pacific (excluding high income),EAP,"Labor force, total",SL.TLF.TOTL.IN,955417644,969754554,984197671,999391535,1011022039,1022540762,1034092261,1044896178,1055259204,1064090032,1073093141,1081252938,1088858707,1094622416,1103275124,1109620006,1114851227,1120401625,1122000873,1127073901
Ecuador,ECU,"Labor force, total",SL.TLF.TOTL.IN,5022628,5346736,5471310,5597194,5717835,5839780,6069549,6230809,6392897,6648766,6715958,6775402,6828569,6731008,6794068,7005377,7085380,7207342,7627599,8002328
"Egypt, Arab Rep.",EGY,"Labor force, total",SL.TLF.TOTL.IN,18488736,18773905,19957106,20449217,20823211,21206688,22074281,22954071,23825225,24616731,25778898,26560782,27333918,28162941,28501607,29133980,29844308,29973127,30077388,30468857
El Salvador,SLV,"Labor force, total",SL.TLF.TOTL.IN,2170268,2264176,2280916,2286261,2292067,2296477,2377655,2352656,2396792,2449709,2503009,2531134,2559701,2584933,2632911,2684452,2741574,2762233,2779506,2799818
Equatorial Guinea,GNQ,"Labor force, total",SL.TLF.TOTL.IN,187443,195349,204040,213728,220821,230450,241551,252557,265682,278354,291958,306856,324574,344590,359824,376134,395446,415715,438146,455294
Eritrea,ERI,"Labor force, total",SL.TLF.TOTL.IN,1386411,1424688,1470284,1521754,1583728,1652054,1723551,1793415,1858825,1907909,1951581,1991937,2029155,2066409,2105357,2144964,2186318,2230090,2277334,2335770
Estonia,EST,"Labor force, total",SL.TLF.TOTL.IN,695466,680741,673723,679287,669046,654674,677798,678254,673834,693423,692026,697830,690487,683977,687789,684718,680940,676070,686173,694110
Eswatini,SWZ,"Labor force, total",SL.TLF.TOTL.IN,289954,297953,305639,312711,317998,322371,326364,330808,336225,343425,352025,361742,372198,383033,394269,405946,417896,430015,442140,454336
Ethiopia,ETH,"Labor force, total",SL.TLF.TOTL.IN,25932572,26883145,27867576,28995057,30063195,31206100,32406073,33643955,34917430,35973485,37077115,38242595,39483877,40797577,42212145,43678838,45196499,46668355,48171784,49661396
Euro area,EMU,"Labor force, total",SL.TLF.TOTL.IN,144171992,145381514,146915917,148072448,148466095,150520314,152675721,154130231,156180115,157712367,159299771,160814439,161256078,161440736,160971075,161972270,162351580,162637062,162974905,163904478
Europe & Central Asia,ECS,"Labor force, total",SL.TLF.TOTL.IN,388947010,389859464,396157256,397686380,397276632,399949606,402243420,405035593,409344298,412276399,416119683,420245392,422621540,424917162,426741184,429202886,431553879,433287761,435703589,438422120
Europe & Central Asia (excluding high income),ECA,"Labor force, total",SL.TLF.TOTL.IN,173966597,173459169,177791326,177857206,176762930,177158787,176995162,177997713,179248413,180252684,182100246,183793867,185170292,186900458,188869082,189663681,191092070,191784264,193380215,194518812
European Union,EUU,"Labor force, total",SL.TLF.TOTL.IN,224272088,225361831,227231818,228526899,228855148,229848485,231914512,233659097,236323351,238403539,240168822,242270242,243012725,243665939,243150426,244771488,245585029,246529762,247117125,248380609
Faroe Islands,FRO,"Labor force, total",SL.TLF.TOTL.IN,..,..,..,..,..,..,..,..,..,..,..,..,..,..,..,..,..,..,..,..
Fiji,FJI,"Labor force, total",SL.TLF.TOTL.IN,298442,300399,301758,302503,307332,311049,314170,317297,320655,320615,321402,329699,338152,346453,352840,359045,364959,370549,371824,374560
Finland,FIN,"Labor force, total",SL.TLF.TOTL.IN,2503903,2522404,2566264,2586076,2608203,2623439,2620889,2611741,2627895,2661097,2690371,2718446,2689293,2679193,2692085,2699346,2685266,2688682,2695058,2687198
France,FRA,"Labor force, total",SL.TLF.TOTL.IN,26770280,26947641,27263121,27479615,27558926,27903772,28468122,28660874,28944175,29089933,29328351,29530640,29765570,29861054,29856868,30091903,30231689,30213192,30251104,30319992
French Polynesia,PYF,"Labor force, total",SL.TLF.TOTL.IN,89310,91296,93265,95275,97080,99023,100897,102686,104383,106096,107692,109574,111182,112537,113905,114999,115711,116344,116989,117894
Gabon,GAB,"Labor force, total",SL.TLF.TOTL.IN,313633,322611,333157,343696,354241,365858,378287,392058,406820,424517,442778,463656,485826,508697,531198,555520,580711,606116,630944,650081
"Gambia, The",GMB,"Labor force, total",SL.TLF.TOTL.IN,347142,358075,370014,382899,395064,408411,422749,437850,453631,468847,484943,501944,519908,538838,557627,577412,596317,616249,636668,657204
Georgia,GEO,"Labor force, total",SL.TLF.TOTL.IN,2286451,2265499,2251087,2171584,2252587,2181513,2214407,2158312,2138711,2122512,2106816,2091498,2074268,2087206,2093599,2103213,2055774,2038910,2058239,2034776
Germany,DEU,"Labor force, total",SL.TLF.TOTL.IN,40043322,40074824,40291717,40252663,40336149,40453688,40658170,40560978,41261012,41609632,41888572,41895668,41956660,42016700,41699644,41807485,42203758,42457453,42780921,43294640
Ghana,GHA,"Labor force, total",SL.TLF.TOTL.IN,7601332,7802035,8011453,8233054,8482966,8752398,9038013,9334366,9638794,9949174,10266995,10593703,10931018,11278251,11612784,11956205,12306610,12626315,12951160,13273030
Gibraltar,GIB,"Labor force, total",SL.TLF.TOTL.IN,..,..,..,..,..,..,..,..,..,..,..,..,..,..,..,..,..,..,..,..
Greece,GRC,"Labor force, total",SL.TLF.TOTL.IN,4638407,4768547,4841822,4875327,4817129,4870160,4918725,5008033,5005408,5048711,5053999,5066621,5123669,5148117,5083019,5040033,4986002,4926565,4908892,4906562
Greenland,GRL,"Labor force, total",SL.TLF.TOTL.IN,..,..,..,..,..,..,..,..,..,..,..,..,..,..,..,..,..,..,..,..
Grenada,GRD,"Labor force, total",SL.TLF.TOTL.IN,..,..,..,..,..,..,..,..,..,..,..,..,..,..,..,..,..,..,..,..
Guam,GUM,"Labor force, total",SL.TLF.TOTL.IN,73201,73915,74710,75309,75630,75788,75934,76014,76106,76216,76325,76561,76982,77237,77474,77738,78059,78446,78919,79564
Guatemala,GTM,"Labor force, total",SL.TLF.TOTL.IN,3749557,3860937,3973923,4087333,4214943,4344954,4476913,4619227,4906124,5198807,5289678,5383364,5475328,5563096,5656806,6282035,5977798,6218528,6370690,6613095
Guinea,GIN,"Labor force, total",SL.TLF.TOTL.IN,3039349,3096922,3151037,3208996,3264382,3322371,3386317,3453982,3525761,3599250,3680046,3764600,3856228,3949509,4041018,4136561,4238211,4347427,4463720,4581649
Guinea-Bissau,GNB,"Labor force, total",SL.TLF.TOTL.IN,466224,474811,483405,492678,503828,515987,529030,542824,557268,571748,587087,603314,620441,638479,656475,675898,696139,716881,737918,758555
Guyana,GUY,"Labor force, total",SL.TLF.TOTL.IN,283881,281563,278498,274889,272191,269017,267872,267546,267531,270762,274155,277153,280040,282888,287815,293146,298812,304468,309869,314468
Haiti,HTI,"Labor force, total",SL.TLF.TOTL.IN,3057662,3114945,3174073,3234895,3320458,3410844,3505274,3602766,3702725,3805021,3908842,4012116,4120017,4223862,4335698,4449655,4566998,4682458,4794239,4905887
Heavily indebted poor countries (HIPC),HPC,"Labor force, total",SL.TLF.TOTL.IN,170578357,175550150,180705651,186157677,191648442,197481001,203618369,209986164,216626540,223073006,229675547,236636624,243901202,251492955,259113866,266901136,275596123,284494515,293255654,302373389
High income,HIC,"Labor force, total",SL.TLF.TOTL.IN,526812292,531424397,536892830,542186948,545773047,550571210,555612748,560883918,568104568,574814524,581461599,588534706,592003708,595013647,597539510,603050887,607444472,612042742,616585684,622487782
Honduras,HND,"Labor force, total",SL.TLF.TOTL.IN,2266148,2353028,2438976,2469003,2497202,2533211,2568138,2602700,2637117,2816592,2949034,3086237,3227286,3341173,3364545,3382020,3604498,3833217,4074270,4203355
"Hong Kong SAR, China",HKG,"Labor force, total",SL.TLF.TOTL.IN,3263541,3305791,3350430,3392866,3440151,3496693,3489685,3532460,3553267,3596080,3651714,3664393,3682695,3656647,3722477,3815201,3880572,3905376,3939418,3949386
Hungary,HUN,"Labor force, total",SL.TLF.TOTL.IN,4011271,4066044,4139284,4160580,4147331,4150157,4221391,4202060,4273343,4304574,4287279,4258902,4258580,4299649,4315998,4368797,4401133,4525623,4616126,4686095
Iceland,ISL,"Labor force, total",SL.TLF.TOTL.IN,153677,158874,164020,169237,171637,171169,172123,173090,174965,181724,187323,189957,187681,188675,187904,189265,193289,198782,203034,208175
India,IND,"Labor force, total",SL.TLF.TOTL.IN,382547455,390041620,397713183,405521019,417003387,428862880,441049645,453489620,466155121,467165824,468125060,469002609,469829385,470610752,473683611,476800625,485906723,494963721,503834632,512765199
Indonesia,IDN,"Labor force, total",SL.TLF.TOTL.IN,90265238,93615736,96880468,99018448,100806703,102495611,104087207,105609290,107099831,109060869,110974767,112784214,114924975,116988944,118672947,120202270,121651092,123063758,122582281,125383553
"Iran, Islamic Rep.",IRN,"Labor force, total",SL.TLF.TOTL.IN,16393917,17191044,18052039,18973996,20004112,21099667,22261184,23468763,24692931,24717904,24706267,23958309,24639491,24632928,24725749,24818655,24901251,24960570,25936916,27165257
Iraq,IRQ,"Labor force, total",SL.TLF.TOTL.IN,5139861,5298707,5459752,5623195,5773410,5928840,6086450,6241978,6673745,7101683,7524199,7953549,8179143,8402958,8664860,8894655,9217796,9619604,9983673,10234985
Ireland,IRL,"Labor force, total",SL.TLF.TOTL.IN,1566065,1643824,1716529,1775859,1818257,1869018,1914483,1970240,2076422,2158278,2241741,2270210,2239328,2211362,2191923,2183707,2199444,2200837,2216634,2248289
Isle of Man,IMN,"Labor force, total",SL.TLF.TOTL.IN,..,..,..,..,..,..,..,..,..,..,..,..,..,..,..,..,..,..,..,..
Israel,ISR,"Labor force, total",SL.TLF.TOTL.IN,2531084,2581600,2668984,2768455,2834953,2860585,2931315,3010815,3085340,3170558,3261299,3326601,3411097,3494743,3542908,3641401,3713561,3805482,3877021,3957145
Italy,ITA,"Labor force, total",SL.TLF.TOTL.IN,23011807,23160484,23302720,23334798,23455992,23716385,24026815,24562077,24402950,24440317,24417189,24732425,24516549,24451369,24438804,24962311,25064690,25416836,25341014,25584166
Jamaica,JAM,"Labor force, total",SL.TLF.TOTL.IN,1181215,1181833,1192878,1202625,1213648,1224385,1234457,1249064,1265619,1285803,1305100,1324321,1344506,1366327,1386274,1407953,1430365,1451209,1469160,1487494
Japan,JPN,"Labor force, total",SL.TLF.TOTL.IN,67975693,68028984,67824596,67670786,67597243,67157152,67069090,66717970,66739866,66799943,67142641,67092189,66914551,66665453,65970611,65650470,65992810,66182686,66363239,66844279
Jordan,JOR,"Labor force, total",SL.TLF.TOTL.IN,1225519,1250947,1274261,1298304,1325098,1344194,1359818,1403358,1454005,1507031,1630972,1701569,1827111,1894063,1969502,2038778,2096207,2198262,2293738,2378153
Kazakhstan,KAZ,"Labor force, total",SL.TLF.TOTL.IN,7789420,7699508,7660662,7655067,7673622,7710534,7758737,7802568,7947812,8080705,8226662,8382549,8573022,8719779,8806519,8887384,8961806,9050189,9109811,9172172
Kenya,KEN,"Labor force, total",SL.TLF.TOTL.IN,11270427,11616108,11978025,12215451,12395412,12592431,12791508,12972715,13128066,13569992,14024859,14500094,14984059,15473809,15983129,16512800,17055831,17609968,18171576,18748056
Kiribati,KIR,"Labor force, total",SL.TLF.TOTL.IN,..,..,..,..,..,..,..,..,..,..,..,..,..,..,..,..,..,..,..,..
"Korea, Dem. People’s Rep.",PRK,"Labor force, total",SL.TLF.TOTL.IN,13530939,13674257,13825385,13960793,14104117,14238153,14373927,14510004,14650699,14777298,14909304,15054538,15211174,15354155,15497179,15633588,15766563,15899672,16033929,16155974
"Korea, Rep.",KOR,"Labor force, total",SL.TLF.TOTL.IN,22335298,22027136,22326937,22810633,23183357,23642612,23660958,24112607,24281181,24519188,24774717,24923116,24923602,25262256,25660784,26054417,26381091,27108754,27432943,27719344
Kosovo,XKX,"Labor force, total",SL.TLF.TOTL.IN,..,..,..,..,..,..,..,..,..,..,..,..,..,..,..,..,..,..,..,..
Kuwait,KWT,"Labor force, total",SL.TLF.TOTL.IN,813891,873726,935265,987617,1018375,1045140,1073514,1106829,1154659,1216232,1292607,1383946,1493248,1611890,1729663,1856503,1985038,2100763,2194085,2229107
Kyrgyz Republic,KGZ,"Labor force, total",SL.TLF.TOTL.IN,1907781,1953118,2001039,2047512,2088892,2136710,2174817,2218820,2311434,2381386,2395736,2403708,2410072,2447362,2491924,2503062,2487005,2520862,2561561,2565487
Lao PDR,LAO,"Labor force, total",SL.TLF.TOTL.IN,2270127,2317673,2366394,2416220,2472119,2526620,2582373,2642575,2708413,2784788,2864848,2946681,3027656,3106200,3178153,3249142,3317721,3385901,3452821,3524301
Latin America & Caribbean,LCN,"Labor force, total",SL.TLF.TOTL.IN,207872276,213556079,218481776,223198210,228655461,234722105,239922630,247505846,253654658,260730560,265568487,270641498,276093416,279068892,282891952,288488768,292404785,296185877,301220481,305324102
Latin America & Caribbean (excluding high income),LAC,"Labor force, total",SL.TLF.TOTL.IN,181406334,186558227,191073043,195518450,200527701,206329940,210946626,217771972,223621810,230113214,234579372,239321706,244291294,246991429,249976350,255242855,258849821,262410561,267033379,270795182
Latvia,LVA,"Labor force, total",SL.TLF.TOTL.IN,1171893,1147245,1121000,1090112,1090875,1115201,1096875,1098381,1093769,1119655,1136064,1150616,1106702,1062906,1036403,1041714,1021228,1007309,1011063,1008672
Least developed countries: UN classification,LDC,"Labor force, total",SL.TLF.TOTL.IN,239570678,246638769,253931623,261287905,268971822,276551676,284311086,292181432,300422049,308026755,315869016,323960967,332438566,341314932,350536721,360146233,370271884,380520689,391252404,402101911
Lebanon,LBN,"Labor force, total",SL.TLF.TOTL.IN,943592,958317,987021,1026740,1073013,1136138,1207228,1270451,1328018,1370840,1402776,1420377,1452057,1512726,1609331,1731672,1866383,1987964,2086580,2164392
Lesotho,LSO,"Labor force, total",SL.TLF.TOTL.IN,783677,793846,803580,807781,811660,816296,821365,826360,831035,838305,844833,851224,858184,865986,874345,883647,893696,909529,926235,942650
Liberia,LBR,"Labor force, total",SL.TLF.TOTL.IN,745294,803042,859081,903900,937422,960233,987897,1008647,1036581,1073418,1117608,1166724,1216047,1261702,1301265,1337437,1371357,1408295,1447262,1488158
Libya,LBY,"Labor force, total",SL.TLF.TOTL.IN,1623054,1673724,1727338,1786030,1843399,1904567,1976040,2043907,2116427,2178032,2238226,2291440,2334799,2375376,2328781,2372530,2346067,2325988,2332698,2363336
Liechtenstein,LIE,"Labor force, total",SL.TLF.TOTL.IN,..,..,..,..,..,..,..,..,..,..,..,..,..,..,..,..,..,..,..,..
Lithuania,LTU,"Labor force, total",SL.TLF.TOTL.IN,1724015,1710315,1712659,1682388,1643903,1625856,1683859,1594102,1553537,1511805,1511341,1512342,1522388,1503797,1495317,1484614,1473510,1481405,1470307,1481027
Low & middle income,LMY,"Labor force, total",SL.TLF.TOTL.IN,2104583965,2143168836,2187292281,2227926244,2267374354,2309989210,2352773721,2398620210,2444577360,2476223145,2506233934,2535222628,2564670038,2587443958,2618604848,2649859590,2686515902,2720322252,2755813726,2794039296
Low income,LIC,"Labor force, total",SL.TLF.TOTL.IN,172622026,177349701,182379231,187815146,193259115,198981147,204961397,211088642,217348137,223425199,229771381,236489351,243324294,250595888,257785629,265244574,273063471,280952097,289293551,297917374
Lower middle income,LMC,"Labor force, total",SL.TLF.TOTL.IN,826064956,845675239,865781512,884804328,906449811,928209994,951432164,974300248,998641981,1011789715,1023833960,1035713394,1049089981,1059723109,1074566079,1088681029,1110464706,1130622751,1149386492,1172067741
Luxembourg,LUX,"Labor force, total",SL.TLF.TOTL.IN,173832,176475,181748,188742,189068,194924,195020,201394,207425,213162,215802,220410,234318,237903,243419,255227,263259,273796,282755,281982
"Macao SAR, China",MAC,"Labor force, total",SL.TLF.TOTL.IN,202011,205500,210329,215719,225600,227555,231129,244048,258085,274944,295167,309395,320874,331811,342683,349955,359234,370924,376880,377917
"Macedonia, FYR",MKD,"Labor force, total",SL.TLF.TOTL.IN,818791,821853,825209,835801,846102,855278,866599,835139,868658,893460,907876,924528,936647,945655,948041,945930,959326,963908,959956,951994
Madagascar,MDG,"Labor force, total",SL.TLF.TOTL.IN,6802702,7023555,7253628,7492934,7727910,7978667,8237391,8505887,8782870,9135660,9495141,9863538,10244359,10638131,10958015,11286251,11611906,11931417,12238232,12618366
Malawi,MWI,"Labor force, total",SL.TLF.TOTL.IN,4293072,4412905,4544431,4678794,4796865,4922368,5056809,5201289,5356531,5527878,5707144,5895222,6095214,6308640,6527585,6766967,7020984,7254868,7494698,7745958
Malaysia,MYS,"Labor force, total",SL.TLF.TOTL.IN,8660183,8982888,9260759,9533732,9795948,10058384,10334223,10615689,10909756,11155750,11395122,11573526,11922706,12218715,12788871,13348574,14021153,14435805,14827537,15121369
Maldives,MDV,"Labor force, total",SL.TLF.TOTL.IN,76343,80408,84990,90212,98254,107322,117329,128078,139354,150383,157306,164500,171917,179485,186958,194529,201956,208998,212105,213912
Mali,MLI,"Labor force, total",SL.TLF.TOTL.IN,2728788,2806061,2889048,2979397,3069305,3168958,3273104,3386087,3653521,3922305,4208343,4509076,4821507,5143785,5420753,5704350,5994796,6292915,6481074,6683850
Malta,MLT,"Labor force, total",SL.TLF.TOTL.IN,150190,152134,154199,156205,159652,160263,161290,158414,160699,163151,167277,169640,172242,176152,180374,184880,192017,199493,206436,212806
Marshall Islands,MHL,"Labor force, total",SL.TLF.TOTL.IN,..,..,..,..,..,..,..,..,..,..,..,..,..,..,..,..,..,..,..,..
Mauritania,MRT,"Labor force, total",SL.TLF.TOTL.IN,718913,743583,768491,795035,818494,842526,866994,892063,917731,943077,969581,997072,1025852,1055829,1086950,1119569,1156418,1194603,1234381,1272883
Mauritius,MUS,"Labor force, total",SL.TLF.TOTL.IN,501715,510515,520522,528417,536532,536458,535238,533393,542496,545317,545441,551604,557092,568072,568781,577108,587436,597487,607123,604135
Mexico,MEX,"Labor force, total",SL.TLF.TOTL.IN,38548717,39290368,39626128,40336388,40703848,41578562,41975188,43720881,44833048,46406150,47576477,48488143,49561825,50543153,51691471,53380542,54293599,54835995,56018784,56990890
"Micronesia, Fed. Sts.",FSM,"Labor force, total",SL.TLF.TOTL.IN,..,..,..,..,..,..,..,..,..,..,..,..,..,..,..,..,..,..,..,..
Middle East & North Africa,MEA,"Labor force, total",SL.TLF.TOTL.IN,85511704,87886112,91494983,94573092,97428715,100361574,104204926,108165214,112528458,115823511,119782438,122707787,126607707,130292918,133036336,135955688,139061643,140685929,143943676,147408167
Middle East & North Africa (excluding high income),MNA,"Labor force, total",SL.TLF.TOTL.IN,73352911,75406381,78602618,81055123,83404782,85781151,88883884,91960684,95273561,97349969,99896574,101353114,103769789,105831127,107208913,108751032,110651559,111185954,113334563,116007784
Middle income,MIC,"Labor force, total",SL.TLF.TOTL.IN,1931961939,1965819135,2004913049,2040111099,2074115239,2111008062,2147812324,2187531568,2227229223,2252797946,2276462553,2298733277,2321345744,2336848071,2360819219,2384615016,2413452430,2439370155,2466520175,2496121922
Moldova,MDA,"Labor force, total",SL.TLF.TOTL.IN,1388940,1401668,1411517,1417365,1422109,1428249,1437348,1447656,1420404,1386049,1350396,1312894,1273751,1248999,1261601,1217923,1241366,1236929,1320953,1281176
Monaco,MCO,"Labor force, total",SL.TLF.TOTL.IN,..,..,..,..,..,..,..,..,..,..,..,..,..,..,..,..,..,..,..,..
Mongolia,MNG,"Labor force, total",SL.TLF.TOTL.IN,879410,898205,918952,943677,967482,992198,1016899,1039167,1063952,1086986,1107969,1129526,1151716,1169399,1207606,1212141,1237902,1262326,1279224,1268790
Montenegro,MNE,"Labor force, total",SL.TLF.TOTL.IN,245615,244935,244889,244465,245338,246342,247420,247899,248285,248181,248005,247950,247740,247253,246081,248546,248569,248353,247983,247596
Morocco,MAR,"Labor force, total",SL.TLF.TOTL.IN,9131262,9310525,9553581,9775120,9952465,10088084,10364550,10587149,10736525,10844449,11011050,11151236,11354732,11552940,11751089,11795977,12003223,12198022,12357082,12541812
Mozambique,MOZ,"Labor force, total",SL.TLF.TOTL.IN,7704417,7964971,8220332,8478524,8717350,8965100,9220268,9455261,9692631,9906451,10122860,10338170,10548248,10749243,10924374,11084130,11417254,11763848,12125074,12498017
Myanmar,MMR,"Labor force, total",SL.TLF.TOTL.IN,21278649,21710826,22079197,22389243,22642808,22862942,23032156,23174157,23290105,23344489,23406073,23486340,23565571,23662845,23897710,24112996,24323894,24555902,24812006,25085390
Namibia,NAM,"Labor force, total",SL.TLF.TOTL.IN,563508,588916,613862,637491,654253,668742,681785,694585,707968,722032,736592,752225,769495,788746,814910,843408,873809,905609,931910,958630
Nauru,NRU,"Labor force, total",SL.TLF.TOTL.IN,..,..,..,..,..,..,..,..,..,..,..,..,..,..,..,..,..,..,..,..
Nepal,NPL,"Labor force, total",SL.TLF.TOTL.IN,11295196,11543782,11794678,12011409,12231635,12445975,12652191,12846163,13027892,13237636,13426530,13604039,13865431,14152815,14545682,14972888,15417273,15851443,16260015,16689835
Netherlands,NLD,"Labor force, total",SL.TLF.TOTL.IN,7667665,7810630,7963411,8159146,8307396,8443016,8482264,8539576,8579594,8646261,8796080,8932866,9029097,8865531,8849862,8962768,8989620,8968813,9034712,9050417
New Caledonia,NCL,"Labor force, total",SL.TLF.TOTL.IN,94635,96585,98660,100626,102748,104813,106771,108563,110420,112285,114077,115986,117908,119872,122361,124918,127501,129937,132301,134346
New Zealand,NZL,"Labor force, total",SL.TLF.TOTL.IN,1888204,1894117,1909725,1928886,1966167,2027895,2065672,2121367,2178626,2229983,2265375,2286635,2302431,2324565,2353499,2362576,2394021,2464873,2513183,2608039
Nicaragua,NIC,"Labor force, total",SL.TLF.TOTL.IN,1669824,1735408,1800794,1874589,1930775,1986641,2042180,2097460,2152504,2211614,2280048,2348040,2415768,2483362,2551677,2620692,2689563,2756870,2818694,2882560
Niger,NER,"Labor force, total",SL.TLF.TOTL.IN,4146717,4302130,4463326,4629835,4779143,4939347,5108821,5286559,5472292,5655216,5849792,6055688,6274269,6505681,6739610,6989285,7254178,7532910,7825838,8119897
Nigeria,NGA,"Labor force, total",SL.TLF.TOTL.IN,35214120,36103266,37044372,37985698,38932999,39925288,40907104,41748206,42853686,43908010,45035923,46230729,47480739,48780928,50069086,51416082,52823397,54260696,55789651,57352456
North America,NAC,"Labor force, total",SL.TLF.TOTL.IN,156289014,158533585,160806411,163002848,164233402,165512841,166545521,167842559,169852890,171904294,173569271,175663037,175913317,175928574,176190379,177693239,178511830,179401394,180572306,182703331
Northern Mariana Islands,MNP,"Labor force, total",SL.TLF.TOTL.IN,..,..,..,..,..,..,..,..,..,..,..,..,..,..,..,..,..,..,..,..
Norway,NOR,"Labor force, total",SL.TLF.TOTL.IN,2330877,2377030,2382060,2405966,2417320,2439352,2409440,2422961,2431748,2465923,2522862,2598720,2599179,2607926,2626888,2671604,2699135,2723816,2762984,2768877
OECD members,OED,"Labor force, total",SL.TLF.TOTL.IN,537468826,542525617,547497895,551698705,554779383,559471982,563130961,569115984,575556950,582847279,589147540,596552055,599331508,604116388,605602286,611901634,616065276,621026082,624947833,629117126
Oman,OMN,"Labor force, total",SL.TLF.TOTL.IN,796118,787547,784294,786012,801818,828989,865181,905609,950684,1014432,1088334,1172138,1274756,1398211,1553232,1722935,1909095,2097545,2274924,2409267
Pakistan,PAK,"Labor force, total",SL.TLF.TOTL.IN,37577502,38654373,40043321,41617691,42713694,43991382,45816194,47704747,50083730,52551736,53655064,54888464,56949189,56125279,57508050,59382954,61333632,62716806,65422753,68396800
Palau,PLW,"Labor force, total",SL.TLF.TOTL.IN,..,..,..,..,..,..,..,..,..,..,..,..,..,..,..,..,..,..,..,..
Panama,PAN,"Labor force, total",SL.TLF.TOTL.IN,1194665,1227105,1259507,1297366,1334501,1372772,1411974,1455676,1495386,1508611,1554769,1626676,1678436,1699991,1684820,1751350,1822120,1853565,1904008,1953279
Papua New Guinea,PNG,"Labor force, total",SL.TLF.TOTL.IN,2189342,2267461,2337132,2416828,2489549,2565689,2639812,2714173,2782349,2859974,2927919,2997895,3071027,3143422,3207210,3279368,3360224,3434621,3514523,3605797
Paraguay,PRY,"Labor force, total",SL.TLF.TOTL.IN,2094796,2156638,2220787,2287446,2353754,2423813,2495979,2567571,2637007,2705590,2769540,2830458,2907659,2882818,2954028,3153667,3175675,3163341,3227141,3323165
Peru,PER,"Labor force, total",SL.TLF.TOTL.IN,10789427,11145342,11557191,11502890,12289391,12771228,13258254,13752567,14253792,14750542,15255493,15572305,15958608,16407919,16605508,16877968,17052108,17169769,17209815,17532996
Philippines,PHL,"Labor force, total",SL.TLF.TOTL.IN,27686251,28506333,29219813,29953311,30755300,31501594,32216119,32801108,33691711,34630153,35510753,36414550,37641192,38629516,39917372,40509613,41207282,42512009,42982424,43753750
Poland,POL,"Labor force, total",SL.TLF.TOTL.IN,17195392,17230780,17165967,17319035,17575446,17379008,17299857,17265330,17529421,17325045,17328555,17565954,17834006,18035960,18103946,18229612,18268083,18389715,18326432,18393553
Portugal,PRT,"Labor force, total",SL.TLF.TOTL.IN,4976863,5122502,5173480,5245791,5352433,5442555,5467241,5450424,5504303,5530519,5552461,5546491,5492076,5489308,5431188,5388411,5297389,5241883,5218238,5207267
Puerto Rico,PRI,"Labor force, total",SL.TLF.TOTL.IN,1356338,1370882,1380468,1352059,1368941,1384066,1390958,1391876,1407155,1414568,1391005,1360237,1340266,1321138,1294065,1267409,1242135,1210932,1178304,1161345
Qatar,QAT,"Labor force, total",SL.TLF.TOTL.IN,306250,314979,325934,338861,358580,381364,414132,465448,543056,663919,817830,990385,1168076,1340552,1456861,1570075,1677310,1778482,1872412,1928490
Romania,ROU,"Labor force, total",SL.TLF.TOTL.IN,11965822,11803968,11813935,11748974,11389483,10255172,9951410,9889455,9587443,9735554,9560113,9342614,9225262,9372962,9187221,9231350,9181120,9201670,9104015,8939351
Russian Federation,RUS,"Labor force, total",SL.TLF.TOTL.IN,70578916,69878351,73910580,74243259,72920128,73864433,73729120,74418531,74945765,75195704,76180717,76697252,76762384,76595377,76961789,76800194,76521071,76349070,76288744,76202012
Rwanda,RWA,"Labor force, total",SL.TLF.TOTL.IN,3238419,3475410,3705711,3899353,4059999,4186632,4294136,4395745,4505848,4631678,4763230,4897881,5037796,5181830,5324058,5473265,5629582,5788485,5949418,6116453
Samoa,WSM,"Labor force, total",SL.TLF.TOTL.IN,35416,35613,35689,35388,35473,35637,35730,35781,35836,36099,36064,36358,37064,37441,37350,37721,38301,38638,38888,38951
San Marino,SMR,"Labor force, total",SL.TLF.TOTL.IN,..,..,..,..,..,..,..,..,..,..,..,..,..,..,..,..,..,..,..,..
Sao Tome and Principe,STP,"Labor force, total",SL.TLF.TOTL.IN,39002,40034,41140,42308,43438,44648,45906,47211,48553,49987,51507,53048,54616,56156,57813,59447,61066,62699,64374,66078
Saudi Arabia,SAU,"Labor force, total",SL.TLF.TOTL.IN,5810170,5923911,6070111,6403507,6615765,6890897,7235752,7602735,7978167,8313231,8647413,8966123,9289847,9834264,10487696,11202506,11845700,12391396,12991603,13431362
Senegal,SEN,"Labor force, total",SL.TLF.TOTL.IN,2627416,2689966,2755083,2825605,2900990,2983256,3067488,3155965,3247993,3343197,3508487,3683009,3867739,4062700,4268280,4408394,4554609,4704140,4855247,5007116
Serbia,SRB,"Labor force, total",SL.TLF.TOTL.IN,3381535,3371062,3386667,3363219,3352479,3342470,3333593,3319190,3307651,3294390,3291843,3238929,3145473,3067906,3049788,3065464,3104490,3111705,3075166,3172272
Seychelles,SYC,"Labor force, total",SL.TLF.TOTL.IN,..,..,..,..,..,..,..,..,..,..,..,..,..,..,..,..,..,..,..,..
Sierra Leone,SLE,"Labor force, total",SL.TLF.TOTL.IN,1534273,1551553,1582977,1627251,1691569,1765096,1851855,1985777,2046352,2088933,2123330,2153046,2182553,2214611,2242523,2273034,2305339,2338156,2411919,2472407
Singapore,SGP,"Labor force, total",SL.TLF.TOTL.IN,1918068,1982578,2003739,2046758,2117782,2121297,2101508,2137291,2214085,2314109,2444598,2629314,2725971,2808399,2886652,2994964,3055059,3139951,3222396,3263575
Sint Maarten (Dutch part),SXM,"Labor force, total",SL.TLF.TOTL.IN,..,..,..,..,..,..,..,..,..,..,..,..,..,..,..,..,..,..,..,..
Slovak Republic,SVK,"Labor force, total",SL.TLF.TOTL.IN,2517387,2525215,2551618,2584992,2632890,2623613,2658442,2674159,2661987,2653700,2650243,2681953,2672322,2683373,2686077,2710517,2717675,2723197,2738577,2762411
Slovenia,SVN,"Labor force, total",SL.TLF.TOTL.IN,959929,978874,964854,960897,969374,983286,962629,1009922,1018377,1024953,1039460,1035464,1042743,1042945,1022069,1016608,1011967,1016279,1009656,996960
Solomon Islands,SLB,"Labor force, total",SL.TLF.TOTL.IN,154024,159542,165446,173357,180084,186093,190925,195963,200996,205803,210490,215150,221559,226370,230276,235697,241649,248011,254126,260604
Somalia,SOM,"Labor force, total",SL.TLF.TOTL.IN,2108307,2156527,2208807,2263915,2305866,2355373,2410741,2470117,2532588,2597278,2664201,2735286,2814305,2903995,2986826,3082204,3187726,3299315,3414729,3527490
South Africa,ZAF,"Labor force, total",SL.TLF.TOTL.IN,15030581,15385769,15739576,16096198,16397744,16704716,17018223,17450742,17881809,18269707,18658408,19438477,19090878,18791368,19082445,19543078,20096835,20526772,21348712,21701910
South Asia,SAS,"Labor force, total",SL.TLF.TOTL.IN,487184907,498157265,508983580,520225780,534743002,549881583,565895867,582158681,599035788,603940248,607322931,610706303,614979095,616290729,622587164,629449956,642882428,655332906,669033024,683019429
South Sudan,SSD,"Labor force, total",SL.TLF.TOTL.IN,2393061,2508125,2631795,2752868,2861825,2969456,3080642,3202318,3338918,3489295,3653190,3826017,4001743,4176052,4340122,4501888,4661982,4822002,4983187,5140930
Spain,ESP,"Labor force, total",SL.TLF.TOTL.IN,17146141,17424344,17749922,18265124,18197220,19041577,19814449,20485984,21257362,21906638,22486703,23119646,23387009,23577615,23613896,23604153,23376875,23144274,23057270,23016544
Sri Lanka,LKA,"Labor force, total",SL.TLF.TOTL.IN,7401484,7978309,7864117,7830731,7907981,7984113,8056471,8123334,8183016,8231291,8273940,8310608,8341363,8242391,8250892,8172455,8498965,8449225,8519572,8630101
St. Kitts and Nevis,KNA,"Labor force, total",SL.TLF.TOTL.IN,..,..,..,..,..,..,..,..,..,..,..,..,..,..,..,..,..,..,..,..
St. Lucia,LCA,"Labor force, total",SL.TLF.TOTL.IN,63175,64640,66173,67741,69344,71340,73551,75939,78298,80864,83151,85315,87156,88720,90528,92160,93721,95219,96720,97935
St. Martin (French part),MAF,"Labor force, total",SL.TLF.TOTL.IN,..,..,..,..,..,..,..,..,..,..,..,..,..,..,..,..,..,..,..,..
St. Vincent and the Grenadines,VCT,"Labor force, total",SL.TLF.TOTL.IN,46832,47508,48124,48694,49496,50352,51204,52007,52749,53475,54082,54643,55142,55625,56007,56415,56822,57160,57423,57864
Sub-Saharan Africa,SSF,"Labor force, total",SL.TLF.TOTL.IN,233255572,239833240,246644042,253878151,260913900,268296987,275959921,283834983,292138585,300476997,309241670,318794701,327600861,336807799,346688214,357132060,368188797,379206942,391031672,402624189
Sub-Saharan Africa (excluding high income),SSA,"Labor force, total",SL.TLF.TOTL.IN,233255572,239833240,246644042,253878151,260913900,268296987,275959921,283834983,292138585,300476997,309241670,318794701,327600861,336807799,346688214,357132060,368188797,379206942,391031672,402624189
Sudan,SDN,"Labor force, total",SL.TLF.TOTL.IN,7296734,7436229,7577663,7727065,7889094,8060510,8236461,8411356,8581308,8718037,8847484,8975195,9108260,9303947,9522852,9754170,10010173,10280705,10559262,10847399
Suriname,SUR,"Labor force, total",SL.TLF.TOTL.IN,153859,157140,160176,163650,166607,169722,173034,176581,179991,183696,187561,191461,195334,199302,203047,206613,210094,213451,216592,218556
Sweden,SWE,"Labor force, total",SL.TLF.TOTL.IN,4529716,4518067,4544043,4513551,4560921,4578453,4604438,4616939,4752321,4750128,4824750,4892006,4908131,4941195,4998110,5033981,5097788,5140808,5182078,5245273
Switzerland,CHE,"Labor force, total",SL.TLF.TOTL.IN,3930371,3975142,3997693,3996363,4053901,4092310,4139797,4147794,4171832,4236262,4307785,4409978,4480050,4450003,4539326,4597385,4656463,4743060,4814309,4889961
Syrian Arab Republic,SYR,"Labor force, total",SL.TLF.TOTL.IN,4431679,4521840,4697117,4864915,4965716,5058741,5137966,5158202,5196070,5309963,5428457,5668789,5636492,5758877,5663260,5480978,5255201,5025485,4823360,4786180
Tajikistan,TJK,"Labor force, total",SL.TLF.TOTL.IN,1934380,1976235,2024243,2080372,2146222,2221837,2304741,2390289,2475421,2563835,2648180,2730312,2815264,2901298,2976939,3055553,3134289,3210329,3282832,3351954
Tanzania,TZA,"Labor force, total",SL.TLF.TOTL.IN,14345742,14734748,15136593,15557619,15991553,16440046,16907414,17400449,17923728,18467737,19052390,19673588,20317814,20977917,21648145,22388425,23117961,23845195,24618402,25423650
Thailand,THA,"Labor force, total",SL.TLF.TOTL.IN,33861250,34200918,34402432,35142180,35857598,36316536,36746185,37283906,37781474,37950734,38541668,38935392,39188148,39303549,40057005,40099896,39550201,39483676,38889162,38996319
Timor-Leste,TLS,"Labor force, total",SL.TLF.TOTL.IN,290959,279182,266935,254443,255740,255687,257291,258029,256564,258015,256573,253773,251451,250372,252374,256440,262076,267312,272576,278494
Togo,TGO,"Labor force, total",SL.TLF.TOTL.IN,2040047,2115835,2192734,2270218,2340852,2411253,2481083,2553331,2628542,2702796,2762375,2822177,2881260,2939122,2993647,3078436,3165851,3254944,3346083,3437988
Tonga,TON,"Labor force, total",SL.TLF.TOTL.IN,34983,35213,35392,35507,36080,36520,36875,37224,37525,37884,38326,38596,38858,39066,39198,39371,39651,39848,40061,40582
Trinidad and Tobago,TTO,"Labor force, total",SL.TLF.TOTL.IN,549270,560098,568767,577343,586998,597190,617244,636791,655413,661159,664362,668502,664763,671291,673684,675279,675953,679754,675851,674156
Tunisia,TUN,"Labor force, total",SL.TLF.TOTL.IN,3085475,3138935,3190443,3241083,3286010,3329553,3372402,3414989,3457679,3544025,3631640,3709100,3723954,3806365,3877075,3977263,4005573,4029974,4060986,4083135
Turkey,TUR,"Labor force, total",SL.TLF.TOTL.IN,21216163,21764596,22202994,21414414,21767992,22071852,21908631,21873805,22317230,22241217,22631969,23369024,24213310,25218278,26275654,26756052,27797137,28631032,29710011,30749543
Turkmenistan,TKM,"Labor force, total",SL.TLF.TOTL.IN,1689802,1734982,1779209,1823594,1869250,1909518,1947540,1988646,2035132,2079651,2133232,2192026,2249643,2302348,2357316,2404860,2447110,2489033,2533015,2565153
Turks and Caicos Islands,TCA,"Labor force, total",SL.TLF.TOTL.IN,..,..,..,..,..,..,..,..,..,..,..,..,..,..,..,..,..,..,..,..
Tuvalu,TUV,"Labor force, total",SL.TLF.TOTL.IN,..,..,..,..,..,..,..,..,..,..,..,..,..,..,..,..,..,..,..,..
Uganda,UGA,"Labor force, total",SL.TLF.TOTL.IN,7736980,7964690,8210198,8474559,8754685,9055603,9377010,9719420,10083345,10456546,10855276,11278085,11722812,12188774,12668625,13172930,13664315,14172510,14698381,15233398
Ukraine,UKR,"Labor force, total",SL.TLF.TOTL.IN,23883653,23450709,22983717,23221424,22739308,22573415,22441101,22283335,22156963,22027445,21902372,21789410,21727965,21659434,21623673,21409854,21571857,20936902,20929698,20770349
United Arab Emirates,ARE,"Labor force, total",SL.TLF.TOTL.IN,1479747,1565716,1662350,1771864,1908932,2063389,2261132,2541423,2928896,3430362,4054528,4731781,5360469,5891852,6149579,6286325,6339424,6367992,6414735,6415833
United Kingdom,GBR,"Labor force, total",SL.TLF.TOTL.IN,28692663,28761240,29050150,29295681,29259367,29588702,29868748,30142943,30589897,31037309,31240900,31647690,31825552,32010415,32192066,32543044,32852108,33143711,33408045,33693492
United States,USA,"Labor force, total",SL.TLF.TOTL.IN,140843776,142834606,144820396,146767599,147741226,148568133,149183847,150258666,152118122,153992258,155294548,157089439,157204266,157015059,157131234,158429022,159007112,159800262,160838830,162776841
Upper middle income,UMC,"Labor force, total",SL.TLF.TOTL.IN,1105896983,1120143895,1139131537,1155306771,1167665428,1182798068,1196380160,1213231321,1228587242,1241008231,1252628593,1263019883,1272255763,1277124962,1286253140,1295933987,1302987724,1308747404,1317133683,1324054181
Uruguay,URY,"Labor force, total",SL.TLF.TOTL.IN,1538267,1552541,1567034,1579057,1611707,1597730,1581602,1587448,1594530,1634405,1648710,1671974,1695723,1712454,1733195,1731287,1728421,1752284,1751444,1754212
Uzbekistan,UZB,"Labor force, total",SL.TLF.TOTL.IN,9008152,9255463,9470322,9729110,10005616,10284271,10565711,10854367,11151312,11455839,11778900,12121675,12475933,12978298,13434494,13748070,14075870,14405754,14721658,15030626
Vanuatu,VUT,"Labor force, total",SL.TLF.TOTL.IN,70715,72106,73809,75402,77986,81003,83647,86345,88898,91687,94425,96926,99689,102742,105491,108624,111957,115213,118551,121790
"Venezuela, RB",VEN,"Labor force, total",SL.TLF.TOTL.IN,9461487,9731561,9972273,10284424,10594661,10831473,11078477,11508971,11891978,12266903,12436401,12726283,13008004,13214722,13475410,13611647,13903768,14155174,14381283,14486651
Vietnam,VNM,"Labor force, total",SL.TLF.TOTL.IN,39310769,40327942,41354041,42312002,43407469,44383326,45289503,46205807,47171711,48034823,48953545,49925424,50869267,51939895,52960884,53977063,54961593,55902420,56489773,56888431
Virgin Islands (U.S.),VIR,"Labor force, total",SL.TLF.TOTL.IN,51248,51775,52180,52425,53097,53644,53999,54270,54559,54659,54771,54846,54758,54617,54182,53755,53309,52876,52451,52194
West Bank and Gaza,PSE,"Labor force, total",SL.TLF.TOTL.IN,546800,560798,579100,596617,615613,624460,663485,706156,737935,772127,819340,870985,875619,897205,970941,1024091,1064461,1131955,1202001,1247906
World,WLD,"Labor force, total",SL.TLF.TOTL.IN,2631396257,2674593233,2724185110,2770113192,2813147400,2860560419,2908386469,2959504128,3012681929,3051037669,3087695533,3123757334,3156673746,3182457605,3216144358,3252910477,3293960373,3332364995,3372399410,3416527078
"Yemen, Rep.",YEM,"Labor force, total",SL.TLF.TOTL.IN,3806733,3973901,4151196,4226611,4316122,4406191,4500818,4604815,4719453,4832641,4957844,5092045,5229818,5368786,5450634,5538993,5632151,5729331,6009547,6256647
Zambia,ZMB,"Labor force, total",SL.TLF.TOTL.IN,4089740,4211488,4336915,4464584,4581106,4700517,4823258,4950552,5083661,5181433,5285854,5397042,5515365,5641054,5788801,5943592,6150625,6366519,6590823,6818504
Zimbabwe,ZWE,"Labor force, total",SL.TLF.TOTL.IN,4814996,4851242,4874463,5137791,5389252,5635380,5875594,6111067,6200658,6309934,6424154,6544490,6671584,6805556,6962532,7132052,7310718,7495830,7686852,7887416
,,,,,,,,,,,,,,,,,,,,,,,
,,,,,,,,,,,,,,,,,,,,,,,
,,,,,,,,,,,,,,,,,,,,,,,
Data from database: Jobs,,,,,,,,,,,,,,,,,,,,,,,
Last Updated: 12/16/2020,,,,,,,,,,,,,,,,,,,,,,,
