GCAM_commodity,GCAM_region_ID,iso,Nfixkg,totval,Nfixkg.yld
Corn,1,pri,0,10184,0
Corn,1,usa,0,4844790400,0
Corn,2,bdi,0,2307307,0
Corn,2,com,0,81371,0
Corn,2,dji,0,207,0
Corn,2,eri,0,224033,0
Corn,2,eth,0,123605276,0
Corn,2,ken,0,49014760,0
Corn,2,mdg,0,5437904,0
Corn,2,mus,0,7143,0
Corn,2,rwa,0,2997944,0
Corn,2,som,0,3037187,0
Corn,2,uga,0,25225160,0
Corn,3,dza,0,17702,0
Corn,3,egy,0,116553736,0
Corn,3,mar,0,3044271,0
Corn,4,ago,0,10815561,0
Corn,4,bwa,0,209656,0
Corn,4,lso,0,1821806,0
Corn,4,moz,0,24734128,0
Corn,4,mwi,0,42439299,0
Corn,4,nam,0,745931,0
Corn,4,swz,0,1538036,0
Corn,4,zmb,0,24287659,0
Corn,4,zwe,0,23668010,0
Corn,5,ben,0,14953839,0
Corn,5,bfa,0,12443515,0
Corn,5,caf,0,2148127,0
Corn,5,cmr,0,19738302,0
Corn,5,cog,0,160899,0
Corn,5,cpv,0,184105,0
Corn,5,gab,0,572383,0
Corn,5,gha,0,23058600,0
Corn,5,gin,0,7704749,0
Corn,5,gmb,0,505059,0
Corn,5,gnb,0,368970,0
Corn,5,mli,0,12031032,0
Corn,5,mrt,0,209637,0
Corn,5,ner,0,130984,0
Corn,5,nga,0,113034280,0
Corn,5,sen,0,3439673,0
Corn,5,sle,0,419161,0
Corn,5,stp,0,51310,0
Corn,5,tcd,0,2862013,0
Corn,5,tgo,0,9521288,0
Corn,6,aus,0,6422112,0
Corn,6,nzl,0,3485904,0
Corn,7,bra,0,784560010,0
Corn,8,can,0,168454000,0
Corn,9,bhs,0,6742,0
Corn,9,blz,0,714391,0
Corn,9,brb,0,6974,0
Corn,9,cri,0,349523,0
Corn,9,cub,0,5210363,0
Corn,9,dma,0,4160,0
Corn,9,dom,0,631384,0
Corn,9,grd,0,6218,0
Corn,9,gtm,0,22390351,0
Corn,9,hnd,0,9744936,0
Corn,9,hti,0,4113695,0
Corn,9,jam,0,42131,0
Corn,9,msr,0,1430,0
Corn,9,nic,0,7726757,0
Corn,9,pan,0,1606816,0
Corn,9,slv,0,12355899,0
Corn,9,tto,0,72258,0
Corn,9,vct,0,16832,0
Corn,10,arm,0,226647,0
Corn,10,aze,0,2054325,0
Corn,10,geo,0,6422876,0
Corn,10,kaz,0,6256184,0
Corn,10,kgz,0,6761474,0
Corn,10,tjk,0,1730699,0
Corn,10,tkm,0,391368,0
Corn,10,uzb,0,3308158,0
Corn,11,chn,0,2544568391,0
Corn,12,bgr,0,25521564,0
Corn,12,cze,0,19165730,0
Corn,12,hun,0,120140500,0
Corn,12,ltu,0,303600,0
Corn,12,pol,0,26427294,0
Corn,12,rom,0,164073602,0
Corn,12,svk,0,15238727,0
Corn,12,svn,0,5578606,0
Corn,13,aut,0,33545780,0
Corn,13,bel,0,16928842,0
Corn,13,deu,0,68252610,0
Corn,13,dnk,0,75100,0
Corn,13,esp,0,70844916,0
Corn,13,fra,0,268891897,0
Corn,13,grc,0,39747986,0
Corn,13,ita,0,172088193,0
Corn,13,lux,0,32053,0
Corn,13,nld,0,3564054,0
Corn,13,prt,0,13842914,0
Corn,14,blr,0,4707937,0
Corn,14,ukr,0,140715600,0
Corn,15,alb,0,4323673,0
Corn,15,bih,0,14059876,0
Corn,15,hrv,0,35282710,0
Corn,15,mne,0,59691,0
Corn,15,scg,0,61443690,0
Corn,15,srb,0,39695332,0
Corn,15,tur,0,56157000,0
Corn,16,che,0,3267026,0
Corn,17,ind,0,270056700,0
Corn,18,idn,0,223136912,0
Corn,19,jpn,0,3321,0
Corn,20,mex,0,361768654,0
Corn,21,are,0,3779,0
Corn,21,irq,0,4583866,0
Corn,21,isr,0,1398109,0
Corn,21,jor,0,278225,0
Corn,21,kwt,0,80371,0
Corn,21,lbn,0,70576,0
Corn,21,qat,0,21461,0
Corn,21,sau,0,1342780,0
Corn,21,syr,0,3970043,0
Corn,21,yem,0,1036816,0
Corn,22,pak,0,46423110,0
Corn,23,rus,0,112787168,0
Corn,24,zaf,0,175327886,0
Corn,25,guf,0,4597,0
Corn,25,guy,0,76230,0
Corn,25,sur,0,1367,0
Corn,26,chl,0,20199053,0
Corn,26,ecu,0,13027015,0
Corn,26,per,0,22399861,0
Corn,26,pry,0,27448059,0
Corn,26,ury,0,4490963,0
Corn,27,afg,0,5468120,0
Corn,27,bgd,0,7624747,0
Corn,27,btn,0,1256823,0
Corn,27,lka,0,1222975,0
Corn,27,mdv,0,1331,0
Corn,27,npl,0,29414054,0
Corn,29,fji,0,16812,0
Corn,29,gum,0,563,0
Corn,29,khm,0,6493151,0
Corn,29,lao,0,8109674,0
Corn,29,mmr,0,14190621,0
Corn,29,mys,0,1026616,0
Corn,29,ncl,0,65665,0
Corn,29,phl,0,97193978,0
Corn,29,png,0,135793,0
Corn,29,tha,0,78635110,0
Corn,29,vnm,0,56129782,0
Corn,29,vut,0,14996,0
Corn,31,arg,0,306666537,0
Corn,32,col,0,24610768,0
Corn,NA,NA,0,201891340,0
FiberCrop,1,usa,0,176872140,0
FiberCrop,2,bdi,0,60291,0
FiberCrop,2,eth,0,2897954,0
FiberCrop,2,ken,0,824840,0
FiberCrop,2,mdg,0,795082,0
FiberCrop,2,mus,0,1462,0
FiberCrop,2,som,0,121632,0
FiberCrop,2,uga,0,1163604,0
FiberCrop,3,dza,0,1035,0
FiberCrop,3,egy,0,11262248,0
FiberCrop,3,mar,0,48108,0
FiberCrop,3,tun,0,43355,0
FiberCrop,4,ago,0,119936,0
FiberCrop,4,bwa,0,40899,0
FiberCrop,4,moz,0,2176631,0
FiberCrop,4,mwi,0,1140874,0
FiberCrop,4,nam,0,36201,0
FiberCrop,4,swz,0,150820,0
FiberCrop,4,zmb,0,1892696,0
FiberCrop,4,zwe,0,4550558,0
FiberCrop,5,ben,0,5966878,0
FiberCrop,5,bfa,0,7964138,0
FiberCrop,5,caf,0,318305,0
FiberCrop,5,cmr,0,3819538,0
FiberCrop,5,gha,0,471341,0
FiberCrop,5,gin,0,722922,0
FiberCrop,5,gmb,0,11024,0
FiberCrop,5,gnb,0,84469,0
FiberCrop,5,gnq,0,6919,0
FiberCrop,5,mli,0,7677837,0
FiberCrop,5,ner,0,176935,0
FiberCrop,5,nga,0,7356710,0
FiberCrop,5,sen,0,611576,0
FiberCrop,5,tcd,0,2868663,0
FiberCrop,5,tgo,0,1968591,0
FiberCrop,6,aus,0,24813642,0
FiberCrop,6,nzl,0,50785,0
FiberCrop,7,bra,0,52730430,0
FiberCrop,8,can,0,841982,0
FiberCrop,9,cri,0,31037,0
FiberCrop,9,cub,0,105263,0
FiberCrop,9,dom,0,6183,0
FiberCrop,9,grd,0,698,0
FiberCrop,9,gtm,0,99614,0
FiberCrop,9,hnd,0,42294,0
FiberCrop,9,hti,0,144857,0
FiberCrop,9,jam,0,5411,0
FiberCrop,9,kna,0,65,0
FiberCrop,9,msr,0,464,0
FiberCrop,9,nic,0,154861,0
FiberCrop,9,slv,0,76085,0
FiberCrop,10,aze,0,2019351,0
FiberCrop,10,kaz,0,5834980,0
FiberCrop,10,kgz,0,1629856,0
FiberCrop,10,tjk,0,7274180,0
FiberCrop,10,tkm,0,15783032,0
FiberCrop,10,uzb,0,61886322,0
FiberCrop,11,chn,0,314602346,0
FiberCrop,12,bgr,0,93376,0
FiberCrop,12,cze,0,382770,0
FiberCrop,12,est,0,1723,0
FiberCrop,12,hun,0,12556,0
FiberCrop,12,ltu,0,67860,0
FiberCrop,12,lva,0,17502,0
FiberCrop,12,pol,0,53817,0
FiberCrop,12,rom,0,97736,0
FiberCrop,12,svk,0,11384,0
FiberCrop,13,aut,0,60138,0
FiberCrop,13,bel,0,499610,0
FiberCrop,13,esp,0,4583146,0
FiberCrop,13,fra,0,1775712,0
FiberCrop,13,gbr,0,377442,0
FiberCrop,13,grc,0,19875539,0
FiberCrop,13,ita,0,24076,0
FiberCrop,13,nld,0,495869,0
FiberCrop,14,blr,0,753724,0
FiberCrop,14,ukr,0,196664,0
FiberCrop,15,alb,0,14750,0
FiberCrop,15,hrv,0,21,0
FiberCrop,15,scg,0,2231,0
FiberCrop,15,tur,0,40393405,0
FiberCrop,17,ind,0,210589770,0
FiberCrop,18,idn,0,97331,0
FiberCrop,19,jpn,0,1,0
FiberCrop,20,mex,0,8788470,0
FiberCrop,21,irq,0,742782,0
FiberCrop,21,isr,0,1140823,0
FiberCrop,21,syr,0,14591376,0
FiberCrop,21,yem,0,420343,0
FiberCrop,22,pak,0,102870130,0
FiberCrop,23,rus,0,1773410,0
FiberCrop,24,zaf,0,1155297,0
FiberCrop,26,chl,0,119872,0
FiberCrop,26,ecu,0,681658,0
FiberCrop,26,per,0,2799690,0
FiberCrop,26,pry,0,3161057,0
FiberCrop,26,ury,0,4,0
FiberCrop,27,afg,0,852223,0
FiberCrop,27,bgd,0,17176188,0
FiberCrop,27,btn,0,6578,0
FiberCrop,27,lka,0,0,NaN
FiberCrop,27,npl,0,300084,0
FiberCrop,29,khm,0,16079,0
FiberCrop,29,lao,0,229899,0
FiberCrop,29,mmr,0,4243990,0
FiberCrop,29,phl,0,1433960,0
FiberCrop,29,tha,0,586159,0
FiberCrop,29,vnm,0,2055141,0
FiberCrop,31,arg,0,11656690,0
FiberCrop,32,col,0,2319145,0
FiberCrop,NA,NA,0,17742110,0
FodderHerb,2,eri,212036.73104804743,62917,3.370102373731224
FodderHerb,2,eth,8685674.140283123,5011694,1.7330814970513209
FodderHerb,3,dza,10793.60543056398,2134,5.0579219449690624
FodderHerb,3,egy,86203.05486440344,30458,2.8302270294964686
FodderHerb,3,mar,419890.8210373031,132536,3.1681265545761383
FodderHerb,3,tun,9981.043411127523,3385,2.94860957492689
FodderHerb,6,aus,1777473.2520515586,438162,4.056657702063526
FodderHerb,12,bgr,54829.46130230494,9068,6.046477867479592
FodderHerb,12,cyp,4649.866040091012,1518,3.063152859084988
FodderHerb,12,cze,8703.5344182262,4916,1.7704504512258339
FodderHerb,12,hun,7660.47849852071,676,11.332068784793949
FodderHerb,12,ltu,534313.3873917229,103900,5.142573507138815
FodderHerb,12,lva,67421.01043712713,10895,6.188252449483904
FodderHerb,12,mlt,35022.46743146288,13241,2.6450016940912984
FodderHerb,12,pol,222162.20929163904,59330,3.7445172643121363
FodderHerb,12,svk,25094.179426727413,5268,4.7635116603506855
FodderHerb,13,aut,133870.2771881395,23945,5.590740329427417
FodderHerb,13,esp,5970093.9735883055,1598843,3.734008888670311
FodderHerb,13,grc,556874.9439751244,178890,3.1129461902572775
FodderHerb,13,ita,377423.65742533666,135006,2.7956065465633873
FodderHerb,13,swe,327500,6550,50
FodderHerb,14,blr,4070762.278534594,684098,5.950554275169046
FodderHerb,14,ukr,4394165.926093625,1369300,3.2090600497287847
FodderHerb,15,alb,86291.00304490223,31602,2.730555124514342
FodderHerb,15,bih,65665.43003420794,21267,3.087667749762916
FodderHerb,15,hrv,114602.1332549848,37163,3.083769697144601
FodderHerb,15,scg,1209591.298250784,256755,4.711072026837973
FodderHerb,15,srb,1441432.736048378,198788,7.2511053788376465
FodderHerb,15,tur,7336540.857679738,2509607,2.923382369303137
FodderHerb,20,mex,1954434.3427420727,1940182,1.0073458792742498
FodderHerb,21,irq,57776.763706776284,20070,2.878762516530956
FodderHerb,21,jor,84226.2533109013,29868,2.8199495550723617
FodderHerb,21,lbn,221046.2748186651,64209,3.4426057845265476
FodderHerb,21,syr,1299465.9259499891,402573,3.227901339508584
FodderHerb,23,rus,18362014.831480265,11201368,1.6392653853958075
FodderHerb,NA,NA,285162.5523751354,164338,1.7352198053714627
Fruits,1,pri,0,1906436,0
Fruits,1,usa,0,537018834,0
Fruits,2,bdi,0,28915485,0
Fruits,2,com,0,1096668,0
Fruits,2,eth,0,20478340,0
Fruits,2,ken,0,38925688,0
Fruits,2,mdg,0,17666925,0
Fruits,2,mus,0,276789,0
Fruits,2,rwa,0,4920547,0
Fruits,2,som,0,1638092,0
Fruits,2,uga,0,10654086,0
Fruits,3,dza,0,47944583,0
Fruits,3,egy,0,158022877,0
Fruits,3,mar,0,48381125,0
Fruits,3,tun,0,22520355,0
Fruits,4,ago,0,20832845,0
Fruits,4,bwa,0,11287,0
Fruits,4,moz,0,4591800,0
Fruits,4,mwi,0,6530305,0
Fruits,4,nam,0,304369,0
Fruits,4,swz,0,1846808,0
Fruits,4,zmb,0,1475514,0
Fruits,4,zwe,0,3895632,0
Fruits,5,ben,0,3082317,0
Fruits,5,bfa,0,337544,0
Fruits,5,caf,0,3162128,0
Fruits,5,cmr,0,20149427,0
Fruits,5,cog,0,2274445,0
Fruits,5,cpv,0,230705,0
Fruits,5,gab,0,248087,0
Fruits,5,gha,0,10501817,0
Fruits,5,gin,0,7987035,0
Fruits,5,gmb,0,15533,0
Fruits,5,gnb,0,429046,0
Fruits,5,gnq,0,417178,0
Fruits,5,lbr,0,2371121,0
Fruits,5,mli,0,11805493,0
Fruits,5,mrt,0,430173,0
Fruits,5,ner,0,1733622,0
Fruits,5,nga,0,43528445,0
Fruits,5,sen,0,6893242,0
Fruits,5,sle,0,237517,0
Fruits,5,stp,0,504069,0
Fruits,5,tcd,0,809587,0
Fruits,5,tgo,0,636372,0
Fruits,6,aus,0,58346717,0
Fruits,6,nzl,0,18886388,0
Fruits,7,bra,0,673090071,0
Fruits,8,can,0,13402147,0
Fruits,9,bhs,0,569811,0
Fruits,9,blz,0,6073755,0
Fruits,9,bmu,0,5657,0
Fruits,9,brb,0,44799,0
Fruits,9,cri,0,70453269,0
Fruits,9,cub,0,23176414,0
Fruits,9,cym,0,4896,0
Fruits,9,dma,0,958366,0
Fruits,9,dom,0,24843412,0
Fruits,9,glp,0,1751369,0
Fruits,9,grd,0,211650,0
Fruits,9,gtm,0,43827638,0
Fruits,9,hnd,0,21111673,0
Fruits,9,hti,0,11930991,0
Fruits,9,jam,0,6797637,0
Fruits,9,kna,0,31654,0
Fruits,9,lca,0,1278719,0
Fruits,9,msr,0,5746,0
Fruits,9,mtq,0,4757788,0
Fruits,9,nic,0,3331013,0
Fruits,9,pan,0,12573616,0
Fruits,9,slv,0,4692877,0
Fruits,9,tto,0,435439,0
Fruits,9,vct,0,1012550,0
Fruits,10,arm,0,8223204,0
Fruits,10,aze,0,14017033,0
Fruits,10,geo,0,7931348,0
Fruits,10,kaz,0,12130741,0
Fruits,10,kgz,0,4602420,0
Fruits,10,tjk,0,8386834,0
Fruits,10,tkm,0,10457471,0
Fruits,10,uzb,0,42003798,0
Fruits,11,chn,0,2282791978,0
Fruits,12,bgr,0,14255155,0
Fruits,12,cyp,0,4199782,0
Fruits,12,cze,0,12975800,0
Fruits,12,est,0,269150,0
Fruits,12,hun,0,26407405,0
Fruits,12,ltu,0,1930400,0
Fruits,12,lva,0,807266,0
Fruits,12,mlt,0,204589,0
Fruits,12,pol,0,50254291,0
Fruits,12,rom,0,49932753,0
Fruits,12,svk,0,2824291,0
Fruits,12,svn,0,4562040,0
Fruits,13,aut,0,18896763,0
Fruits,13,bel,0,15915546,0
Fruits,13,deu,0,47282567,0
Fruits,13,dnk,0,956478,0
Fruits,13,esp,0,250760772,0
Fruits,13,fin,0,326521,0
Fruits,13,fra,0,182469302,0
Fruits,13,gbr,0,6449600,0
Fruits,13,grc,0,75686874,0
Fruits,13,irl,0,535760,0
Fruits,13,ita,0,305618467,0
Fruits,13,lux,0,327383,0
Fruits,13,nld,0,12108744,0
Fruits,13,prt,0,31161021,0
Fruits,13,swe,0,693023,0
Fruits,14,blr,0,7459180,0
Fruits,14,ukr,0,39296600,0
Fruits,15,alb,0,7544207,0
Fruits,15,bih,0,3927470,0
Fruits,15,hrv,0,8528167,0
Fruits,15,mne,0,754542,0
Fruits,15,scg,0,17622017,0
Fruits,15,srb,0,11713578,0
Fruits,15,tur,0,266286833,0
Fruits,16,che,0,9541073,0
Fruits,16,nor,0,526146,0
Fruits,17,ind,0,850973649,0
Fruits,18,idn,0,214178289,0
Fruits,19,jpn,0,51187308,0
Fruits,20,mex,0,260680200,0
Fruits,21,are,0,11593296,0
Fruits,21,bhr,0,305673,0
Fruits,21,irq,0,31369614,0
Fruits,21,isr,0,25249325,0
Fruits,21,jor,0,5547171,0
Fruits,21,kwt,0,384217,0
Fruits,21,lbn,0,16726102,0
Fruits,21,omn,0,5839101,0
Fruits,21,qat,0,349853,0
Fruits,21,sau,0,24251601,0
Fruits,21,syr,0,36811211,0
Fruits,21,yem,0,15142916,0
Fruits,22,pak,0,94905790,0
Fruits,23,rus,0,137550162,0
Fruits,24,zaf,0,94211748,0
Fruits,25,guf,0,243989,0
Fruits,25,guy,0,648388,0
Fruits,25,sur,0,1347292,0
Fruits,26,chl,0,86065120,0
Fruits,26,ecu,0,125073327,0
Fruits,26,per,0,34116392,0
Fruits,26,pry,0,10991788,0
Fruits,26,ury,0,7913801,0
Fruits,27,afg,0,13525665,0
Fruits,27,bgd,0,37991829,0
Fruits,27,btn,0,1037400,0
Fruits,27,lka,0,2871929,0
Fruits,27,mdv,0,110018,0
Fruits,27,npl,0,7002549,0
Fruits,29,asm,0,17486,0
Fruits,29,brn,0,37759,0
Fruits,29,cok,0,45132,0
Fruits,29,fji,0,213824,0
Fruits,29,gum,0,5166,0
Fruits,29,khm,0,4892720,0
Fruits,29,kir,0,114818,0
Fruits,29,lao,0,3830290,0
Fruits,29,mmr,0,8260,0
Fruits,29,mys,0,21695619,0
Fruits,29,ncl,0,31303,0
Fruits,29,niu,0,5956,0
Fruits,29,nru,0,6200,0
Fruits,29,phl,0,226719345,0
Fruits,29,png,0,18222396,0
Fruits,29,pyf,0,141234,0
Fruits,29,slb,0,20742,0
Fruits,29,syc,0,42271,0
Fruits,29,tha,0,167377159,0
Fruits,29,tkl,0,295,0
Fruits,29,ton,0,114219,0
Fruits,29,tuv,0,7710,0
Fruits,29,vnm,0,56942061,0
Fruits,29,vut,0,269739,0
Fruits,29,wsm,0,760259,0
Fruits,31,arg,0,130919561,0
Fruits,32,col,0,64722183,0
Fruits,NA,NA,0,452372189,0
Legumes,1,pri,19541.748804461928,7273,2.6868897022496805
Legumes,1,usa,31248388.08262397,33009358,0.9466524033161738
Legumes,2,bdi,6423900.751870697,4780507,1.3437697616321234
Legumes,2,com,492927.29036140785,186064,2.649235157587754
Legumes,2,dji,61572.399148474455,33824,1.8203760391578303
Legumes,2,eri,1256842.1259721376,622509,2.0189943052584582
Legumes,2,eth,10821341.19693657,24699714,0.43811605255577335
Legumes,2,ken,10094294.675680654,10304575,0.9795934985849154
Legumes,2,mdg,1919155.0191196199,1891633,1.0145493439370215
Legumes,2,rwa,7671583.423343972,4735449,1.6200329521749621
Legumes,2,som,569471.5726243631,319894,1.7801883518426826
Legumes,2,uga,10349571.26580499,10956336,0.9446197401946225
Legumes,3,dza,831595.0586661258,524687,1.5849355113927461
Legumes,3,egy,1296193.7631682837,1484592,0.8730976343455197
Legumes,3,mar,1837037.5153145771,2091521,0.8783261154511847
Legumes,3,tun,768455.4589102322,641711,1.1975101859095951
Legumes,4,ago,4892614.732150503,2118755,2.3091932442167704
Legumes,4,bwa,792179.2034573745,218652,3.6230137545386025
Legumes,4,lso,225862.85926641664,159975,1.4118634740829294
Legumes,4,moz,7958378.9366270425,3217858,2.4731914635844845
Legumes,4,mwi,4725349.869620635,6202630,0.7618300413889971
Legumes,4,nam,793341.1965431669,264907,2.99479136656701
Legumes,4,swz,64954.58721294043,69704,0.9318631242531337
Legumes,4,zmb,1153218.1306307158,394631,2.922269488790074
Legumes,4,zwe,1126004.534386174,765685,1.4705845542046325
Legumes,5,ben,2650857.9672546005,2232431,1.1874310862260022
Legumes,5,bfa,18078469.364452865,7758729,2.3300813012611816
Legumes,5,caf,1342470.2546372511,506356,2.6512379721722485
Legumes,5,cmr,6725975.391739327,6064398,1.1090920140365668
Legumes,5,cog,205579.7160743352,158725,1.295194305083227
Legumes,5,cpv,279001.0359356662,69015,4.042614445202727
Legumes,5,gab,11102.435325648416,5205,2.133032723467515
Legumes,5,gha,3323917.558129771,538624,6.17112783338613
Legumes,5,gin,2970427.6900453083,1018905,2.9153136848335306
Legumes,5,gmb,143617.25244679875,54557,2.6324257647377745
Legumes,5,gnb,125624.12262481381,47444,2.647840035090081
Legumes,5,lbr,163510.77754306604,57445,2.8463883287155722
Legumes,5,mli,4769124.951513492,2192658,2.175042779819512
Legumes,5,mrt,560201.1493730107,809653,0.6919027649783435
Legumes,5,ner,49409592.55690268,14081950,3.508718079307388
Legumes,5,nga,128229059.03586553,47069154,2.7242694660682774
Legumes,5,sen,3287779.7492188187,897333,3.66394610386425
Legumes,5,sle,2913156.5282678585,1047346,2.7814652734319494
Legumes,5,tcd,1655279.5361846136,1921155,0.8616064483004305
Legumes,5,tgo,1713358.3047279543,1135422,1.5090057306692617
Legumes,6,aus,43141065.54820243,34606702,1.2466101377762733
Legumes,6,nzl,2049563.0625796902,729902,2.807997597731874
Legumes,7,bra,90858689.91299759,54155385,1.6777406330505746
Legumes,8,can,102716824.93028899,66884300,1.5357389541385496
Legumes,9,bhs,6959.577614616232,2256,3.084919155414996
Legumes,9,blz,149150.45476106586,138956,1.0733646244931192
Legumes,9,brb,40173.30588566489,21402,1.8770818561660074
Legumes,9,cri,531333.6987760523,257144,2.0662885339578305
Legumes,9,cub,3192843.447057211,1601227,1.9939980071889938
Legumes,9,dma,4243.528174874601,1462,2.9025500512138174
Legumes,9,dom,997311.2228609863,921874,1.081830296614273
Legumes,9,glp,3214.7633451851852,1125,2.857567417942387
Legumes,9,grd,25796.912084664385,12110,2.130215696504078
Legumes,9,gtm,3815526.3113257913,2686862,1.4200678379930907
Legumes,9,hnd,2188259.475240049,1277832,1.7124782250249242
Legumes,9,hti,1888057.8987629262,1598823,1.1809048898864516
Legumes,9,jam,70117.6800123203,53489,1.310880368156449
Legumes,9,kna,10562.067894621967,3818,2.766387609906225
Legumes,9,lca,2477.312951680672,952,2.6022194870595294
Legumes,9,mtq,53315.916849560206,16485,3.234207876831071
Legumes,9,nic,5480974.855800986,2929141,1.87118846644835
Legumes,9,pan,135130.41976775965,168683,0.8010909206485517
Legumes,9,slv,2364126.8584730104,1330704,1.776598596286635
Legumes,9,tto,78932.56206023404,40731,1.9378989482270024
Legumes,9,vct,24968.876994518014,9364,2.666475544053611
Legumes,10,arm,127726.68256295267,79941,1.597761881424459
Legumes,10,aze,292902.3999490904,284793,1.0284747165453167
Legumes,10,geo,362373.24894431076,205950,1.7595205095620818
Legumes,10,kaz,2141324.5301391277,799395,2.678681415494377
Legumes,10,kgz,1525375.2048747928,697013,2.188445846597973
Legumes,10,mng,60915.872943086986,23246,2.620488382650219
Legumes,10,tjk,750260.673508961,437096,1.7164665737251337
Legumes,10,tkm,522145.90369178815,184928,2.823509169470216
Legumes,10,uzb,641473.2096382623,185770,3.45305059825732
Legumes,11,chn,47704830.699680515,53780438,0.8870294195015763
Legumes,12,bgr,437486.3336462921,409454,1.068462717780977
Legumes,12,cyp,8390.428337651525,10376,0.8086380433357291
Legumes,12,cze,3860198.731460264,2956824,1.3055219828641353
Legumes,12,est,433015.5022517175,147455,2.936594230454834
Legumes,12,hun,3978635.630600255,1284066,3.0984666135543306
Legumes,12,ltu,1534597.7045042643,1125600,1.363359723262495
Legumes,12,lva,161805.89554432165,85060,1.9022560021669603
Legumes,12,mlt,12205.998149740335,6932,1.7608191214282076
Legumes,12,pol,5679900.716367683,4953401,1.1466668489725915
Legumes,12,rom,1492457.1000721331,1236069,1.2074221585300926
Legumes,12,svk,2414561.6362386113,724522,3.3326270785961105
Legumes,12,svn,179680.23465204352,63689,2.821212998352047
Legumes,13,aut,5277807.243432216,1612103,3.273864786203001
Legumes,13,bel,233631.16847509312,139382,1.6761932564828537
Legumes,13,deu,18469555.647964858,6409431,2.8816217302229883
Legumes,13,dnk,11717068.456696138,2359752,4.965381301380882
Legumes,13,esp,5218514.608388913,4469316,1.1676316036702066
Legumes,13,fin,534098.3856341189,178200,2.9971851045685685
Legumes,13,fra,99874805.55963181,29095101,3.432701799510227
Legumes,13,gbr,18175176.106332332,11115495,1.635120712692717
Legumes,13,grc,504063.87908939616,532643,0.9463446982113651
Legumes,13,irl,409163.3330894468,305714,1.3383859852327562
Legumes,13,ita,886650.4741647588,956020,0.9274392524892354
Legumes,13,lux,57994.46518582513,17528,3.308675558296733
Legumes,13,nld,263788.0352934124,196839,1.3401207854815986
Legumes,13,prt,261713.38985195255,133672,1.9578774152548968
Legumes,13,swe,3255402.4910091483,1161458,2.8028585545143674
Legumes,14,blr,5429031.948855948,4861845,1.1166608455958484
Legumes,14,ukr,32478976.79353123,11955630,2.7166261245564836
Legumes,15,alb,693928.7023237947,425186,1.632059151345046
Legumes,15,bih,303937.16333796387,366335,0.8296700106131378
Legumes,15,hrv,456297.314743529,214032,2.1319116521993395
Legumes,15,mne,52776.30173742594,17218,3.0651818874100325
Legumes,15,scg,1626074.0950621685,1174411,1.3845869078731112
Legumes,15,srb,1111391.4550662877,375698,2.9582043424939384
Legumes,15,tur,29616548.244060606,23448400,1.2630519883685285
Legumes,16,che,730186.6700956334,255420,2.8587685776197373
Legumes,16,nor,271574.03188918,29002,9.363975997833943
Legumes,17,ind,234594432.61485878,257391300,0.9114310880548752
Legumes,18,idn,9607136.28741977,5672952,1.6934986030940804
Legumes,19,jpn,2935840.9158088206,1744051,1.6833457942507533
Legumes,20,mex,31621283.946820963,23590175,1.3404429575796264
Legumes,21,bhr,498.1873825503356,149,3.3435394802035945
Legumes,21,irq,3670614.5798524925,789414,4.649796659107253
Legumes,21,isr,657261.8240703902,227063,2.894623184184082
Legumes,21,jor,147771.07019918275,55496,2.6627337141268335
Legumes,21,lbn,255326.00841479536,198998,1.2830581634729765
Legumes,21,sau,486374.27665819105,174422,2.7884915702043953
Legumes,21,syr,5685504.2378733475,3349462,1.697438047624767
Legumes,21,yem,1933489.1834446234,1232083,1.569284848053762
Legumes,22,pak,29227490.39676517,17152657,1.70396285524541
Legumes,23,rus,58776417.43068758,46496680,1.2640992309706323
Legumes,24,zaf,1716935.6230130212,1520011,1.1295547354677178
Legumes,25,guy,41331.59097110435,15069,2.7428224149647855
Legumes,25,sur,6018.028165448852,1916,3.1409332805056636
Legumes,26,chl,1785945.142754193,1629970,1.0956920328313975
Legumes,26,ecu,707169.204143148,509686,1.38746052303408
Legumes,26,per,1881785.2674626946,2684618,0.7009508494179413
Legumes,26,pry,1621637.3893966526,1027229,1.5786522668233205
Legumes,26,ury,114695.50620734734,107168,1.0702402415585561
Legumes,27,afg,2569773.4081099057,840786,3.0563941456088775
Legumes,27,bgd,5561295.460399899,6182477,0.8995254588735063
Legumes,27,btn,73552.30118213991,67816,1.0845862507688437
Legumes,27,lka,498980.8849780284,419906,1.1883156825051997
Legumes,27,mdv,3435.7008695652175,1173,2.9289862485636977
Legumes,27,npl,5369996.451554622,4181298,1.2842893406675682
Legumes,29,fji,63829.23364817198,11988,5.324427231245577
Legumes,29,khm,1484141.0984822728,678941,2.1859647575890584
Legumes,29,lao,611798.7564352335,307003,1.9928103518051403
Legumes,29,mmr,62681870.60436457,53107390,1.1802852786469937
Legumes,29,ncl,1088.209902234637,358,3.0396924643425614
Legumes,29,phl,1167988.6836737623,1065122,1.0965773720510534
Legumes,29,png,135399.60098893213,47801,2.8325683769990615
Legumes,29,slb,216148.754721334,75682,2.856012720611691
Legumes,29,tha,5089522.098667213,4347731,1.1706156840584694
Legumes,29,vnm,4972438.133438337,4711439,1.0553969038840016
Legumes,31,arg,7871653.75105248,5907254,1.3325402549225884
Legumes,32,col,3638693.135745109,3149005,1.1555056710755014
Legumes,NA,NA,10163619.240944095,40961689,0.2481250038528464
MiscCrop,1,pri,0,144373,0
MiscCrop,1,usa,0,8746292,0
MiscCrop,2,bdi,0,579392,0
MiscCrop,2,com,0,49855,0
MiscCrop,2,eri,0,13455,0
MiscCrop,2,eth,0,10269174,0
MiscCrop,2,ken,0,6915176,0
MiscCrop,2,mdg,0,1509026,0
MiscCrop,2,mus,0,56251,0
MiscCrop,2,rwa,0,709189,0
MiscCrop,2,som,0,2100,0
MiscCrop,2,uga,0,4511525,0
MiscCrop,3,dza,0,116946,0
MiscCrop,3,mar,0,1309125,0
MiscCrop,3,tun,0,89491,0
MiscCrop,4,ago,0,243870,0
MiscCrop,4,moz,0,853404,0
MiscCrop,4,mwi,0,3088010,0
MiscCrop,4,swz,0,1370,0
MiscCrop,4,zmb,0,797838,0
MiscCrop,4,zwe,0,3102837,0
MiscCrop,5,ben,0,18878,0
MiscCrop,5,bfa,0,199231,0
MiscCrop,5,caf,0,155497,0
MiscCrop,5,cmr,0,1621621,0
MiscCrop,5,cog,0,44447,0
MiscCrop,5,cpv,0,88,0
MiscCrop,5,gab,0,2513,0
MiscCrop,5,gha,0,132900,0
MiscCrop,5,gin,0,464572,0
MiscCrop,5,gnq,0,82820,0
MiscCrop,5,lbr,0,48089,0
MiscCrop,5,mli,0,18060,0
MiscCrop,5,ner,0,151704,0
MiscCrop,5,nga,0,2894526,0
MiscCrop,5,sle,0,423709,0
MiscCrop,5,stp,0,1334,0
MiscCrop,5,tcd,0,3505,0
MiscCrop,5,tgo,0,262499,0
MiscCrop,6,aus,0,131115,0
MiscCrop,6,nzl,0,14085,0
MiscCrop,7,bra,0,52566374,0
MiscCrop,8,can,0,949513,0
MiscCrop,9,blz,0,1779,0
MiscCrop,9,cri,0,2441160,0
MiscCrop,9,cub,0,738967,0
MiscCrop,9,dma,0,9515,0
MiscCrop,9,dom,0,1041514,0
MiscCrop,9,glp,0,734,0
MiscCrop,9,grd,0,30636,0
MiscCrop,9,gtm,0,5367922,0
MiscCrop,9,hnd,0,3790082,0
MiscCrop,9,hti,0,563301,0
MiscCrop,9,jam,0,177213,0
MiscCrop,9,lca,0,7389,0
MiscCrop,9,mtq,0,599,0
MiscCrop,9,nic,0,1428455,0
MiscCrop,9,pan,0,260875,0
MiscCrop,9,slv,0,1925539,0
MiscCrop,9,tto,0,14324,0
MiscCrop,9,vct,0,17727,0
MiscCrop,10,arm,0,22565,0
MiscCrop,10,aze,0,183604,0
MiscCrop,10,geo,0,495599,0
MiscCrop,10,kaz,0,166503,0
MiscCrop,10,kgz,0,305985,0
MiscCrop,10,tjk,0,59822,0
MiscCrop,10,tkm,0,51742,0
MiscCrop,10,uzb,0,313530,0
MiscCrop,11,chn,0,76066773,0
MiscCrop,12,bgr,0,841810,0
MiscCrop,12,cyp,0,4824,0
MiscCrop,12,cze,0,238072,0
MiscCrop,12,hun,0,210879,0
MiscCrop,12,pol,0,666255,0
MiscCrop,12,rom,0,152491,0
MiscCrop,12,svk,0,31368,0
MiscCrop,12,svn,0,44435,0
MiscCrop,13,aut,0,9819,0
MiscCrop,13,bel,0,27206,0
MiscCrop,13,deu,0,751989,0
MiscCrop,13,esp,0,763609,0
MiscCrop,13,fra,0,413758,0
MiscCrop,13,gbr,0,45842,0
MiscCrop,13,grc,0,1692966,0
MiscCrop,13,irl,0,654,0
MiscCrop,13,ita,0,2033609,0
MiscCrop,13,prt,0,75469,0
MiscCrop,14,ukr,0,43205,0
MiscCrop,15,alb,0,80807,0
MiscCrop,15,bih,0,57358,0
MiscCrop,15,hrv,0,194641,0
MiscCrop,15,mne,0,2239,0
MiscCrop,15,scg,0,153024,0
MiscCrop,15,srb,0,70935,0
MiscCrop,15,tur,0,7011998,0
MiscCrop,16,che,0,23756,0
MiscCrop,17,ind,0,57641738,0
MiscCrop,18,idn,0,23385536,0
MiscCrop,19,jpn,0,3192744,0
MiscCrop,20,mex,0,5914560,0
MiscCrop,21,are,0,12625,0
MiscCrop,21,irq,0,42384,0
MiscCrop,21,isr,0,5,0
MiscCrop,21,jor,0,39108,0
MiscCrop,21,kwt,0,5401,0
MiscCrop,21,lbn,0,194039,0
MiscCrop,21,omn,0,23398,0
MiscCrop,21,syr,0,445941,0
MiscCrop,21,yem,0,536663,0
MiscCrop,22,pak,0,2621641,0
MiscCrop,23,rus,0,103174,0
MiscCrop,24,zaf,0,553004,0
MiscCrop,25,guy,0,10068,0
MiscCrop,25,sur,0,203,0
MiscCrop,26,chl,0,160969,0
MiscCrop,26,ecu,0,1663951,0
MiscCrop,26,per,0,4048871,0
MiscCrop,26,pry,0,230956,0
MiscCrop,26,ury,0,52448,0
MiscCrop,27,bgd,0,4241448,0
MiscCrop,27,btn,0,201400,0
MiscCrop,27,lka,0,6553794,0
MiscCrop,27,npl,0,3018761,0
MiscCrop,29,brn,0,453,0
MiscCrop,29,cok,0,89,0
MiscCrop,29,fji,0,60932,0
MiscCrop,29,khm,0,237780,0
MiscCrop,29,lao,0,1156523,0
MiscCrop,29,mmr,0,1283736,0
MiscCrop,29,mys,0,1280183,0
MiscCrop,29,ncl,0,513,0
MiscCrop,29,phl,0,3276410,0
MiscCrop,29,png,0,1239408,0
MiscCrop,29,pyf,0,979,0
MiscCrop,29,sgp,0,7,0
MiscCrop,29,slb,0,4868,0
MiscCrop,29,syc,0,7848,0
MiscCrop,29,tha,0,5812536,0
MiscCrop,29,ton,0,7585,0
MiscCrop,29,vnm,0,19029028,0
MiscCrop,29,vut,0,2290,0
MiscCrop,29,wsm,0,5048,0
MiscCrop,31,arg,0,3556326,0
MiscCrop,32,col,0,12675126,0
MiscCrop,NA,NA,0,10065618,0
NutsSeeds,1,usa,53545034.88572054,58125332,0.9211996395258533
NutsSeeds,2,bdi,483728.95782930346,176266,2.7443123337983697
NutsSeeds,2,com,43088.515605442175,16170,2.6647195798047107
NutsSeeds,2,eri,111943.96820104257,33835,3.3085257337385126
NutsSeeds,2,eth,1026341.8259128168,3626390,0.2830202559329848
NutsSeeds,2,ken,479421.0235752767,864803,0.5543702133032341
NutsSeeds,2,mdg,1422565.9732740575,739341,1.924099939370409
NutsSeeds,2,mus,31959.55869935924,9676,3.302972168185122
NutsSeeds,2,rwa,535616.2882212765,174926,3.061959275472351
NutsSeeds,2,som,302319.8748667974,87686,3.4477553414090893
NutsSeeds,2,uga,10464950.180806676,2876000,3.638717030878538
NutsSeeds,3,dza,16388.340597528117,715163,0.02291553198016133
NutsSeeds,3,egy,8130293.475580623,3796782,2.1413643120886645
NutsSeeds,3,mar,683862.4576473418,2278393,0.30015122836461566
NutsSeeds,3,tun,0,921707,0
NutsSeeds,4,ago,4312743.023291645,1024109,4.211214844603108
NutsSeeds,4,bwa,47543.76208870032,16381,2.902372388053252
NutsSeeds,4,moz,3515329.350182177,3069402,1.1452815076624623
NutsSeeds,4,mwi,11497591.77747391,3296216,3.4881184295792234
NutsSeeds,4,nam,13871.214012316437,4222,3.2854604482037986
NutsSeeds,4,swz,213210.94990077845,98013,2.1753333731319158
NutsSeeds,4,zmb,4525810.525305781,1358718,3.3309417592949977
NutsSeeds,4,zwe,5342754.7061775355,1881165,2.840130826470584
NutsSeeds,5,ben,4148668.3990125977,3147116,1.3182445130756533
NutsSeeds,5,bfa,13406930.601990595,4878954,2.7479108435928263
NutsSeeds,5,caf,6749249.326417985,2332266,2.8938591594689393
NutsSeeds,5,cmr,19626568.581685506,5646264,3.4760274372019278
NutsSeeds,5,cog,1253119.8406057735,442880,2.829479408882256
NutsSeeds,5,cpv,11150.67,223,50.00300448430493
NutsSeeds,5,gab,885117.6676795699,321727,2.751145125151355
NutsSeeds,5,gha,19452208.47267709,6743416,2.8846223446213446
NutsSeeds,5,gin,13242340.954822253,4433579,2.9868286896031973
NutsSeeds,5,gmb,5640533.115127433,1854296,3.041873096381286
NutsSeeds,5,gnb,350890.95659962157,2018690,0.1738211199340273
NutsSeeds,5,lbr,156820.2893085043,142011,1.1042826915415305
NutsSeeds,5,mli,13955886.676366549,4553467,3.064892460265233
NutsSeeds,5,mrt,82326.84933051182,22801,3.6106683623749753
NutsSeeds,5,ner,11975841.980677456,3378608,3.5446083063431613
NutsSeeds,5,nga,129252503.54216078,61345498,2.1069598871323985
NutsSeeds,5,sen,39851745.89002247,12785412,3.116970019427021
NutsSeeds,5,sle,3682404.484280678,1098924,3.3509182475591377
NutsSeeds,5,tcd,26958673.60793516,7970574,3.382275054210043
NutsSeeds,5,tgo,1946348.2292532385,709517,2.7432016840375053
NutsSeeds,6,aus,654202.9455949184,1375838,0.4754941683504297
NutsSeeds,7,bra,7042043.880616466,7135889,0.9868488538171579
NutsSeeds,9,blz,893.2373420819631,15812,0.05649110435630933
NutsSeeds,9,brb,3478.9694758514797,796,4.370564668155125
NutsSeeds,9,cri,1315.888370701121,31578,0.041671048536991606
NutsSeeds,9,cub,673684.9508408476,283018,2.3803607927440926
NutsSeeds,9,dom,140945.29941863482,73207,1.9252981192868828
NutsSeeds,9,gtm,13145.08450490909,480639,0.027349184117204575
NutsSeeds,9,hnd,179.84248294951917,35043,0.005132051563779333
NutsSeeds,9,hti,1227267.330495519,420892,2.9158723152151125
NutsSeeds,9,jam,165844.33299682516,57641,2.8771938897108855
NutsSeeds,9,kna,2113.8290240641713,748,2.8259746311018334
NutsSeeds,9,nic,5873141.875031318,2214781,2.651793506911662
NutsSeeds,9,slv,0,56741,0
NutsSeeds,9,vct,13913.77972975449,5458,2.549245095228012
NutsSeeds,10,arm,0,27541,0
NutsSeeds,10,aze,0,566930,0
NutsSeeds,10,geo,75.65285876260369,539326,1.4027296804271198e-4
NutsSeeds,10,kaz,6786.460997300251,46671,0.14541066180926593
NutsSeeds,10,kgz,459.3812850581838,177455,0.002588719872971648
NutsSeeds,10,mng,0,62226,0
NutsSeeds,10,tjk,48232.37212159506,141253,0.3414608689485891
NutsSeeds,10,tkm,0,32136,0
NutsSeeds,10,uzb,104064.96176619237,693478,0.1500623837615503
NutsSeeds,11,chn,662149290.7249727,258722228,2.5593057691392977
NutsSeeds,12,bgr,228552.22628657336,244782,0.9336970295469984
NutsSeeds,12,cyp,28387.308304667164,43024,0.6598016991601702
NutsSeeds,12,cze,0,1121134,0
NutsSeeds,12,hun,0.317970233948423,167943,1.893322341201616e-6
NutsSeeds,12,pol,0,145197,0
NutsSeeds,12,rom,0,639105,0
NutsSeeds,12,svk,0,64922,0
NutsSeeds,12,svn,0,50540,0
NutsSeeds,13,aut,0,285150,0
NutsSeeds,13,bel,0,12204,0
NutsSeeds,13,deu,0,322291,0
NutsSeeds,13,dnk,0,216,0
NutsSeeds,13,esp,28.370298288374713,4877411,5.816671649851676e-6
NutsSeeds,13,fra,0,786510,0
NutsSeeds,13,grc,2726.1609202065165,1446342,0.001884866041507829
NutsSeeds,13,ita,0.04998997234852922,4225815,1.1829664182774026e-8
NutsSeeds,13,lux,0,1340,0
NutsSeeds,13,nld,0,15930,0
NutsSeeds,13,prt,1.2184237646192226,431709,2.8223265315738672e-6
NutsSeeds,14,blr,0,292043,0
NutsSeeds,14,ukr,0,1340888,0
NutsSeeds,15,alb,0,64418,0
NutsSeeds,15,bih,0,74728,0
NutsSeeds,15,hrv,0,156933,0
NutsSeeds,15,mne,0,4950,0
NutsSeeds,15,scg,0,231776,0
NutsSeeds,15,srb,0,161672,0
NutsSeeds,15,tur,407764.3397721744,16374414,0.02490253023846682
NutsSeeds,16,che,0,49434,0
NutsSeeds,17,ind,334471018.65734684,135043470,2.4767655826479196
NutsSeeds,18,idn,55116246.1588166,24405384,2.258364226468086
NutsSeeds,19,jpn,1160180.8415706935,408100,2.8428837088230665
NutsSeeds,20,mex,2163854.0550401215,4374215,0.49468397301918665
NutsSeeds,21,are,0,10853,0
NutsSeeds,21,bhr,0,7599,0
NutsSeeds,21,irq,281599.2272481099,106872,2.6349205334241885
NutsSeeds,21,isr,513824.61520665535,535989,0.9586476871851015
NutsSeeds,21,jor,0,34125,0
NutsSeeds,21,lbn,68796.34097025722,745828,0.09224156369867748
NutsSeeds,21,sau,189849.49974454378,74044,2.564009234300467
NutsSeeds,21,syr,173364.6361216375,3047953,0.056879038529018495
NutsSeeds,21,yem,0,2639,0
NutsSeeds,22,pak,2970406.366881356,2575892,1.1531564082971475
NutsSeeds,23,rus,0,374802,0
NutsSeeds,24,zaf,6091422.817372305,2243381,2.7152868003127
NutsSeeds,25,guy,125126.11035895387,40033,3.125574160291606
NutsSeeds,25,sur,14970.092456950457,3465,4.320373003448905
NutsSeeds,26,chl,0,574135,0
NutsSeeds,26,ecu,769598.3313726712,241489,3.1868877314191173
NutsSeeds,26,per,200802.4272318649,210062,0.9559198104934014
NutsSeeds,26,pry,1469627.7789810912,511982,2.870467670701492
NutsSeeds,26,ury,67612.80776702127,23500,2.8771407560434583
NutsSeeds,27,afg,0,646860,0
NutsSeeds,27,bgd,2108043.561160979,735668,2.8654822027884572
NutsSeeds,27,lka,344279.0895461637,276267,1.246182459527065
NutsSeeds,27,mdv,0,30492,0
NutsSeeds,27,npl,0,80244,0
NutsSeeds,29,fji,14037.540479674797,4305,3.2607527246631354
NutsSeeds,29,gum,0,2223,0
NutsSeeds,29,khm,894286.3851546603,352493,2.537033033718855
NutsSeeds,29,kir,0,4115,0
NutsSeeds,29,lao,1778106.1787030394,459703,3.8679455620325283
NutsSeeds,29,mmr,48372017.272514395,16542143,2.9241687290766616
NutsSeeds,29,mys,11573.802072005059,376418,0.030747206754206915
NutsSeeds,29,phl,262859.52657267445,2801775,0.09381892784847978
NutsSeeds,29,png,10146.78921900009,121831,0.08328577471251233
NutsSeeds,29,slb,0,5100,0
NutsSeeds,29,tha,3280512.8560242094,2609842,1.2569775702989718
NutsSeeds,29,ton,38646.812159098816,14381,2.687352211883653
NutsSeeds,29,vnm,8052419.142574097,20873408,0.385774050053259
NutsSeeds,29,vut,109555.4926349583,40883,2.679732226963733
NutsSeeds,31,arg,24914254.618026648,8444763,2.9502609626849976
NutsSeeds,32,col,225501.83338634984,79032,2.8532978209630255
NutsSeeds,NA,NA,20094041.20917896,39560021,0.5079380824691413
OilCrop,1,usa,0,46645539,0
OilCrop,2,eri,0,93027,0
OilCrop,2,eth,0,8768246,0
OilCrop,2,ken,0,509274,0
OilCrop,2,mdg,0,84449,0
OilCrop,2,som,0,714735,0
OilCrop,2,uga,0,4792335,0
OilCrop,3,dza,0,5763502,0
OilCrop,3,egy,0,7877689,0
OilCrop,3,mar,0,14250815,0
OilCrop,3,tun,0,15621778,0
OilCrop,4,ago,0,307917,0
OilCrop,4,bwa,0,94748,0
OilCrop,4,moz,0,1235694,0
OilCrop,4,mwi,0,162567,0
OilCrop,4,nam,0,2842,0
OilCrop,4,zmb,0,265545,0
OilCrop,4,zwe,0,373557,0
OilCrop,5,ben,0,485443,0
OilCrop,5,bfa,0,1779629,0
OilCrop,5,caf,0,1199878,0
OilCrop,5,cmr,0,1178882,0
OilCrop,5,cog,0,69338,0
OilCrop,5,cpv,0,1156,0
OilCrop,5,gha,0,1092709,0
OilCrop,5,gin,0,15648,0
OilCrop,5,gmb,0,39064,0
OilCrop,5,mli,0,3247725,0
OilCrop,5,mrt,0,52600,0
OilCrop,5,ner,0,631818,0
OilCrop,5,nga,0,16914740,0
OilCrop,5,sen,0,183183,0
OilCrop,5,sle,0,45553,0
OilCrop,5,tcd,0,1202979,0
OilCrop,5,tgo,0,189246,0
OilCrop,6,aus,0,31189583,0
OilCrop,6,nzl,0,93082,0
OilCrop,7,bra,0,4085776,0
OilCrop,8,can,0,179102559,0
OilCrop,9,cri,0,2432,0
OilCrop,9,gtm,0,622454,0
OilCrop,9,hnd,0,16135,0
OilCrop,9,hti,0,96064,0
OilCrop,9,nic,0,117827,0
OilCrop,9,pan,0,3821,0
OilCrop,9,slv,0,211506,0
OilCrop,10,aze,0,207330,0
OilCrop,10,geo,0,307074,0
OilCrop,10,kaz,0,6019978,0
OilCrop,10,kgz,0,1092510,0
OilCrop,10,mng,0,12500,0
OilCrop,10,tjk,0,72087,0
OilCrop,10,uzb,0,617037,0
OilCrop,11,chn,0,268011857,0
OilCrop,12,bgr,0,17958681,0
OilCrop,12,cyp,0,291322,0
OilCrop,12,cze,0,33820486,0
OilCrop,12,est,0,1339551,0
OilCrop,12,hun,0,23309899,0
OilCrop,12,ltu,0,3852564,0
OilCrop,12,lva,0,1834340,0
OilCrop,12,mlt,0,126,0
OilCrop,12,pol,0,25923579,0
OilCrop,12,rom,0,25397694,0
OilCrop,12,svk,0,7132008,0
OilCrop,12,svn,0,143847,0
OilCrop,13,aut,0,3872359,0
OilCrop,13,bel,0,1092564,0
OilCrop,13,deu,0,79928022,0
OilCrop,13,dnk,0,7392051,0
OilCrop,13,esp,0,109375945,0
OilCrop,13,fin,0,1868200,0
OilCrop,13,fra,0,105553193,0
OilCrop,13,gbr,0,33326401,0
OilCrop,13,grc,0,42175742,0
OilCrop,13,irl,0,347600,0
OilCrop,13,ita,0,66084619,0
OilCrop,13,lux,0,189421,0
OilCrop,13,nld,0,178637,0
OilCrop,13,prt,0,6044954,0
OilCrop,13,swe,0,3760400,0
OilCrop,14,blr,0,4296668,0
OilCrop,14,ukr,0,92249042,0
OilCrop,15,alb,0,895074,0
OilCrop,15,bih,0,37143,0
OilCrop,15,hrv,0,2289949,0
OilCrop,15,mne,0,11601,0
OilCrop,15,scg,0,3657990,0
OilCrop,15,srb,0,2912860,0
OilCrop,15,tur,0,42014954,0
OilCrop,16,che,0,1156972,0
OilCrop,16,nor,0,212811,0
OilCrop,17,ind,0,166425600,0
OilCrop,18,idn,0,4058546,0
OilCrop,19,jpn,0,20587,0
OilCrop,20,mex,0,3465647,0
OilCrop,21,irq,0,1581731,0
OilCrop,21,isr,0,1048600,0
OilCrop,21,jor,0,2126420,0
OilCrop,21,kwt,0,514,0
OilCrop,21,lbn,0,1867863,0
OilCrop,21,sau,0,65001,0
OilCrop,21,syr,0,13963775,0
OilCrop,21,yem,0,366410,0
OilCrop,22,pak,0,10463440,0
OilCrop,23,rus,0,203313028,0
OilCrop,24,zaf,0,12708590,0
OilCrop,26,chl,0,1526215,0
OilCrop,26,ecu,0,67590,0
OilCrop,26,per,0,856138,0
OilCrop,26,pry,0,3923925,0
OilCrop,26,ury,0,1855440,0
OilCrop,27,afg,0,868219,0
OilCrop,27,bgd,0,5019512,0
OilCrop,27,btn,0,40791,0
OilCrop,27,lka,0,127354,0
OilCrop,27,npl,0,2512188,0
OilCrop,29,khm,0,469469,0
OilCrop,29,lao,0,118594,0
OilCrop,29,mmr,0,17285114,0
OilCrop,29,phl,0,32567,0
OilCrop,29,tha,0,3584347,0
OilCrop,29,vnm,0,470548,0
OilCrop,31,arg,0,81271009,0
OilCrop,32,col,0,69264,0
OilCrop,NA,NA,0,31580879,0
OtherGrain,1,usa,0,347280768,0
OtherGrain,2,bdi,0,1480141,0
OtherGrain,2,eri,0,3442178,0
OtherGrain,2,eth,0,218737688,0
OtherGrain,2,ken,0,4166269,0
OtherGrain,2,mdg,0,20616,0
OtherGrain,2,rwa,0,2806105,0
OtherGrain,2,som,0,2263496,0
OtherGrain,2,uga,0,18890526,0
OtherGrain,3,dza,0,19165568,0
OtherGrain,3,egy,0,18413807,0
OtherGrain,3,esh,0,38880,0
OtherGrain,3,mar,0,34373005,0
OtherGrain,3,tun,0,7938011,0
OtherGrain,4,ago,0,1662009,0
OtherGrain,4,bwa,0,527560,0
OtherGrain,4,lso,0,342736,0
OtherGrain,4,moz,0,5090398,0
OtherGrain,4,mwi,0,1291455,0
OtherGrain,4,nam,0,1076669,0
OtherGrain,4,swz,0,9483,0
OtherGrain,4,zmb,0,1241643,0
OtherGrain,4,zwe,0,3193376,0
OtherGrain,5,ben,0,3279836,0
OtherGrain,5,bfa,0,43790427,0
OtherGrain,5,caf,0,894314,0
OtherGrain,5,cmr,0,13917397,0
OtherGrain,5,cog,0,161816,0
OtherGrain,5,gha,0,8720820,0
OtherGrain,5,gin,0,8181482,0
OtherGrain,5,gmb,0,2265170,0
OtherGrain,5,gnb,0,803729,0
OtherGrain,5,mli,0,34346857,0
OtherGrain,5,mrt,0,1559763,0
OtherGrain,5,ner,0,59557215,0
OtherGrain,5,nga,0,243475972,0
OtherGrain,5,sen,0,12850139,0
OtherGrain,5,sle,0,839517,0
OtherGrain,5,tcd,0,23676400,0
OtherGrain,5,tgo,0,4297213,0
OtherGrain,6,aus,0,197827814,0
OtherGrain,6,nzl,0,7200598,0
OtherGrain,7,bra,0,35465501,0
OtherGrain,8,can,0,272430000,0
OtherGrain,9,blz,0,152725,0
OtherGrain,9,cub,0,17597,0
OtherGrain,9,dom,0,132371,0
OtherGrain,9,gtm,0,854583,0
OtherGrain,9,hnd,0,1209735,0
OtherGrain,9,hti,0,1815590,0
OtherGrain,9,nic,0,1517656,0
OtherGrain,9,pan,0,137556,0
OtherGrain,9,slv,0,2737122,0
OtherGrain,10,arm,0,2036314,0
OtherGrain,10,aze,0,6716248,0
OtherGrain,10,geo,0,863275,0
OtherGrain,10,kaz,0,43206989,0
OtherGrain,10,kgz,0,3586220,0
OtherGrain,10,mng,0,94507,0
OtherGrain,10,tjk,0,1018690,0
OtherGrain,10,tkm,0,1003839,0
OtherGrain,10,uzb,0,3369426,0
OtherGrain,11,chn,0,202202106,0
OtherGrain,12,bgr,0,15932576,0
OtherGrain,12,cyp,0,1381704,0
OtherGrain,12,cze,0,91600812,0
OtherGrain,12,est,0,7876202,0
OtherGrain,12,hun,0,31892476,0
OtherGrain,12,ltu,0,25223400,0
OtherGrain,12,lva,0,9644367,0
OtherGrain,12,mlt,0,35410,0
OtherGrain,12,pol,0,219368827,0
OtherGrain,12,rom,0,29021050,0
OtherGrain,12,svk,0,15091250,0
OtherGrain,12,svn,0,1338527,0
OtherGrain,13,aut,0,29824004,0
OtherGrain,13,bel,0,10973240,0
OtherGrain,13,deu,0,341884829,0
OtherGrain,13,dnk,0,77692555,0
OtherGrain,13,esp,0,174359885,0
OtherGrain,13,fin,0,54128420,0
OtherGrain,13,fra,0,231514760,0
OtherGrain,13,gbr,0,125549134,0
OtherGrain,13,grc,0,7901029,0
OtherGrain,13,irl,0,24124790,0
OtherGrain,13,ita,0,31983777,0
OtherGrain,13,lux,0,1092869,0
OtherGrain,13,nld,0,5842750,0
OtherGrain,13,prt,0,2896085,0
OtherGrain,13,swe,0,53003700,0
OtherGrain,14,blr,0,83892537,0
OtherGrain,14,ukr,0,198993079,0
OtherGrain,15,alb,0,489180,0
OtherGrain,15,bih,0,2135586,0
OtherGrain,15,hrv,0,4373756,0
OtherGrain,15,mne,0,19530,0
OtherGrain,15,scg,0,5107163,0
OtherGrain,15,srb,0,3487380,0
OtherGrain,15,tur,0,153243665,0
OtherGrain,16,che,0,6227006,0
OtherGrain,16,nor,0,16462517,0
OtherGrain,17,ind,0,356000400,0
OtherGrain,19,jpn,0,3971231,0
OtherGrain,20,mex,0,124519396,0
OtherGrain,21,are,0,118,0
OtherGrain,21,irq,0,14459863,0
OtherGrain,21,isr,0,504664,0
OtherGrain,21,jor,0,580259,0
OtherGrain,21,kwt,0,37998,0
OtherGrain,21,lbn,0,460799,0
OtherGrain,21,omn,0,282010,0
OtherGrain,21,qat,0,69073,0
OtherGrain,21,sau,0,7276110,0
OtherGrain,21,syr,0,16372042,0
OtherGrain,21,yem,0,9244604,0
OtherGrain,22,pak,0,9676922,0
OtherGrain,23,rus,0,994844402,0
OtherGrain,24,zaf,0,9968961,0
OtherGrain,26,chl,0,8722326,0
OtherGrain,26,ecu,0,661757,0
OtherGrain,26,per,0,4133535,0
OtherGrain,26,pry,0,824692,0
OtherGrain,26,ury,0,7867755,0
OtherGrain,27,afg,0,5641801,0
OtherGrain,27,bgd,0,586505,0
OtherGrain,27,btn,0,240980,0
OtherGrain,27,lka,0,99400,0
OtherGrain,27,mdv,0,921,0
OtherGrain,27,npl,0,5734745,0
OtherGrain,29,fji,0,536,0
OtherGrain,29,mmr,0,6402986,0
OtherGrain,29,ncl,0,1459,0
OtherGrain,29,phl,0,3570,0
OtherGrain,29,png,0,67321,0
OtherGrain,29,tha,0,4484946,0
OtherGrain,29,vnm,0,24144,0
OtherGrain,31,arg,0,87086851,0
OtherGrain,32,col,0,4154307,0
OtherGrain,NA,NA,0,165807128,0
PalmFruit,1,pri,0,77885,0
PalmFruit,2,com,0,1441607,0
PalmFruit,2,ken,0,1198546,0
PalmFruit,2,mdg,0,1443765,0
PalmFruit,2,mus,0,33968,0
PalmFruit,2,som,0,200122,0
PalmFruit,4,moz,0,6505569,0
PalmFruit,5,ben,0,361719,0
PalmFruit,5,cmr,0,88770,0
PalmFruit,5,cog,0,59525,0
PalmFruit,5,cpv,0,101023,0
PalmFruit,5,gha,0,5499800,0
PalmFruit,5,gin,0,556009,0
PalmFruit,5,gnb,0,783930,0
PalmFruit,5,gnq,0,123239,0
PalmFruit,5,lbr,0,123727,0
PalmFruit,5,nga,0,3409724,0
PalmFruit,5,sen,0,77136,0
PalmFruit,5,sle,0,54565,0
PalmFruit,5,stp,0,486356,0
PalmFruit,5,tgo,0,259885,0
PalmFruit,7,bra,0,42952880,0
PalmFruit,9,bhs,0,2559,0
PalmFruit,9,blz,0,27160,0
PalmFruit,9,brb,0,32272,0
PalmFruit,9,cri,0,276779,0
PalmFruit,9,cub,0,1376899,0
PalmFruit,9,dma,0,184198,0
PalmFruit,9,dom,0,2599773,0
PalmFruit,9,glp,0,4588,0
PalmFruit,9,grd,0,136445,0
PalmFruit,9,gtm,0,450227,0
PalmFruit,9,hnd,0,332368,0
PalmFruit,9,hti,0,577886,0
PalmFruit,9,jam,0,4318941,0
PalmFruit,9,kna,0,23720,0
PalmFruit,9,lca,0,261103,0
PalmFruit,9,mtq,0,19744,0
PalmFruit,9,nic,0,97625,0
PalmFruit,9,pan,0,277392,0
PalmFruit,9,slv,0,1150167,0
PalmFruit,9,tto,0,352586,0
PalmFruit,9,vct,0,86237,0
PalmFruit,11,chn,0,4838211,0
PalmFruit,17,ind,0,172128270,0
PalmFruit,18,idn,0,296268000,0
PalmFruit,20,mex,0,20818620,0
PalmFruit,22,pak,0,161438,0
PalmFruit,25,guf,0,5329,0
PalmFruit,25,guy,0,1430539,0
PalmFruit,25,sur,0,142600,0
PalmFruit,26,ecu,0,426958,0
PalmFruit,26,per,0,412493,0
PalmFruit,27,bgd,0,1565404,0
PalmFruit,27,lka,0,36152180,0
PalmFruit,27,mdv,0,241937,0
PalmFruit,27,npl,0,5703,0
PalmFruit,29,asm,0,98802,0
PalmFruit,29,brn,0,4476,0
PalmFruit,29,cok,0,58014,0
PalmFruit,29,fji,0,3438041,0
PalmFruit,29,gum,0,874951,0
PalmFruit,29,khm,0,1141544,0
PalmFruit,29,kir,0,2164686,0
PalmFruit,29,mhl,0,525847,0
PalmFruit,29,mmr,0,6350220,0
PalmFruit,29,mys,0,12088039,0
PalmFruit,29,ncl,0,307186,0
PalmFruit,29,niu,0,44780,0
PalmFruit,29,nru,0,37467,0
PalmFruit,29,phl,0,253941501,0
PalmFruit,29,png,0,15799760,0
PalmFruit,29,pyf,0,1534513,0
PalmFruit,29,sgp,0,2868,0
PalmFruit,29,slb,0,5731000,0
PalmFruit,29,syc,0,53154,0
PalmFruit,29,tha,0,28732608,0
PalmFruit,29,tkl,0,57052,0
PalmFruit,29,ton,0,1083815,0
PalmFruit,29,tuv,0,32197,0
PalmFruit,29,vnm,0,19068105,0
PalmFruit,29,vut,0,5933404,0
PalmFruit,29,wsm,0,2659797,0
PalmFruit,32,col,0,1812604,0
PalmFruit,NA,NA,0,11108794,0
Rice,1,usa,41446807.49834084,164911550,0.2513274994889129
Rice,2,bdi,722181.6277826495,1133542,0.6371017816566563
Rice,2,com,537606.6326168518,359023,1.4974155767648643
Rice,2,eth,930869.694781209,1159234,0.8030041344380936
Rice,2,ken,608400.7975373623,1036206,0.5871427086287498
Rice,2,mdg,40455537.970493555,59397269,0.681100977394997
Rice,2,mus,10197,831,12.270758122743683
Rice,2,rwa,437408.7622807812,739957,0.5911272712884413
Rice,2,som,65635.81287929873,195756,0.3352940031431922
Rice,2,uga,2953201.192317961,2535733,1.1646341284030932
Rice,3,dza,13333.992888138862,8296,1.60727975990102
Rice,3,egy,20678440.48649263,103762456,0.19928634386306962
Rice,3,mar,218950.83518399048,644816,0.33955552465197897
Rice,4,ago,500042.0872914557,204453,2.445755686106126
Rice,4,moz,6061202.810508172,2742989,2.209707297589663
Rice,4,mwi,1753987.1615373725,1582154,1.1086071024295818
Rice,4,swz,2902.35544881417,3331,0.8713165562336145
Rice,4,zmb,651139.1989180775,385425,1.689405718150295
Rice,4,zwe,8606.392598633907,9809,0.8773975531281382
Rice,5,ben,1289224.999307143,1456289,0.8852810117408997
Rice,5,bfa,2759935.2551571624,2456341,1.123596135535401
Rice,5,caf,636663.8155114133,540776,1.1773152201862014
Rice,5,cmr,2354690.2707420546,1381758,1.7041263888047362
Rice,5,cog,62470.4471508775,22621,2.761612976918682
Rice,5,gab,17028.551371571073,20050,0.8493043078090311
Rice,5,gha,4686813.937605241,5154215,0.9093167315692576
Rice,5,gin,28863625.384037223,22558756,1.2794865720448956
Rice,5,gmb,1364029.6950641805,623787,2.1866914428549817
Rice,5,gnb,2616120.2334532943,2242123,1.1668049582709308
Rice,5,lbr,5815398.8246802725,3398990,1.7109196628057959
Rice,5,mli,16226280.408007056,19948236,0.8134193122643554
Rice,5,mrt,740175.8464867026,1605913,0.4609065662253824
Rice,5,ner,631858.2116859597,1022047,0.6182281359721811
Rice,5,nga,75239280.24403256,64283020,1.1704378581471835
Rice,5,sen,3477751.633921958,4908956,0.7084503576568945
Rice,5,sle,17047368.111230113,10845813,1.5717925536084858
Rice,5,tcd,3413175.193583248,2359574,1.4465217846879344
Rice,5,tgo,1473497.6620397174,1519936,0.9694471754335166
Rice,6,aus,4216581.366168127,14550226,0.2897949053278023
Rice,7,bra,106243775.1447273,199745641,0.5318953375544616
Rice,9,blz,144743.97309850747,251250,0.5760954153174427
Rice,9,cri,1941075.2553868983,4028617,0.48182174065861766
Rice,9,cub,6141272.24494375,9537700,0.6438944656409564
Rice,9,dom,4743358.563460012,10949407,0.43320689088094105
Rice,9,gtm,419062.82028063404,579331,0.7233564581916625
Rice,9,hnd,313559.23495256255,566957,0.55305646627974
Rice,9,hti,1844970.4765577216,2136887,0.8633916891991582
Rice,9,jam,1612.0965824665677,673,2.3953886812281837
Rice,9,nic,2791167.805209703,5515593,0.5060503567267749
Rice,9,pan,3501783.9987990973,4268456,0.8203865750986065
Rice,9,slv,252375.2028771835,696584,0.3623040478638377
Rice,9,tto,101541.7654966764,80485,1.2616234763828837
Rice,10,aze,98715.99484173092,170406,0.5792988207089593
Rice,10,kaz,2736582.3560745427,4762910,0.5745610049475095
Rice,10,kgz,203286.85880850922,301555,0.6741286292998266
Rice,10,tjk,519927.7762865534,973473,0.5340957338175311
Rice,10,tkm,1791392.5526686292,1562600,1.146417862964693
Rice,10,uzb,3752406.9510246557,4393476,0.8540861384071873
Rice,11,chn,991730421.4803753,3423174390,0.28971075045942235
Rice,12,bgr,236388.07812838382,470994,0.5018919097236564
Rice,12,hun,90780.61601381387,167368,0.5424012715322754
Rice,12,rom,332867.34946261166,436928,0.7618357016776486
Rice,13,esp,3720512.281394484,14333131,0.259574288506432
Rice,13,fra,667172.5389760078,2030621,0.32855591416419305
Rice,13,grc,890947.565854997,3487913,0.2554385862993134
Rice,13,ita,7602768.719806499,25797008,0.2947151359493511
Rice,13,prt,883440.661342628,2782975,0.31744469905142086
Rice,14,ukr,775642.901451977,1774546,0.43709371380171436
Rice,15,tur,2838497.227047005,9429325,0.30102867671302086
Rice,17,ind,1437636067.4277716,2420341000,0.5939807933790204
Rice,18,idn,400160836.8869406,1002080228,0.3993301391502364
Rice,19,jpn,57816365.60183955,196482600,0.29425692454110214
Rice,20,mex,2373530.696178596,5419605,0.43795270987066326
Rice,21,irq,3486759.508152436,4325517,0.8060908113764056
Rice,21,syr,618,275,2.247272727272727
Rice,22,pak,82040996.55239883,135489860,0.6055139222403716
Rice,23,rus,5447879.597924458,22619630,0.24084742314195492
Rice,24,zaf,41755.82015306123,51744,0.8069693134095012
Rice,25,guf,247752.4583440888,340912,0.7267343430096002
Rice,25,guy,4179652.5389238065,9406801,0.44432241512537646
Rice,25,sur,1674051.133169417,3556695,0.47067604424034587
Rice,26,chl,863460.8838713504,2242246,0.38508748989689373
Rice,26,ecu,12217696.552825795,25540505,0.47836550423829893
Rice,26,per,10958193.044378512,38676150,0.2833320546222546
Rice,26,pry,1661298.4908932208,3003916,0.5530442565282188
Rice,26,ury,5664697.496738571,20828447,0.2719692686035868
Rice,27,afg,5839683.963963964,8325000,0.7014635392148906
Rice,27,bgd,357224702.210312,702780700,0.5083018105225598
Rice,27,btn,800343.5647750895,1077073,0.7430727209530733
Rice,27,lka,29688209.140478104,56040911,0.5297595740454345
Rice,27,npl,50371377.47126058,74125628,0.6795406505191508
Rice,29,brn,38472.24648776637,12670,3.0364835428387034
Rice,29,fji,196863.6091255827,233607,0.8427128002396448
Rice,29,khm,80605760.38151203,98700270,0.8166721365758375
Rice,29,lao,24944020.201131444,43807720,0.569397818492527
Rice,29,mmr,232672873.2901638,449531300,0.5175899281989125
Rice,29,mys,22357912.892995317,40879762,0.5469188615382672
Rice,29,phl,137703076.6422611,249787045,0.5512818995166907
Rice,29,png,13168.548315928812,13598,0.9684180258809246
Rice,29,slb,30644.177624799042,48518,0.6316043040685734
Rice,29,tha,345076544.93177855,519502289,0.6642445129472346
Rice,29,vnm,244757339.79060665,620606298,0.39438423454511357
Rice,31,arg,6619188.7889917,20416922,0.32420111067631546
Rice,32,col,15364283.33169679,42585700,0.3607850365661898
Rice,NA,NA,24666527.635122318,252728617,0.0976008491951757
RootTuber,1,pri,0,184487,0
RootTuber,1,usa,0,382908247,0
RootTuber,2,bdi,0,28133229,0
RootTuber,2,com,0,1393019,0
RootTuber,2,eri,0,1818208,0
RootTuber,2,eth,0,198203422,0
RootTuber,2,ken,0,51765824,0
RootTuber,2,mdg,0,68967618,0
RootTuber,2,mus,0,299993,0
RootTuber,2,rwa,0,51853927,0
RootTuber,2,som,0,1450417,0
RootTuber,2,uga,0,132774206,0
RootTuber,3,dza,0,34852734,0
RootTuber,3,egy,0,56188024,0
RootTuber,3,mar,0,24708085,0
RootTuber,3,tun,0,5828000,0
RootTuber,4,ago,0,148511010,0
RootTuber,4,bwa,0,1607457,0
RootTuber,4,lso,0,1632490,0
RootTuber,4,moz,0,114383248,0
RootTuber,4,mwi,0,83677973,0
RootTuber,4,nam,0,5299776,0
RootTuber,4,swz,0,1011798,0
RootTuber,4,zmb,0,19565639,0
RootTuber,4,zwe,0,4191029,0
RootTuber,5,ben,0,85874659,0
RootTuber,5,bfa,0,2029487,0
RootTuber,5,caf,0,19434555,0
RootTuber,5,cmr,0,79251022,0
RootTuber,5,cog,0,18613309,0
RootTuber,5,cpv,0,209893,0
RootTuber,5,gab,0,8292223,0
RootTuber,5,gha,0,281615826,0
RootTuber,5,gin,0,21839443,0
RootTuber,5,gmb,0,167872,0
RootTuber,5,gnb,0,2063223,0
RootTuber,5,gnq,0,2552279,0
RootTuber,5,lbr,0,9133526,0
RootTuber,5,mli,0,5338446,0
RootTuber,5,mrt,0,120471,0
RootTuber,5,ner,0,3416629,0
RootTuber,5,nga,0,1347123659,0
RootTuber,5,sen,0,4385672,0
RootTuber,5,sle,0,9972082,0
RootTuber,5,stp,0,587941,0
RootTuber,5,tcd,0,12891164,0
RootTuber,5,tgo,0,25458740,0
RootTuber,6,aus,0,23429253,0
RootTuber,6,nzl,0,9393475,0
RootTuber,7,bra,0,491112405,0
RootTuber,8,can,0,81695996,0
RootTuber,9,bhs,0,18055,0
RootTuber,9,blz,0,39968,0
RootTuber,9,bmu,0,20005,0
RootTuber,9,brb,0,72612,0
RootTuber,9,cri,0,8857662,0
RootTuber,9,cub,0,24085837,0
RootTuber,9,cym,0,600,0
RootTuber,9,dma,0,549006,0
RootTuber,9,dom,0,4935527,0
RootTuber,9,glp,0,258961,0
RootTuber,9,grd,0,57910,0
RootTuber,9,gtm,0,6457719,0
RootTuber,9,hnd,0,822079,0
RootTuber,9,hti,0,16042910,0
RootTuber,9,jam,0,4237775,0
RootTuber,9,kna,0,15785,0
RootTuber,9,lca,0,116414,0
RootTuber,9,msr,0,3132,0
RootTuber,9,mtq,0,235459,0
RootTuber,9,nic,0,2519715,0
RootTuber,9,pan,0,1393379,0
RootTuber,9,slv,0,1381324,0
RootTuber,9,tto,0,153614,0
RootTuber,9,vct,0,261039,0
RootTuber,10,arm,0,8793302,0
RootTuber,10,aze,0,12810010,0
RootTuber,10,geo,0,5764396,0
RootTuber,10,kaz,0,39685547,0
RootTuber,10,kgz,0,20060691,0
RootTuber,10,mng,0,1817046,0
RootTuber,10,tjk,0,8506074,0
RootTuber,10,tkm,0,2655904,0
RootTuber,10,uzb,0,18545500,0
RootTuber,11,chn,0,3097766568,0
RootTuber,12,bgr,0,7404406,0
RootTuber,12,cyp,0,2463601,0
RootTuber,12,cze,0,37791028,0
RootTuber,12,est,0,4934579,0
RootTuber,12,hun,0,14400257,0
RootTuber,12,ltu,0,20790100,0
RootTuber,12,lva,0,12451500,0
RootTuber,12,mlt,0,429621,0
RootTuber,12,pol,0,282986640,0
RootTuber,12,rom,0,65761020,0
RootTuber,12,svk,0,6341437,0
RootTuber,12,svn,0,2707084,0
RootTuber,13,aut,0,12574634,0
RootTuber,13,bel,0,78927980,0
RootTuber,13,deu,0,209271180,0
RootTuber,13,dnk,0,27810780,0
RootTuber,13,esp,0,51641001,0
RootTuber,13,fin,0,12516200,0
RootTuber,13,fra,0,120117428,0
RootTuber,13,fro,0,25532,0
RootTuber,13,gbr,0,113395400,0
RootTuber,13,grc,0,16628274,0
RootTuber,13,irl,0,8289669,0
RootTuber,13,ita,0,33241594,0
RootTuber,13,lux,0,264234,0
RootTuber,13,nld,0,128568898,0
RootTuber,13,prt,0,14110442,0
RootTuber,13,swe,0,17057950,0
RootTuber,14,blr,0,148443719,0
RootTuber,14,ukr,0,334423300,0
RootTuber,15,alb,0,3052825,0
RootTuber,15,bih,0,6940134,0
RootTuber,15,hrv,0,7821375,0
RootTuber,15,mne,0,875219,0
RootTuber,15,scg,0,10545001,0
RootTuber,15,srb,0,5772256,0
RootTuber,15,tur,0,87038816,0
RootTuber,16,che,0,9544700,0
RootTuber,16,isl,0,189182,0
RootTuber,16,nor,0,6680656,0
RootTuber,17,ind,0,646569800,0
RootTuber,18,idn,0,402128619,0
RootTuber,19,jpn,0,77825896,0
RootTuber,20,mex,0,31230929,0
RootTuber,21,are,0,131487,0
RootTuber,21,bhr,0,712,0
RootTuber,21,irq,0,10596918,0
RootTuber,21,isr,0,8884274,0
RootTuber,21,jor,0,2297584,0
RootTuber,21,kwt,0,493342,0
RootTuber,21,lbn,0,6606135,0
RootTuber,21,omn,0,190044,0
RootTuber,21,qat,0,639,0
RootTuber,21,sau,0,7266517,0
RootTuber,21,syr,0,9938751,0
RootTuber,21,yem,0,4219125,0
RootTuber,22,pak,0,45329210,0
RootTuber,23,rus,0,1217621460,0
RootTuber,24,zaf,0,33250391,0
RootTuber,25,guf,0,394300,0
RootTuber,25,guy,0,774075,0
RootTuber,25,sur,0,91256,0
RootTuber,26,chl,0,19587107,0
RootTuber,26,ecu,0,8870059,0
RootTuber,26,per,0,84428708,0
RootTuber,26,pry,0,64337876,0
RootTuber,26,ury,0,3460878,0
RootTuber,27,afg,0,4704573,0
RootTuber,27,bgd,0,83170329,0
RootTuber,27,btn,0,1239715,0
RootTuber,27,lka,0,6613064,0
RootTuber,27,mdv,0,70234,0
RootTuber,27,npl,0,31944627,0
RootTuber,29,asm,0,141423,0
RootTuber,29,brn,0,49020,0
RootTuber,29,cok,0,78645,0
RootTuber,29,fji,0,1828403,0
RootTuber,29,gum,0,37951,0
RootTuber,29,khm,0,31250412,0
RootTuber,29,kir,0,173669,0
RootTuber,29,lao,0,6615393,0
RootTuber,29,mmr,0,12047967,0
RootTuber,29,mys,0,2580557,0
RootTuber,29,ncl,0,271136,0
RootTuber,29,niu,0,70973,0
RootTuber,29,phl,0,47928829,0
RootTuber,29,png,0,26541691,0
RootTuber,29,pyf,0,193195,0
RootTuber,29,sgp,0,217,0
RootTuber,29,slb,0,2799791,0
RootTuber,29,syc,0,3262,0
RootTuber,29,tha,0,380980760,0
RootTuber,29,tkl,0,3626,0
RootTuber,29,ton,0,577917,0
RootTuber,29,vnm,0,134009706,0
RootTuber,29,vut,0,760966,0
RootTuber,29,wsm,0,398457,0
RootTuber,31,arg,0,49556300,0
RootTuber,32,col,0,80050817,0
RootTuber,NA,NA,0,600335070,0
Soybean,1,usa,5574393764.346825,1396577970,3.991466201021934
Soybean,2,bdi,191414.00323456086,31527,6.071430939656829
Soybean,2,eth,2620124.433051742,310540,8.437317038229349
Soybean,2,ken,168672.91075375612,44261,3.8108698572954998
Soybean,2,mdg,3771.6543075030754,813,4.639181190040683
Soybean,2,rwa,2811603.5286898566,431081,6.522216308976403
Soybean,2,uga,12607840.649614291,2463000,5.11889591945363
Soybean,3,egy,3027821.9913520627,570075,5.311269554623625
Soybean,3,mar,124415.48791500664,22590,5.5075470524571335
Soybean,4,ago,471899.08799999993,5898,80.01001831129196
Soybean,4,mwi,5849406.853002405,655426,8.924587753617349
Soybean,4,zmb,7959267.565499576,703974,11.30619535025381
Soybean,4,zwe,8541641.380187951,1725392,4.950551167611738
Soybean,5,ben,3571692.9768297076,172419,20.715193666763568
Soybean,5,bfa,1184232.4570716831,166650,7.106105352965395
Soybean,5,cmr,670308.8245471239,137022,4.89197956931824
Soybean,5,gab,220226.74244359008,39275,5.607300889715852
Soybean,5,lbr,237413.66616577862,56678,4.1888151693034095
Soybean,5,mli,207673.2883148967,41573,4.99538855302472
Soybean,5,nga,39366667.09063452,8402450,4.685141487379814
Soybean,5,tgo,96006.40000000001,1200,80.00533333333334
Soybean,6,aus,5494317.976807848,1025722,5.356537128781334
Soybean,7,bra,4850027889.975213,841658457,5.762465581659584
Soybean,8,can,263764599.8686474,54546800,4.835565053653879
Soybean,9,blz,68569.80091422227,10807,6.344943177035465
Soybean,9,gtm,2897055.4294237327,642601,4.508326985833717
Soybean,9,hnd,397810.0853460379,53734,7.403321646369856
Soybean,9,nic,1497675.930861305,179970,8.321808806252736
Soybean,9,pan,8152.188616470589,1700,4.795405068512111
Soybean,9,slv,285625.8485542757,63463,4.500667295184213
Soybean,10,aze,18687.746553642122,1684,11.097236670808861
Soybean,10,geo,213225.02814419853,42791,4.982940995634562
Soybean,10,kaz,7875246.116329847,920184,8.558338458753735
Soybean,10,kgz,33031.57612539618,2479,13.324556726662438
Soybean,10,tjk,2404.7241949062177,572,4.204063277808073
Soybean,11,chn,890688861.1639115,268679754,3.3150576026056338
Soybean,12,bgr,612961.5300283919,52367,11.705110661836498
Soybean,12,cze,1120183.279626793,320114,3.4993261139056493
Soybean,12,hun,5642273.1355123585,1059070,5.327573376181327
Soybean,12,lva,20385.067507886433,634,32.153103324742005
Soybean,12,pol,60514.758626682415,4235,14.289199203466922
Soybean,12,rom,15355065.998028692,2903356,5.288730006939794
Soybean,12,svk,1823625.0812200257,252076,7.234425654247234
Soybean,12,svn,23706.17085413441,3229,7.3416447364925395
Soybean,13,aut,5274937.97142896,988554,5.33601398753023
Soybean,13,deu,153315.10446476424,19554,7.840600616997251
Soybean,13,esp,582896.0079690657,73446,7.936388747774769
Soybean,13,fra,16935526.213867366,3205256,5.283673508096504
Soybean,13,grc,327111.737554485,69744,4.690177471244623
Soybean,13,ita,61489039.481586285,11973262,5.135529438977138
Soybean,14,ukr,115059287.24820063,11430310,10.066156320187346
Soybean,15,alb,49864.594408992845,8807,5.66192737697205
Soybean,15,bih,653488.3939387152,130607,5.00347143674317
Soybean,15,hrv,9165914.422699502,1756935,5.216991193583998
Soybean,15,scg,20552991.22288075,2400661,8.561388393813516
Soybean,15,srb,32275216.742588624,2696072,11.971199857640531
Soybean,15,tur,5587019.30080423,1079169,5.177149548221113
Soybean,16,che,407330.0769102244,79242,5.14033059375362
Soybean,17,ind,745138139.3220295,149424300,4.986726652372
Soybean,18,idn,86281987.51568489,17648894,4.888804222841663
Soybean,19,jpn,17629081.30767757,3797700,4.6420415798187245
Soybean,20,mex,12944885.987769537,2534418,5.107636541316206
Soybean,21,irq,126352.942125675,8148,15.507233937858985
Soybean,21,syr,477702.09812954796,74110,6.445852086486951
Soybean,22,pak,617663.7174498244,49835,12.394175126915309
Soybean,23,rus,74608163.29346763,24083598,3.097882770401151
Soybean,24,zaf,33676498.6242125,5231512,6.437240060657895
Soybean,25,sur,2872.3573231357555,523,5.492079011731846
Soybean,26,ecu,7138730.253033388,1274554,5.6009633589737184
Soybean,26,per,271757.4662264137,51958,5.230329616736858
Soybean,26,pry,402428546.1677764,74835290,5.377523707969548
Soybean,26,ury,106176130.1582765,10037819,10.577609554254416
Soybean,27,bgd,4851201.511403116,473325,10.24919772123407
Soybean,27,btn,48826.272145948125,17387,2.8082056792976435
Soybean,27,lka,319239.53648219764,47002,6.792041540406741
Soybean,27,npl,1615151.2843427476,348338,4.6367358265327
Soybean,29,khm,8949338.836606123,1461182,6.124725623916886
Soybean,29,lao,830631.6223449562,139583,5.950807923206667
Soybean,29,mmr,13673833.668107934,2619662,5.219693864364157
Soybean,29,phl,119980.3656904667,20056,5.982267934307274
Soybean,29,tha,22403554.480777856,4493845,4.985386563350061
Soybean,29,vnm,17885450.315875135,3688072,4.849539357115353
Soybean,31,arg,3509574309.3181853,562928196,6.234497284478152
Soybean,32,col,5747743.201235247,1211104,4.745870875858099
Soybean,NA,NA,82171619.51554234,36598393,2.2452247975899473
SugarCrop,1,pri,251078.71798706555,1651559,0.15202527913750918
SugarCrop,1,usa,4828590.013857548,1048576520,0.004604899997052717
SugarCrop,2,bdi,58561.745985005204,3061461,0.01912869247232129
SugarCrop,2,eth,540173.624812579,77421956,0.006977008237980697
SugarCrop,2,ken,1496390.0062029606,86118554,0.017375930466772126
SugarCrop,2,mdg,1911477.584353891,43946313,0.0434957440992579
SugarCrop,2,mus,1700015.8070074567,87838005,0.019353989278416063
SugarCrop,2,rwa,86089.74006570075,1054478,0.08164204475171673
SugarCrop,2,som,152351.75202156333,3710000,0.04106516226996316
SugarCrop,2,uga,857174.7149829924,37838970,0.022653225364828704
SugarCrop,3,egy,2667227.458686702,349724621,0.007626650508791893
SugarCrop,3,mar,90899.6743610829,66794151,0.0013608927278839565
SugarCrop,3,tun,0,1099158,0
SugarCrop,4,ago,274702.62793914246,7230000,0.037994830973602
SugarCrop,4,moz,926456.8713485878,28265776,0.03277662963679426
SugarCrop,4,mwi,542873.2169208067,40660000,0.013351530175130513
SugarCrop,4,swz,1185682.9442429568,81636646,0.014523905651917116
SugarCrop,4,zmb,610946.9605231291,41290000,0.014796487297726545
SugarCrop,4,zwe,1058045.1064130065,67618426,0.0156472897847845
SugarCrop,5,ben,33695.89482410493,852838,0.03951031124798019
SugarCrop,5,bfa,109170.38927887684,7835000,0.013933680826914721
SugarCrop,5,caf,327646.6270435171,1620307,0.20221268379604426
SugarCrop,5,cmr,3441907.290879075,23726069,0.1450685864092815
SugarCrop,5,cog,366858.12304000754,9538621,0.03846028928500331
SugarCrop,5,cpv,31088.562539174727,352587,0.08817274187413242
SugarCrop,5,gab,94690.21264461167,3853942,0.02456970360337848
SugarCrop,5,gha,138475.94005772803,2529100,0.0547530505150955
SugarCrop,5,gin,128166.95930592853,4841000,0.02647530661142915
SugarCrop,5,gnb,5212.786725231821,102450,0.05088127599054974
SugarCrop,5,lbr,627633.0076004342,4605000,0.1362938127253929
SugarCrop,5,mli,116403.50320217563,5945489,0.01957845741572739
SugarCrop,5,ner,104861.70586084388,3410328,0.03074827578486406
SugarCrop,5,nga,1139417.9944418578,17199272,0.06624803622164112
SugarCrop,5,sen,186373.3197570901,15111446,0.01233325518663734
SugarCrop,5,sle,25432.038834951458,1236000,0.020576083199798915
SugarCrop,5,tcd,95218.10573216152,6504719,0.014638311928949047
SugarCrop,6,aus,10089644.078631235,621621393,0.01623117253081931
SugarCrop,7,bra,173642990.1252112,8440305287,0.020573069838203735
SugarCrop,8,can,0,12507200,0
SugarCrop,9,bhs,55209.424083769634,955000,0.057810915270962965
SugarCrop,9,blz,607700.0423424556,19611522,0.030986888337501576
SugarCrop,9,brb,189309.76082478592,7131111,0.02654702203131965
SugarCrop,9,cri,1250247.1664140408,69718372,0.017932822160764753
SugarCrop,9,cub,22262422.515222266,436860000,0.05096008450126417
SugarCrop,9,dma,5620.280146163215,82100,0.06845651822366888
SugarCrop,9,dom,3154498.053847146,90153376,0.034990348601555935
SugarCrop,9,glp,305963.7398768181,12722161,0.024049667338498396
SugarCrop,9,grd,3772.6171243941844,123800,0.03047348242644737
SugarCrop,9,gtm,5144453.040807809,338763600,0.015185967562063364
SugarCrop,9,hnd,1642608.479345456,92141322,0.017827055697610415
SugarCrop,9,hti,514238.81277362123,18636391,0.0275932616338443
SugarCrop,9,jam,856925.4127907658,34185600,0.025066853084069484
SugarCrop,9,kna,89957.64777422989,2270203,0.039625376133425025
SugarCrop,9,mtq,85327.730997438,3737325,0.022831231160639762
SugarCrop,9,nic,1303343.0079810387,75447575,0.01727481642691682
SugarCrop,9,pan,820034.8212467865,32146499,0.02550930417793821
SugarCrop,9,slv,1624102.7044103488,95557503,0.016996077266798703
SugarCrop,9,tto,520951.4051614556,13700205,0.03802508102334641
SugarCrop,9,vct,19552.267074530435,349790,0.05589715850804893
SugarCrop,10,arm,0,188911,0
SugarCrop,10,aze,0,1984639,0
SugarCrop,10,geo,0,14262,0
SugarCrop,10,kaz,0,4882371,0
SugarCrop,10,kgz,0,5402881,0
SugarCrop,10,tkm,0,3175000,0
SugarCrop,10,uzb,0,615600,0
SugarCrop,11,chn,32903961.787412398,1883854673,0.017466295176057033
SugarCrop,12,bgr,0,635706,0
SugarCrop,12,cze,0,122887298,0
SugarCrop,12,est,0,15620,0
SugarCrop,12,hun,0,42883605,0
SugarCrop,12,ltu,0,14929700,0
SugarCrop,12,lva,0,5520758,0
SugarCrop,12,pol,0,226806966,0
SugarCrop,12,rom,0,22311129,0
SugarCrop,12,svk,0,22237486,0
SugarCrop,12,svn,0,3413543,0
SugarCrop,13,aut,0,53433686,0
SugarCrop,13,bel,0,147154900,0
SugarCrop,13,deu,0,459093500,0
SugarCrop,13,dnk,0,51399510,0
SugarCrop,13,esp,227.89291464022563,115678586,1.9700527342219208e-6
SugarCrop,13,fin,0,16053900,0
SugarCrop,13,fra,0,573710899,0
SugarCrop,13,gbr,0,156801119,0
SugarCrop,13,grc,0,34978678,0
SugarCrop,13,irl,0,16501970,0
SugarCrop,13,ita,0,157628586,0
SugarCrop,13,nld,0,108594280,0
SugarCrop,13,prt,22.3468014028306,4867587,4.590940316594362e-6
SugarCrop,13,swe,0,43092900,0
SugarCrop,14,blr,0,47071681,0
SugarCrop,14,ukr,0,302426100,0
SugarCrop,15,alb,0,817354,0
SugarCrop,15,bih,0,43671,0
SugarCrop,15,hrv,0,19686618,0
SugarCrop,15,scg,0,23019370,0
SugarCrop,15,srb,0,20122392,0
SugarCrop,15,tur,0,281415640,0
SugarCrop,16,che,0,24409636,0
SugarCrop,17,ind,109865981.95485386,5340525992,0.020572127561860176
SugarCrop,18,idn,9936958.814401746,482210781,0.02060708554419845
SugarCrop,19,jpn,152677.0624481698,95263000,0.0016026900522571176
SugarCrop,20,mex,16518561.78853001,869758646,0.018992121394249422
SugarCrop,21,irq,87249.80225131313,754493,0.11564030713513992
SugarCrop,21,lbn,58.43844412873518,2174293,2.6876986739475855e-5
SugarCrop,21,omn,1326.4673962195893,11057,0.11996630154830328
SugarCrop,21,syr,1.7268096263019087e-4,22440227,7.695152220616612e-12
SugarCrop,22,pak,25715583.91603663,912786585,0.028172613772623124
SugarCrop,23,rus,0,820842704,0
SugarCrop,24,zaf,8127694.394759373,360800300,0.022526850434324397
SugarCrop,25,guf,2083.984855946811,89342,0.023325925723028485
SugarCrop,25,guy,1127646.901925041,55247130,0.020410958938953772
SugarCrop,25,sur,68691.18730593126,1900100,0.03615135377397572
SugarCrop,26,chl,0,43789501,0
SugarCrop,26,ecu,2340464.693994823,123216363,0.018994755542288022
SugarCrop,26,per,1706407.7832948256,146771936,0.011626253831623681
SugarCrop,26,pry,1969958.757644519,64183240,0.030692728469994955
SugarCrop,26,ury,118747.01701473077,3925187,0.030252575740908845
SugarCrop,27,afg,64013.907179881804,1161774,0.05510013753094991
SugarCrop,27,bgd,3744255.0513593787,117322097,0.031914320891821245
SugarCrop,27,btn,10462.80409731114,234300,0.044655587269787196
SugarCrop,27,lka,451024.6020187185,18058387,0.024975907428427493
SugarCrop,27,npl,1457255.8661044966,40117867,0.03632436056743736
SugarCrop,29,asm,696.7633928571429,448,1.5552754304846939
SugarCrop,29,fji,1532819.9622641806,50901240,0.030113607492944783
SugarCrop,29,khm,340306.98134601925,4286967,0.07938175902590788
SugarCrop,29,lao,355046.2225851806,6532735,0.05434878693000414
SugarCrop,29,mmr,3391402.2670689104,134615317,0.02519328663816845
SugarCrop,29,mys,436850.4922464035,21097564,0.020706205334720326
SugarCrop,29,phl,9603775.407082617,527396015,0.018209798963085864
SugarCrop,29,png,199374.6971881463,6812481,0.02926609221928785
SugarCrop,29,pyf,1009.040590405904,54200,0.01861698506283956
SugarCrop,29,tha,25737468.00515373,1130138865,0.0227737217099898
SugarCrop,29,vnm,7154689.565667363,278393631,0.02569990390932242
SugarCrop,29,wsm,25,216,0.11574074074074074
SugarCrop,31,arg,7632835.751123792,387286388,0.019708505095004245
SugarCrop,32,col,9823076.355042476,627866351,0.01564517088612458
SugarCrop,NA,NA,1695040.8098486024,585177808,0.002896625242235096
Vegetables,1,pri,0.007824763239068153,683073,1.145523719875936e-8
Vegetables,1,usa,198231.11290200806,590468936,3.357181060952681e-4
Vegetables,2,com,0,10225,0
Vegetables,2,dji,0,6043,0
Vegetables,2,eri,157842.6637947617,32224,4.898295177344889
Vegetables,2,eth,16827497.361282017,44903116,0.3747512168483367
Vegetables,2,ken,20614.379566153606,21580336,9.552390456827737e-4
Vegetables,2,mdg,303.02446540822274,1220449,2.4828933073665736e-4
Vegetables,2,mus,232.12329345623976,1167302,1.988545324656685e-4
Vegetables,2,rwa,125.99093409401053,5432966,2.319008329778072e-5
Vegetables,2,som,0,317941,0
Vegetables,2,uga,0,3479750,0
Vegetables,3,dza,38878.75859639802,44673015,8.70296276094148e-4
Vegetables,3,egy,666890.0577114446,243350022,0.0027404561225453455
Vegetables,3,mar,329806.67528669734,55727306,0.0059182239185705
Vegetables,3,tun,102876.50014524061,28967332,0.0035514661876779197
Vegetables,4,ago,0,569035,0
Vegetables,4,bwa,0,12321,0
Vegetables,4,moz,0,612619,0
Vegetables,4,mwi,0,2318633,0
Vegetables,4,nam,0,337909,0
Vegetables,4,swz,0,69262,0
Vegetables,4,zmb,0,971325,0
Vegetables,4,zwe,0,633594,0
Vegetables,5,ben,0,4914320,0
Vegetables,5,bfa,3504.349559739089,1244342,0.00281622701776448
Vegetables,5,caf,0,473786,0
Vegetables,5,cmr,55.56664710965533,15925073,3.489255409357014e-6
Vegetables,5,cog,4655.654065302624,243834,0.019093539314872513
Vegetables,5,cpv,213.9275706616995,338220,6.325101137179927e-4
Vegetables,5,gab,0,9686,0
Vegetables,5,gha,2711.2009819769264,13305666,2.037628918369758e-4
Vegetables,5,gin,0,5650151,0
Vegetables,5,lbr,0,512938,0
Vegetables,5,mli,75.90827218143973,1856519,4.0887420048725454e-5
Vegetables,5,ner,4034.337849052752,12289598,3.282725642492742e-4
Vegetables,5,nga,0,88888151,0
Vegetables,5,sen,1535.4910128481688,4816523,3.1879657023296034e-4
Vegetables,5,sle,4364.094473543206,477443,0.009140555990020182
Vegetables,5,tcd,0,358632,0
Vegetables,5,tgo,0,171235,0
Vegetables,6,aus,2005689.5467705994,32871267,0.06101649646697827
Vegetables,6,nzl,23799.5267976781,11101072,0.002143894463316525
Vegetables,7,bra,3224.2929845348453,85680033,3.763178971388638e-5
Vegetables,8,can,18390.398617157996,38802926,4.7394360459203507e-4
Vegetables,9,bhs,0,87678,0
Vegetables,9,blz,338.0947657309129,60486,0.005589636704872415
Vegetables,9,bmu,2.7071105497771173,13460,2.011226262835897e-4
Vegetables,9,brb,368.3786921354988,146481,0.002514856480604985
Vegetables,9,cri,0.47192570465594696,1505451,3.134779575395991e-7
Vegetables,9,cub,0,23611773,0
Vegetables,9,cym,0,982,0
Vegetables,9,dma,0,80647,0
Vegetables,9,dom,22749.8620707862,7903363,0.0028785040078237833
Vegetables,9,glp,322.1442575999658,280396,0.001148890346509814
Vegetables,9,grd,0,17150,0
Vegetables,9,gtm,41323.98147583038,11554420,0.00357646523805006
Vegetables,9,hnd,0,4405674,0
Vegetables,9,hti,0,375116,0
Vegetables,9,jam,644.4460080383523,3057654,2.107648569911286e-4
Vegetables,9,kna,0,9174,0
Vegetables,9,lca,0,14160,0
Vegetables,9,msr,0,8573,0
Vegetables,9,mtq,286.3872539358786,360847,7.936528610072375e-4
Vegetables,9,nic,0,502737,0
Vegetables,9,pan,0,1015704,0
Vegetables,9,slv,0,1181138,0
Vegetables,9,tto,0,275781,0
Vegetables,9,vct,0,28118,0
Vegetables,10,arm,5.8383611072253805,8183790,7.134055379262396e-7
Vegetables,10,aze,280.247348801283,14479564,1.9354681453204187e-5
Vegetables,10,geo,0,5442300,0
Vegetables,10,kaz,5.265778125199321,29741647,1.7705065644815572e-7
Vegetables,10,kgz,486.14728557983034,10379441,4.683752097823287e-5
Vegetables,10,mng,0,633840,0
Vegetables,10,tjk,98.68309552668654,10407699,9.481739962568723e-6
Vegetables,10,tkm,0,8038029,0
Vegetables,10,uzb,1555.2472207267854,58934092,2.6389601806824908e-5
Vegetables,11,chn,5017802.6258292785,3848653570,0.0013037813184701055
Vegetables,12,bgr,1110.0351817851106,13416451,8.273687145617799e-5
Vegetables,12,cyp,462.1662124343157,1561445,2.959862258576611e-4
Vegetables,12,cze,5465.899145832666,11161284,4.897195650458017e-4
Vegetables,12,est,2.0385162416012697,850575,2.39663315004705e-6
Vegetables,12,hun,52553.63982145631,25546982,0.0020571369182260475
Vegetables,12,ltu,432.3931633656406,4473609,9.665421438611211e-5
Vegetables,12,lva,3.179532962336752,2412511,1.3179351150468339e-6
Vegetables,12,mlt,831.9526635171042,782031,0.0010638359138155703
Vegetables,12,pol,3716.064329990358,79360899,4.682487694589193e-5
Vegetables,12,rom,5274.831199550491,54072349,9.75513602997068e-5
Vegetables,12,svk,2498.0346023678003,6136752,4.070613579248111e-4
Vegetables,12,svn,533.797878900341,1204761,4.4307367096074735e-4
Vegetables,13,aut,17661.59872185661,8418863,0.0020978603312414765
Vegetables,13,bel,42943.00116473273,43994650,9.760959835964766e-4
Vegetables,13,deu,130910.83360305712,47041487,0.002782880430694232
Vegetables,13,dnk,6018.16785187905,4091295,0.0014709689357230535
Vegetables,13,esp,38309.59075561544,182844687,2.095198465111291e-4
Vegetables,13,fin,931.9107831871326,3767876,2.47330534016282e-4
Vegetables,13,fra,1307549.1035475351,89317586,0.014639324259698813
Vegetables,13,gbr,925466.2260445341,44379724,0.020853356952930446
Vegetables,13,grc,8521.688585689952,53819435,1.583384995715758e-4
Vegetables,13,irl,2188.256844276857,2086074,0.0010489833267069417
Vegetables,13,ita,63760.49297211708,203093440,3.139465901612434e-4
Vegetables,13,lux,4341.318767284555,13958,0.31102727950168757
Vegetables,13,nld,6852.031926596857,68219150,1.0044147320212664e-4
Vegetables,13,prt,12331.402812431656,32170425,3.833148866523105e-4
Vegetables,13,swe,34920.464270516604,4806640,0.007265046741698276
Vegetables,14,blr,184.0267561404263,23942275,7.686268583099404e-6
Vegetables,14,ukr,984.3577007800491,107203393,9.182150613274424e-6
Vegetables,15,alb,550.1733646026003,7445852,7.388991408942862e-5
Vegetables,15,bih,52.6453209867244,4653275,1.1313606220720761e-5
Vegetables,15,hrv,1755.1958073936169,5660883,3.1005689525708566e-4
Vegetables,15,mne,129.23666343992278,557466,2.3182878137845676e-4
Vegetables,15,scg,22755.14139375863,11166335,0.0020378343828802046
Vegetables,15,srb,9894.113224993915,7040926,0.0014052289748527273
Vegetables,15,tur,82552.64098971132,335879035,2.4578086866812427e-4
Vegetables,16,che,2646.4569840428417,3803340,6.958244553584065e-4
Vegetables,16,isl,0,62774,0
Vegetables,16,nor,556.5701342388184,2335649,2.3829356818546723e-4
Vegetables,17,ind,674100.7115738426,934719827,7.211794294953396e-4
Vegetables,18,idn,511440.10505853454,124573954,0.004105513942814519
Vegetables,19,jpn,2015.2011465158848,138976187,1.4500334122103125e-5
Vegetables,20,mex,11532.605907195464,157552477,7.31985058362203e-5
Vegetables,21,are,27.216278065908043,9526941,2.8567698767010357e-6
Vegetables,21,bhr,0,171131,0
Vegetables,21,irq,11779.865604444627,42619225,2.7639793085032933e-4
Vegetables,21,isr,12473.821507606903,21196932,5.884729689941404e-4
Vegetables,21,jor,970.6050193036305,17047946,5.693383937886889e-5
Vegetables,21,kwt,64.98211420897388,2929170,2.2184480316599543e-5
Vegetables,21,lbn,4537.854327054409,13728748,3.305366466814315e-4
Vegetables,21,omn,0,1405844,0
Vegetables,21,qat,16.42717036924663,540524,3.039119515367797e-5
Vegetables,21,sau,0,19070063,0
Vegetables,21,syr,37857.71033214742,30181999,0.001254314213321239
Vegetables,21,yem,7292.273770473286,8585642,8.493568413955866e-4
Vegetables,22,pak,9637.456015588816,58902633,1.6361672687176506e-4
Vegetables,23,rus,3932.54152976136,385409834,1.0203531884350828e-5
Vegetables,24,zaf,3112.7765793832036,34125145,9.121650851251193e-5
Vegetables,25,guf,2107.272831426133,264786,0.00795839973195763
Vegetables,25,guy,7307.4381279070785,573987,0.012731016778963771
Vegetables,25,sur,2137.2039479898185,88002,0.024285856548599105
Vegetables,26,chl,4499.086844454895,41066014,1.0955742732798209e-4
Vegetables,26,ecu,19133.99017156491,3667369,0.005217361593983292
Vegetables,26,per,114359.00160459046,37177945,0.003075990391738717
Vegetables,26,pry,59053.43008938363,2411540,0.024487850124560916
Vegetables,26,ury,367.2605940872645,2387654,1.5381650527558201e-4
Vegetables,27,bgd,15370.971768733489,26796839,5.736113788918719e-4
Vegetables,27,btn,0,344975,0
Vegetables,27,lka,12121.891890125527,10011461,0.001210801489425522
Vegetables,27,mdv,0,3780,0
Vegetables,27,npl,35498.1867390902,1047979,0.03387299434348417
Vegetables,29,asm,72.1015239096427,15981,0.0045117028915363675
Vegetables,29,brn,0,69965,0
Vegetables,29,cok,0,6152,0
Vegetables,29,fji,0,189651,0
Vegetables,29,gum,0,8957,0
Vegetables,29,khm,0,182418,0
Vegetables,29,lao,0,344841,0
Vegetables,29,mmr,0,16226437,0
Vegetables,29,mys,0,3888703,0
Vegetables,29,phl,25077.938772361995,18908048,0.001326310297729411
Vegetables,29,png,0.2568593039649313,3959312,6.487473176272324e-8
Vegetables,29,pyf,18.052263005081056,82660,2.183917614938429e-4
Vegetables,29,sgp,0,29562,0
Vegetables,29,syc,0,4003,0
Vegetables,29,tha,227562.20308445126,39235072,0.005799969045155601
Vegetables,29,ton,0,331860,0
Vegetables,29,vnm,0,16722840,0
Vegetables,29,wsm,0,386,0
Vegetables,31,arg,6938.298199518062,42357093,1.6380487205573956e-4
Vegetables,32,col,8223.442135745492,26048140,3.1570170214631417e-4
Vegetables,NA,NA,50812.36781612189,388800141,1.3069019904527734e-4
Wheat,1,usa,0,1067473184,0
Wheat,2,bdi,0,147988,0
Wheat,2,eri,0,351455,0
Wheat,2,eth,0,70753132,0
Wheat,2,ken,0,5687577,0
Wheat,2,mdg,0,183209,0
Wheat,2,rwa,0,462631,0
Wheat,2,som,0,17008,0
Wheat,2,uga,0,271000,0
Wheat,3,dza,0,39708956,0
Wheat,3,egy,0,127887033,0
Wheat,3,mar,0,67844940,0
Wheat,3,tun,0,23108570,0
Wheat,4,ago,0,76815,0
Wheat,4,bwa,0,7676,0
Wheat,4,lso,0,336941,0
Wheat,4,moz,0,58472,0
Wheat,4,mwi,0,36926,0
Wheat,4,nam,0,168392,0
Wheat,4,swz,0,6074,0
Wheat,4,zmb,0,1982372,0
Wheat,4,zwe,0,2921212,0
Wheat,5,cmr,0,10375,0
Wheat,5,mli,0,210848,0
Wheat,5,mrt,0,27546,0
Wheat,5,ner,0,134780,0
Wheat,5,nga,0,1140600,0
Wheat,5,tcd,0,89428,0
Wheat,6,aus,0,382964409,0
Wheat,6,nzl,0,6081068,0
Wheat,7,bra,0,70771938,0
Wheat,8,can,0,443265700,0
Wheat,9,gtm,0,206034,0
Wheat,9,hnd,0,16994,0
Wheat,10,arm,0,3986946,0
Wheat,10,aze,0,24081887,0
Wheat,10,geo,0,2543247,0
Wheat,10,kaz,0,207993378,0
Wheat,10,kgz,0,17035582,0
Wheat,10,mng,0,3920017,0
Wheat,10,tjk,0,10472519,0
Wheat,10,tkm,0,36935660,0
Wheat,10,uzb,0,89330910,0
Wheat,11,chn,0,1918321208,0
Wheat,12,bgr,0,62392974,0
Wheat,12,cyp,0,224774,0
Wheat,12,cze,0,144687292,0
Wheat,12,est,0,3952157,0
Wheat,12,hun,0,78434320,0
Wheat,12,ltu,0,24749500,0
Wheat,12,lva,0,11720196,0
Wheat,12,mlt,0,189609,0
Wheat,12,pol,0,159512620,0
Wheat,12,rom,0,101278248,0
Wheat,12,svk,0,27741555,0
Wheat,12,svn,0,2707635,0
Wheat,13,aut,0,25856508,0
Wheat,13,bel,0,45026968,0
Wheat,13,deu,0,393724100,0
Wheat,13,dnk,0,86176650,0
Wheat,13,esp,0,102009248,0
Wheat,13,fin,0,11559900,0
Wheat,13,fra,0,654596342,0
Wheat,13,gbr,0,267294000,0
Wheat,13,grc,0,35299621,0
Wheat,13,irl,0,13842100,0
Wheat,13,ita,0,133651298,0
Wheat,13,lux,0,981479,0
Wheat,13,nld,0,20930462,0
Wheat,13,prt,0,3978573,0
Wheat,13,swe,0,38683000,0
Wheat,14,blr,0,22189694,0
Wheat,14,ukr,0,298260200,0
Wheat,15,alb,0,5460050,0
Wheat,15,bih,0,4448697,0
Wheat,15,hrv,0,14950895,0
Wheat,15,mne,0,16721,0
Wheat,15,scg,0,25251690,0
Wheat,15,srb,0,14007975,0
Wheat,15,tur,0,352445000,0
Wheat,16,che,0,9923696,0
Wheat,16,nor,0,5733278,0
Wheat,17,ind,0,1327185900,0
Wheat,19,jpn,0,12932300,0
Wheat,20,mex,0,60420447,0
Wheat,21,are,0,3409,0
Wheat,21,irq,0,31658642,0
Wheat,21,isr,0,2651298,0
Wheat,21,jor,0,492068,0
Wheat,21,kwt,0,9457,0
Wheat,21,lbn,0,1941441,0
Wheat,21,omn,0,24416,0
Wheat,21,qat,0,1103,0
Wheat,21,sau,0,34521756,0
Wheat,21,syr,0,70208176,0
Wheat,21,yem,0,3052486,0
Wheat,22,pak,0,367297400,0
Wheat,23,rus,0,1563656880,0
Wheat,24,zaf,0,36699830,0
Wheat,26,chl,0,27025881,0
Wheat,26,ecu,0,228440,0
Wheat,26,per,0,3272476,0
Wheat,26,pry,0,12854791,0
Wheat,26,ury,0,12739363,0
Wheat,27,afg,0,56736000,0
Wheat,27,bgd,0,22668092,0
Wheat,27,btn,0,167075,0
Wheat,27,npl,0,23833142,0
Wheat,29,mmr,0,2382386,0
Wheat,29,ncl,0,527,0
Wheat,29,tha,0,16272,0
Wheat,31,arg,0,251947125,0
Wheat,32,col,0,680836,0
Wheat,NA,NA,0,250136725,0
NA,5,caf,0,22966,0
NA,5,cmr,0,981610,0
NA,5,cog,0,28301,0
NA,5,gab,0,203244,0
NA,5,gha,0,211484,0
NA,5,gin,0,167248,0
NA,5,lbr,0,1500735,0
NA,5,nga,0,2351191,0
NA,7,bra,0,1800589,0
NA,9,dom,0,1329,0
NA,9,gtm,0,1280708,0
NA,11,chn,0,9921759,0
NA,17,ind,0,12957859,0
NA,18,idn,0,38111364,0
NA,20,mex,0,489890,0
NA,26,ecu,0,178241,0
NA,27,bgd,0,83642,0
NA,27,lka,0,2026458,0
NA,29,brn,0,3808,0
NA,29,khm,0,605341,0
NA,29,mmr,0,1075898,0
NA,29,mys,0,18008613,0
NA,29,phl,0,2112982,0
NA,29,png,0,106809,0
NA,29,tha,0,49884423,0
NA,29,vnm,0,8034511,0
NA,NA,NA,0,59525343781,0
